Num_Acc;an;mois;jour;hrmn;lum;agg;int;atm;col;com;adr;gps;lat;long;dep
201800006798;18;7;14;1725;1;2;1;1.0;1.0;14;265 route de flaine;M;4604504.0;661352.0;740
201800006837;18;8;7;1125;1;1;1;1.0;1.0;253;Barrage du Chambon D1091;M;4503807.0;610460.0;380
201800006970;18;10;9;920;1;1;9;1.0;1.0;85;Route d'Antibes - D35;M;4360031.0;703010.0;60
201800006973;18;11;18;1228;1;2;1;1.0;6.0;85;941 boulevard de la cour;M;4359566.0;699036.0;60
201800006982;18;9;11;800;1;1;2;7.0;3.0;189;rd 307;M;4888667.0;191383.0;780
201800006988;18;8;31;2300;5;2;1;1.0;2.0;122;RD214E4 PR0+530 REEL;M;4474088.0;-67944.0;330
201800006993;18;11;30;1004;1;2;3;3.0;3.0;122;Parking magasin Inter.;M;4477921.0;-68918.0;330
201800007024;18;11;28;2040;5;2;6;1.0;3.0;268;Rond point du Maréchal J;M;4589008.0;611454.0;740
201800007076;18;5;15;1720;1;1;1;1.0;3.0;18;route des colles;M;4361530.0;708322.0;60
201800007093;18;10;19;1815;1;2;6;1.0;2.0;18;rond point la romaine;M;4361779.0;711218.0;60
201800007098;18;12;4;1815;5;2;3;1.0;3.0;18;route des dolines;M;4362646.0;705566.0;60
201800007110;18;9;8;530;5;2;1;1.0;3.0;244;Avenue Marechal foch;M;4575848.0;477457.0;690
201800007116;18;1;12;918;1;1;1;7.0;5.0;82;D 127;M;4366785.0;378652.0;340
201800007132;18;2;18;1900;3;1;2;1.0;3.0;571;RD 307;M;4886050.0;200088.0;780
201800007133;18;3;13;1710;1;2;1;1.0;1.0;43;grille de maintenon;M;4883868.0;208707.0;780
201800007156;18;5;23;1400;1;2;1;1.0;2.0;131;Rue de Rennes;M;4812551.0;-181622.0;350
201800007161;18;9;4;750;1;1;3;1.0;3.0;353;RD 125, croisement rue d;M;4811793.0;-173539.0;350
201800007164;18;12;14;1500;1;1;2;1.0;3.0;240;LA BROSSE;M;4810243.0;-183171.0;350
201800007204;18;8;2;40;3;1;1;1.0;2.0;333;CD 612;M;4348172.0;377288.0;340
201800007240;18;8;1;820;1;1;6;1.0;3.0;69;ROND-POINT ROUTE DEPARTE;M;;;130
201800007281;18;1;8;1932;5;2;3;1.0;2.0;387;JEAN LOUIS DELAPORTE (RU;M;4829569.0;407692.0;100
201800007284;18;1;29;1829;5;2;1;1.0;3.0;387;PREMIER RAM (RUE DU);M;4829162.0;407129.0;100
201800007288;18;1;30;1202;1;2;6;1.0;6.0;387;CHOMEDEY DE MAISONNEUVE;M;4830861.0;406902.0;100
201800007296;18;4;1;647;5;2;1;1.0;7.0;387;LA FONTAINE (RUE);M;4829811.0;407972.0;100
201800007301;18;4;17;1017;1;2;1;1.0;3.0;387;FRANCOIS MITTERAND (ROND;M;4829253.0;407371.0;100
201800007316;18;3;26;1203;1;2;2;1.0;1.0;387;GUSTAVE MASSON (RUE);M;4827344.0;407878.0;100
201800007321;18;5;8;1624;1;2;3;9.0;6.0;325;PASTEUR (RUE);M;4829878.0;407038.0;100
201800007324;18;5;12;358;3;1;1;1.0;2.0;81;ROCADE OUEST (RD 610);M;4832963.0;404302.0;100
201800007327;18;5;17;2015;1;2;2;1.0;3.0;387;LIEUTENANT PIERRE MURARD;M;4830498.0;405323.0;100
201800007330;18;5;25;555;1;2;6;1.0;3.0;387;ROBERT GALLEY (RUE);M;4828957.0;406787.0;100
201800007338;18;6;6;1138;1;2;6;1.0;3.0;357;GENERAL DE GAULLE (RUE D;M;4829600.0;413239.0;100
201800007339;18;6;2;1843;1;2;3;1.0;3.0;387;CONRAD DE BREBAN (RUE);M;4829981.0;410027.0;100
201800007345;18;6;17;3;5;2;2;1.0;3.0;387;GENERAL LECLERC (RUE DU);M;4830825.0;405610.0;100
201800007352;18;6;28;1350;1;2;2;1.0;3.0;387;VOULDY (CHAUSSEE DU);M;4828648.0;409558.0;100
201800007361;18;7;19;1726;1;2;1;1.0;3.0;387;QUATORZE JUILLET (RUE DU;M;4829436.0;407784.0;100
201800007364;18;7;23;1712;1;2;1;1.0;3.0;387;GEORGES POMPIDOU (RUE);M;4829073.0;408765.0;100
201800007369;18;7;30;1733;1;2;3;1.0;3.0;387;PETITE RUE ROBERT;M;4829401.0;408188.0;100
201800007370;18;7;30;1800;1;2;2;1.0;3.0;387;GENERAL CHARLES DELESTRA;M;4829150.0;407110.0;100
201800007372;18;7;31;1316;1;2;1;1.0;3.0;387;BLANQUI (RUE);M;4830334.0;405220.0;100
201800007373;18;8;1;1341;1;2;2;1.0;3.0;357;GENERAL DE GAULLE (RUE D;M;4829961.0;411153.0;100
201800007374;18;8;1;1847;1;2;1;1.0;3.0;343;GAMBETTA (RUE);M;4827394.0;402092.0;100
201800007382;18;8;15;929;1;2;1;1.0;3.0;387;CHOMEDEY DE MAISONNEUVE;M;4830400.0;407270.0;100
201800007390;18;8;25;1559;1;2;9;1.0;2.0;387;ANATOLE FRANCE (RUE);M;4828618.0;407559.0;100
201800007393;18;9;1;1714;1;2;1;1.0;3.0;387;CHOMEDEY DE MAISONNEUVE;M;4830773.0;406576.0;100
201800007394;18;9;1;1837;1;2;6;1.0;3.0;387;GENERAL PATTON (NATIONAL;M;4829484.0;406763.0;100
201800007399;18;9;4;1352;1;2;1;1.0;3.0;387;VOULDY (CHAUSSEE DU);M;4829140.0;408810.0;100
201800007403;18;9;7;1739;1;2;1;1.0;7.0;333;VICTOR HUGO (RUE);M;4828274.0;406475.0;100
201800007408;18;9;11;1412;1;2;1;1.0;6.0;387;PIERRE BROSSOLETTE (RUE);M;4828898.0;407678.0;100
201800007409;18;9;12;1110;1;2;6;1.0;3.0;387;GEORGES POMPIDOU (RUE);M;4828793.0;408084.0;100
201800007416;18;9;17;843;1;2;2;1.0;3.0;387;EDMOND FARIAT (RUE);M;4829000.0;410070.0;100
201800007420;18;9;20;1624;1;2;1;1.0;2.0;387;PIERRE BROSSOLETTE (RUE);M;4829173.0;407474.0;100
201800007431;18;9;27;937;1;2;2;1.0;3.0;387;PIERRE BROSSOLETTE (RUE);M;4828657.0;407746.0;100
201800007435;18;10;2;1659;1;2;1;8.0;7.0;387;QUATORZE JUILLET (RUE DU;M;4829073.0;408765.0;100
201800007437;18;9;25;1329;1;2;6;1.0;3.0;387;DAMPIERRE (QUAI);M;4830061.0;407552.0;100
201800007438;18;9;8;1104;1;2;9;1.0;3.0;81;ARISTIDE BRIAND (RUE);M;4832189.0;406554.0;100
201800007442;18;10;6;1309;1;2;1;1.0;1.0;387;HAUTS TREVOIS (RUE DES);M;4828490.0;408690.0;100
201800007453;18;10;25;1517;1;2;9;1.0;3.0;387;CLAUDE HUEZ (RUE);M;4829787.0;407348.0;100
201800007457;18;11;6;725;1;2;6;1.0;3.0;333;CHARLES DE REFUGE (RUE);M;4829073.0;408765.0;100
201800007459;18;11;9;1740;5;2;2;1.0;3.0;343;SAPINS (AVENUE);M;4827995.0;408741.0;100
201800007464;18;11;14;1210;1;2;3;1.0;3.0;387;RAYMOND POINCARE (RUE);M;4829680.0;407558.0;100
201800007467;18;11;21;859;1;2;2;1.0;3.0;387;PAIX (RUE DE LA);M;4830280.0;406790.0;100
201800007481;18;12;10;1758;5;2;2;2.0;1.0;333;CHAPELLE AU BE (RUE);M;4828656.0;406820.0;100
201800007489;18;12;19;747;2;2;3;8.0;3.0;362;GENERAL LECLERC (RUE DU);M;4829200.0;403910.0;100
201800007494;18;2;12;1635;1;2;9;9.0;6.0;152;RUE DE LA PORTE BASSE;M;4851671.0;765524.0;670
201800007501;18;9;30;850;1;2;9;7.0;3.0;152;12 Rue de la Porte Basse;M;4851681.0;765343.0;670
201800007502;18;9;27;1700;1;2;1;1.0;7.0;49;55 Rue du Maréchal Foch;M;4850794.0;761008.0;670
201800007503;18;11;8;930;1;2;1;1.0;2.0;152;43 rue du marechal lecle;M;4851517.0;764896.0;670
201800007515;18;10;18;745;1;2;6;1.0;3.0;506;Départementale 61;M;4866762.0;774008.0;670
201800007519;18;11;20;2000;5;2;2;1.0;3.0;343;Route de Saverne;M;4860831.0;767615.0;670
201800007621;18;5;24;1435;1;1;1;1.0;2.0;69;ROCADE OUEST;M;4320928.0;231145.0;110
201800007623;18;5;30;1145;1;1;1;8.0;3.0;69;SAINT HILAIRE -ROUTE DE-;M;4319220.0;233630.0;110
201800007635;18;6;23;1520;1;2;1;1.0;7.0;69;JOURDANE GASTON -PLACE-;M;4321056.0;236038.0;110
201800007645;18;7;16;1416;1;2;1;1.0;3.0;69;COLBERT;M;4322600.0;232770.0;110
201800007652;18;8;7;1700;1;2;6;1.0;2.0;69;POMPIDOU GEORGES -ROND P;M;4322660.0;233073.0;110
201800007669;18;9;15;1400;1;1;1;1.0;2.0;69;RD 6113;M;4322918.0;234086.0;110
201800007730;18;1;10;1035;1;2;1;1.0;2.0;262;HUGO (QUAI ET PASSERELLE;M;4318174.0;300749.0;110
201800007740;18;3;14;1823;1;2;1;1.0;3.0;262;TURGOT (RUE);M;4318329.0;300152.0;110
201800007757;18;5;25;1010;1;2;1;1.0;6.0;262;SIGAL (PLACE LOUIS);M;4318507.0;301537.0;110
201800007771;18;7;12;1230;1;2;1;1.0;6.0;262;HUBERT MOULY (AVENUE);M;4317997.0;301918.0;110
201800007787;18;9;14;705;2;2;1;1.0;6.0;262;JAURES (RUE JEAN);M;4318485.0;300940.0;110
201800007791;18;9;18;1710;1;2;2;1.0;6.0;262;THERMES (RUE DES);M;4318846.0;300521.0;110
201800007815;18;12;13;750;2;2;3;1.0;3.0;262;JOFFRE (BOULEVARD MARECH;M;4318493.0;300042.0;110
201800007816;18;12;14;730;2;2;1;1.0;6.0;262;MISTRAL (BOULEVARD FREDE;M;4318510.0;300059.0;110
201800007914;18;12;26;1750;3;1;1;1.0;2.0;305;PIMPEU LIEU-DIT;M;4455870.0;222698.0;120
201800007931;18;6;4;1735;1;1;1;1.0;1.0;146;RD 62;M;4432427.0;258198.0;120
201800007937;18;7;6;1320;1;2;1;1.0;3.0;176;BALQUIERES (BLD DES) -CO;M;4437304.0;257743.0;120
201800007951;18;9;20;1725;1;2;1;1.0;3.0;176;CHATEAU (ROUTE DU);M;4439077.0;253778.0;120
201800008040;18;6;14;845;1;2;6;1.0;3.0;1;INFIRMERIES (AV DES);M;4351429.0;546328.0;130
201800008078;18;10;16;745;1;2;1;2.0;3.0;1;BEAUREGARD (CHEMIN);M;4353544.0;546514.0;130
201800008097;18;11;27;1255;1;2;1;1.0;6.0;1;ST VICTOIRE (AV);M;4353208.0;545446.0;130
201800008155;18;4;6;1800;1;2;4;1.0;3.0;5;RN 8;M;4328629.0;558735.0;130
201800008192;18;10;19;910;1;2;3;1.0;3.0;5;VERDUN (AVENUE DE);M;4328778.0;557893.0;130
201800008207;18;2;11;1035;1;2;1;1.0;3.0;28;22 Av des Calanques;M;4316910.0;560383.0;130
201800008213;18;4;7;1830;1;2;1;1.0;3.0;28;LIONNE (AVENUE DE LA);M;4319753.0;560700.0;130
201800008218;18;5;25;2000;1;1;1;1.0;6.0;28;Av Joseph Roumanille;M;4320292.0;562522.0;130
201800008219;18;6;2;1940;2;2;6;1.0;3.0;28;PEYMIAN (AVENUE DU);M;4319076.0;562202.0;130
201800008234;18;9;4;1155;1;1;1;1.0;3.0;28;PLAINES BARONNES (CHEMIN;M;4319031.0;566152.0;130
201800008237;18;9;29;1000;1;2;1;1.0;5.0;28;FONTSAINTE (IMPASSE de);M;4319031.0;563746.0;130
201800008265;18;9;23;930;1;1;1;1.0;6.0;47;TOUR DE L'ETANG CHEMIN D;M;4352781.0;499913.0;130
201800008379;18;1;21;1430;1;2;3;1.0;3.0;55;34, FRANOISE DUPARC (BO;M;4330193.0;540062.0;130
201800008500;18;2;10;1005;1;2;1;1.0;6.0;55;19 Rue de la République;M;4329785.0;537282.0;130
201800008588;18;2;23;2140;5;2;1;1.0;6.0;55;02, FRANCIS CHIRAT (PLAC;M;4330119.0;536731.0;130
201800008602;18;2;27;825;1;2;3;1.0;3.0;2;Av G de Gaulle;M;4333975.0;548227.0;130
201800008603;18;2;27;1130;1;2;3;1.0;3.0;55;Montée de Saint-Menet;M;4329320.0;549517.0;130
201800008613;18;2;28;810;1;2;1;1.0;6.0;55;274 Bd Mireille Lauze;M;4328470.0;542120.0;130
201800008616;18;2;28;1715;1;2;3;1.0;3.0;55;105 Rue de Rome;M;4329118.0;538077.0;130
201800008666;18;3;14;1215;1;2;1;1.0;3.0;55;25, SABLIER (BOULEVARD D;M;4325265.0;538215.0;130
201800008739;18;3;26;2220;5;2;1;1.0;1.0;55;107, LODI (RUE DE);M;4328753.0;538888.0;130
201800008762;18;3;30;1100;1;2;6;1.0;3.0;75;4C, GENERAL DE GAULLE (M;M;4334536.0;546489.0;130
201800008779;18;4;2;1510;1;2;1;1.0;2.0;55;PRADO (AVENUE DU);M;4327836.0;538800.0;130
201800008790;18;4;4;1230;1;2;2;1.0;3.0;55;JEAN MERMOZ (RUE);M;4327175.0;538683.0;130
201800008793;18;4;4;1400;1;2;6;1.0;3.0;55;MARCEAU (PLACE);M;4330488.0;537323.0;130
201800008805;18;4;5;1845;1;2;1;1.0;3.0;55;avenue Colgate;M;4323249.0;540382.0;130
201800008808;18;4;5;1930;1;2;1;1.0;6.0;55;SAINTE MARGUERITE (BOULE;M;4326450.0;540957.0;130
201800008887;18;4;21;1705;1;2;1;1.0;1.0;55;14 Bd de la Station;M;4333279.0;538451.0;130
201800008900;18;4;24;910;1;2;9;1.0;2.0;55;ROMAIN ROLLAND (BOULEVAR;M;4327952.0;542355.0;130
201800008903;18;4;24;1155;1;2;1;1.0;7.0;55;207 Route Léon Lachamp;M;4324955.0;544899.0;130
201800008907;18;4;25;1245;1;2;1;1.0;6.0;55;Place Général de Gaulle;M;4329510.0;537606.0;130
201800008945;18;5;2;1045;1;2;1;1.0;5.0;55;ROMAIN ROLLAND (BOULEVAR;M;4327095.0;540846.0;130
201800008982;18;5;11;940;1;2;3;1.0;3.0;75;ANDRE MALRAUX (BD);M;4334607.0;546026.0;130
201800009093;18;6;1;915;1;2;1;1.0;2.0;55;GOUDES (CHEMIN DES);M;4322876.0;535286.0;130
201800009096;18;6;1;1700;1;2;1;1.0;2.0;55;RIVE NEUVE (QUAI);M;4329356.0;537184.0;130
201800009138;18;6;8;1050;1;2;4;1.0;3.0;55;PRADO (AVENUE DU);M;4326197.0;537500.0;130
201800009163;18;6;12;910;1;2;2;1.0;3.0;55;rue Palestro;M;4330514.0;538059.0;130
201800009204;18;6;19;1300;1;2;1;1.0;3.0;55;CASTELLANE (PLACE);M;4328590.0;538351.0;130
201800009319;18;7;7;1315;1;2;1;1.0;3.0;55;SAINT LOUP (BOULEVARD de;M;4328274.0;543212.0;130
201800009330;18;7;8;2026;1;2;1;1.0;2.0;55;Corniche John Fitzgrald;M;4326818.0;537131.0;130
201800009351;18;7;12;1615;1;2;1;1.0;1.0;75;GRAVE (CHEMIN DE LA);M;4335459.0;545587.0;130
201800009355;18;7;12;2350;5;2;3;1.0;3.0;55;PARIS (BOULEVARD DE);M;4330886.0;537078.0;130
201800009396;18;7;18;2253;5;2;2;1.0;3.0;55;SAINTE CECILE (rue);M;4328671.0;539036.0;130
201800009480;18;8;4;1000;1;2;2;1.0;3.0;55;ARMENY (RUE D');M;4329118.0;538076.0;130
201800009559;18;8;20;1830;1;1;1;1.0;3.0;55;COL DE LA GINESTE D559;M;4323775.0;549379.0;130
201800009581;18;8;25;20;3;2;1;1.0;7.0;55;REPUBLIQUE (RUE DE LA);M;4329779.0;537291.0;130
201800009599;18;8;28;830;1;2;1;1.0;7.0;55;POMPIDOU (PROMENADE);M;4326484.0;537337.0;130
201800009695;18;9;11;1900;1;2;1;1.0;3.0;55;POMPIDOU (PROMENADE);M;4326757.0;537188.0;130
201800009743;18;9;20;1045;1;2;6;1.0;3.0;2;MOUREN PLACE;M;4335595.0;548675.0;130
201800009767;18;9;22;1910;2;2;1;1.0;2.0;55;MADRAGUE VILLE (chemin d;M;4334740.0;535556.0;130
201800009785;18;9;25;750;1;2;4;1.0;3.0;55;POMME (BOULEVARD DE LA );M;4329353.0;545240.0;130
201800009793;18;9;25;1800;1;2;9;1.0;3.0;55;CAMILLE PELLETAN (AVENUE;M;4330874.0;537420.0;130
201800009800;18;9;26;930;1;2;6;1.0;3.0;2;JEAN GIONO (AVENUE);M;4332791.0;549036.0;130
201800009862;18;10;6;1000;1;2;6;1.0;3.0;55;MAZARGUES (ROND-POINT);M;4325074.0;540379.0;130
201800009948;18;10;19;1545;1;2;1;1.0;3.0;55;BOSQUET (RUE);M;4330046.0;539960.0;130
201800009957;18;10;21;1730;5;2;9;1.0;1.0;55;HENRI BARNIER (BOULEVARD;M;4335901.0;534328.0;130
201800009989;18;10;27;1150;1;2;1;2.0;3.0;75;L'ENJOLRAS (AVE DE);M;4333800.0;545300.0;130
201800009997;18;10;28;1250;1;2;1;1.0;2.0;55;ROY D'ESPAGNE (CHEMIN);M;4323646.0;539904.0;130
201800010065;18;11;15;1420;1;2;1;1.0;3.0;55;PRADO (AVENUE DU);M;4327227.0;539078.0;130
201800010079;18;11;17;1213;1;2;6;1.0;6.0;55;WILLIAM BOOTH (AVENUE);M;4329540.0;544523.0;130
201800010111;18;11;24;1330;1;2;1;1.0;3.0;55;DOCTEUR BERTRAND (RUE);M;4324605.0;538062.0;130
201800010134;18;12;1;1820;5;2;1;1.0;6.0;55;Corniche John Fitzgrald;M;4327509.0;536005.0;130
201800010182;18;12;12;1330;1;2;3;1.0;2.0;55;pointe rouge (ave);M;4324796.0;537489.0;130
201800010189;18;12;13;1415;1;2;9;2.0;3.0;55;GUIBAL (RUE);M;4330601.0;538453.0;130
201800010198;18;12;15;100;5;2;9;1.0;3.0;55;CHEMIN DU MERLAN A LA RO;M;4333070.0;540963.0;130
201800010259;18;12;30;1845;3;2;3;1.0;3.0;55;ANDRE BARDON (rue);M;4328483.0;542541.0;130
201800010300;18;8;12;810;1;1;1;1.0;2.0;56;ROUTE DE SAINT PIERRE;M;4338940.0;506160.0;130
201800010314;18;10;9;1559;1;1;1;1.0;2.0;56;CD 49;M;4333588.0;504925.0;130
201800010341;18;12;10;1645;1;1;1;1.0;6.0;103;RTE DE MARSEILLE-RD 538;M;4362330.0;510019.0;130
201800010354;18;7;30;1100;1;2;2;1.0;3.0;108;GUYNEMER GEORGE (AVENUE);M;4381080.0;466130.0;130
201800010355;18;8;29;1330;1;1;1;1.0;2.0;108;CD 35 ROUTE DE BOULBON;M;4384500.0;467750.0;130
201800010383;18;5;6;2050;2;2;1;2.0;3.0;117;PADOVANI ( AVE );M;4343390.0;526156.0;130
201800010395;18;6;30;1510;1;2;1;1.0;3.0;71;FERME (CH de la);M;4340909.0;531238.0;130
201800010423;18;10;23;925;1;2;1;1.0;2.0;117;ROGNAC ( ROUTE DE );M;4347172.0;523171.0;130
201800010483;18;7;29;1200;1;2;1;1.0;2.0;394;AV MARCEL PERRIN;M;4906970.0;217890.0;950
201800010509;18;1;19;1400;1;2;2;2.0;3.0;321;6 Rue des mines;M;4782710.0;725227.0;680
201800010529;18;2;8;1016;1;2;3;1.0;6.0;118;1, ETAVAUX (RUE D');M;4915960.0;-36150.0;140
201800010530;18;3;23;1405;1;2;2;1.0;3.0;118;JUIN (BOULEVARD MARECHAL;M;4921040.0;-36737.0;140
201800010539;18;6;25;1100;1;2;2;7.0;3.0;118;CARNOT (RUE SADI);M;4917929.0;36266.0;140
201800010543;18;7;2;1737;1;2;1;1.0;1.0;118;JUIN (BOULEVARD MARECHAL;M;4919723.0;-39690.0;140
201800010552;18;8;5;618;2;2;1;1.0;2.0;118;DELIVRANDE (RUE DE LA);M;4919483.0;-35986.0;140
201800010554;18;8;9;1545;1;2;1;1.0;2.0;118;BARTHOU (BOULEVARD LOUIS;M;4917358.0;-33276.0;140
201800010555;18;8;9;1950;1;2;2;1.0;1.0;118;ANCIENNE BOUCHERIE (PLAC;M;4918220.0;-37492.0;140
201800010562;18;9;6;2150;2;2;2;1.0;3.0;118;CHERON (AVENUE HENRI);M;4917394.0;-39064.0;140
201800010563;18;9;8;1530;1;2;6;1.0;1.0;118;DEBARQUEMENT (ROND POINT;M;4920274.0;-39183.0;140
201800010568;18;10;1;1625;1;2;6;1.0;3.0;341;FALAISE (ROUTE DE);M;4914578.0;33981.0;140
201800010575;18;10;20;1808;1;2;2;1.0;3.0;118;JUIN (BOULEVARD MARECHAL;M;4920929.0;37103.0;140
201800010577;18;11;7;1220;1;2;6;1.0;3.0;118;DEBARQUEMENT (ROND POINT;M;4912090.0;23295.0;140
201800010583;18;11;30;1705;2;2;1;8.0;1.0;118;POMPIDOU (BOULEVARD GEOR;M;4917857.0;39405.0;140
201800010588;18;12;13;745;5;2;1;1.0;3.0;118;GUILLOU (BOULEVARD YVES);M;4917219.0;-38866.0;140
201800010602;18;4;12;1430;1;2;6;1.0;3.0;465;Rue d'Alsace;M;4824597.0;642533.0;880
201800010605;18;8;6;900;1;2;3;7.0;7.0;94;Rue aristide briand;M;4831391.0;639226.0;880
201800010616;18;6;27;1345;1;2;1;1.0;3.0;267;8 rue du paquis;M;4814437.0;615050.0;880
201800010619;18;8;18;1200;1;1;3;1.0;2.0;310;Carrefour D460 D2;M;4802967.0;596130.0;880
201800010624;18;5;28;1045;1;2;1;1.0;7.0;292;12, Rue du centre;M;4827996.0;613340.0;880
201800010629;18;7;20;1635;1;2;2;1.0;3.0;114;rue ernest daudet;M;4818834.0;588734.0;880
201800010637;18;6;20;1930;1;2;1;1.0;7.0;158;6 le Taquemont - cité Va;M;4809178.0;660339.0;880
201800010647;18;6;9;1300;1;2;3;1.0;3.0;369;rue de l'état;M;4788999.0;673912.0;880
201800010662;18;4;7;1645;1;2;1;1.0;6.0;346;rue de la déportation;M;4840457.0;698864.0;880
201800010667;18;7;10;1530;1;2;1;1.0;6.0;372;23 avenue du 21eme BCP;M;4840658.0;685276.0;880
201800010673;18;7;23;1715;1;2;1;1.0;6.0;408;5 R de calan;M;4985106.0;468906.0;80
201800010689;18;4;11;1605;1;2;2;1.0;3.0;302;RUE VOLTAIRE;M;4988386.0;474560.0;80
201800010696;18;5;22;1730;1;2;6;7.0;3.0;190;rond point , route de be;M;5013433.0;483989.0;80
201800010698;18;7;6;1600;1;2;1;1.0;1.0;487;RUE DU RIDOUX;M;5006822.0;472956.0;80
201800010707;18;1;11;1550;1;2;5;2.0;3.0;173;rue Paul Valant Couturie;M;4969881.0;477362.0;80
201800010722;18;4;20;1750;1;2;1;1.0;3.0;25;rue Jean Noizet;M;4947967.0;457882.0;80
201800010742;18;7;17;1715;1;2;1;1.0;6.0;253;route d'andelot;M;4818382.0;498018.0;520
201800010747;18;12;14;1520;1;1;1;1.0;7.0;58;RD 44 - PK 11+300;M;4820499.0;516095.0;520
201800010754;18;11;2;1430;1;1;1;1.0;2.0;60;corrigé xy et sens;M;4795554.0;572224.0;520
201800010769;18;5;7;2230;5;1;1;1.0;2.0;333;JEAN DE VIENNE (COURS);M;4941578.0;24563.0;140
201800010774;18;7;24;1230;1;2;9;7.0;3.0;333;CARNOT (ROND POINT);M;4941759.0;24017.0;140
201800010778;18;9;6;1905;1;2;6;1.0;2.0;536;CD 580;M;4941161.0;25257.0;140
201800010782;18;6;24;1741;1;1;1;1.0;1.0;529;D 128;M;4773068.0;532338.0;520
201800010783;18;7;21;845;1;1;1;1.0;2.0;405;D300;M;4767018.0;531292.0;520
201800010786;18;3;14;1200;1;1;1;;7.0;189;BAAC fait par  SC;M;;;520
201800010787;18;3;8;1200;1;1;1;;7.0;529;BAAC fait par SC;M;;;520
201800010810;18;5;23;1515;1;1;1;1.0;2.0;86;Lieu- dit L'ESTEVENES D;M;4468772.0;387514.0;480
201800010815;18;8;11;1600;1;2;4;1.0;7.0;82;le hameau GOURGON;M;4460140.0;366690.0;480
201800010836;18;7;8;1230;1;2;1;1.0;2.0;88;Malene le village;M;4430203.0;331369.0;480
201800010845;18;3;19;1420;1;2;1;1.0;3.0;56;route du Fiou;M;4448347.0;336117.0;480
201800010874;18;9;23;1025;1;1;1;1.0;7.0;102;D22;M;4393307.0;429080.0;300
201800010907;18;3;27;1650;1;2;1;1.0;6.0;259;2821, route de Nimes;M;4408295.0;411249.0;300
201800010988;18;5;18;950;1;2;6;1.0;3.0;133;D62B - giratoire avenue;M;4353936.0;414351.0;300
201800010997;18;10;17;910;1;1;1;2.0;2.0;133;route département D62 B;M;4353689.0;414529.0;300
201800011003;18;5;11;1055;1;2;2;1.0;3.0;50;avenue de la république;M;4734690.0;70716.0;370
201800011005;18;5;23;1615;1;2;3;1.0;3.0;50;rue des Buissons;M;4734240.0;70866.0;370
201800011008;18;6;10;2115;2;2;2;1.0;3.0;50;23 Avenue de la Républiq;M;4731482.0;71140.0;370
201800011015;18;10;14;1140;1;2;1;1.0;3.0;243;Rue de la Bijonnerie;M;4734756.0;54797.0;370
201800011033;18;7;23;745;1;1;1;1.0;3.0;54;D 29;M;4747534.0;69546.0;370
201800011051;18;4;15;950;1;2;3;1.0;1.0;139;Lieu dit les Doguins;M;4740213.0;55733.0;370
201800011061;18;10;25;850;1;1;2;1.0;1.0;109;rue de tréché;M;4741249.0;58153.0;370
201800011080;18;5;7;825;1;2;2;1.0;3.0;366;CARNOT (BOULEVARD);M;4914833.0;22830.0;140
201800011084;18;7;24;1800;1;2;1;1.0;7.0;487;PIQUENOTS (CHEMIN);M;4917708.0;20210.0;140
201800011085;18;7;31;920;1;2;1;1.0;7.0;366;FOURNET (RUE);M;4913795.0;22733.0;140
201800011116;18;5;4;1030;1;2;9;1.0;3.0;119;rue de la fougetterie;M;4712323.0;42840.0;370
201800011130;18;8;1;1815;1;1;1;1.0;7.0;222;D92;M;4708979.0;104336.0;370
201800011134;18;10;16;1800;1;1;1;1.0;3.0;111;Départementale 764;M;4716437.0;106756.0;370
201800011135;18;12;10;900;1;1;1;1.0;4.0;173;RD 760;M;4713369.0;131983.0;370
201800011163;18;4;16;710;1;1;6;1.0;3.0;250;rond-point intersection;M;4725555.0;67907.0;370
201800011164;18;4;16;1635;1;2;1;1.0;7.0;154;18 rue Renault;M;4728584.0;70687.0;370
201800011173;18;10;10;1720;1;2;3;1.0;3.0;211;Avenue de la Foire;M;4722791.0;76906.0;370
201800011178;18;7;17;2100;1;1;1;1.0;7.0;153;CHATEIX;M;4582160.0;166654.0;870
201800011181;18;9;4;1650;1;2;9;1.0;3.0;51;BOURG;M;4562920.0;158366.0;870
201800011238;18;7;22;1744;1;2;9;1.0;6.0;187;AVENUE DE LA LOUE;M;4551600.0;119793.0;870
201800011240;18;8;1;1030;1;1;1;1.0;7.0;96;CHATEAU GAILLARD;M;4559840.0;115417.0;870
201800011248;18;7;26;1825;1;1;1;1.0;1.0;237;"lieu dit ""le treix""";M;4589653.0;169551.0;230
201800011271;18;2;2;1615;1;1;1;1.0;2.0;41;D116;M;4622547.0;-81046.0;170
201800011300;18;6;19;1150;1;2;3;1.0;5.0;75;RD 124;M;4592074.0;-83496.0;170
201800011315;18;10;13;1705;1;1;3;1.0;3.0;409;chemin de la messe;M;4566209.0;-101906.0;170
201800011317;18;11;28;1405;1;2;3;1.0;1.0;452;30 B RUE MARCEL GAILLARD;M;4577810.0;-114431.0;170
201800011323;18;6;30;930;1;2;1;1.0;6.0;411;46 avenue des Bouillats;M;4585162.0;-121910.0;170