Num_Acc;an;mois;jour;hrmn;lum;agg;int;atm;col;com;adr;gps;lat;long;dep
201800011327;18;8;31;2000;1;1;1;1.0;6.0;337;zone de loisirs les prés;M;4597499.0;-133714.0;170
201800011328;18;9;1;1715;1;1;1;1.0;3.0;140;Route de Boyardville;M;4591276.0;-125623.0;170
201800011344;18;3;27;1500;1;1;2;3.0;3.0;397;route des NOUILLERS RD11;M;4589065.0;-66633.0;170
201800011354;18;8;27;1230;1;1;3;1.0;2.0;450;le treuil;M;4595952.0;-61751.0;170
201800011374;18;7;27;1200;1;1;1;1.0;7.0;313;rue des sablons;M;4576310.0;-49251.0;170
201800011395;18;10;15;1830;1;1;1;7.0;2.0;52;route départementale 26.;M;4856536.0;152385.0;280
201800011397;18;11;6;1730;5;2;1;1.0;1.0;140;ruelle des fontaines;M;4860930.0;167494.0;280
201800011400;18;12;27;1120;1;2;4;8.0;3.0;140;09 Rue du Malconseil;M;4860870.0;167902.0;280
201800011414;18;12;12;1545;1;1;1;7.0;2.0;406;d 132 - lieu-di St Léona;M;4818022.0;172608.0;280
201800011435;18;5;27;1725;1;1;1;7.0;3.0;239;D 854;M;4867084.0;137820.0;280
201800011458;18;7;29;840;1;1;1;1.0;4.0;240;D25;M;4849163.0;101920.0;280
201800011467;18;11;2;957;1;2;9;1.0;1.0;350;rue du moulin - D76;M;4881830.0;126837.0;270
201800011492;18;6;18;1725;1;1;3;1.0;1.0;462;Route Départementale 145;M;4909000.0;42830.0;270
201800011495;18;9;28;1800;1;1;1;1.0;2.0;463;rue du gruchet;M;4913486.0;63081.0;270
201800011497;18;10;6;1000;1;1;6;7.0;3.0;629;rond point D613;M;4914462.0;44965.0;270
201800011500;18;12;26;1500;1;1;1;1.0;3.0;207;18 route d'orbec;M;4910208.0;43461.0;270
201800011501;18;12;31;1005;1;1;1;2.0;2.0;547;RD145;M;4905243.0;40819.0;270
201800011553;18;9;19;830;1;2;6;1.0;3.0;467;D675;M;4935014.0;52062.0;270
201800011565;18;10;31;745;1;1;1;1.0;3.0;661;rue caillemare;M;4935734.0;87400.0;270
201800011574;18;6;28;1750;1;1;2;1.0;3.0;435;D810;M;4928253.0;52371.0;270
201800011607;18;7;4;1015;1;1;1;1.0;6.0;246;La Grande Goupillère;M;4674719.0;-120136.0;850
201800011612;18;10;5;1120;1;1;2;7.0;3.0;202;Le Bois Buzin;M;4672727.0;-108873.0;850
201800011641;18;1;13;745;2;2;9;1.0;3.0;1;30 rue Pasteur;M;4633399.0;-130435.0;850
201800011648;18;7;28;2045;1;2;1;1.0;2.0;49;Route de Triaize;M;4638353.0;-114507.0;850
201800011664;18;9;2;1013;1;1;2;1.0;2.0;132;La Croix de Maillé;M;4633989.0;-77161.0;850
201800011666;18;8;30;1650;1;2;7;1.0;3.0;92;Rue de l'Ouillette;M;4646390.0;-79226.0;850
201800011669;18;3;25;1230;1;1;1;1.0;7.0;264;La Jaroussière;M;4667701.0;-68935.0;850
201800011717;18;6;20;930;1;1;1;1.0;4.0;29;Le Mont Saint Léon;M;4699644.0;-199757.0;850
201800011723;18;9;29;48;5;2;9;1.0;1.0;29;Rue du Pays de Monts;M;4697096.0;-200002.0;850
201800011730;18;6;23;1115;1;1;1;1.0;6.0;40;;M;4418940.0;614144.0;40
201800011761;18;9;8;1005;1;1;6;7.0;2.0;108;;M;4404320.0;602988.0;40
201800011768;18;12;8;1030;1;1;1;9.0;5.0;13;;M;4411380.0;595050.0;40
201800011796;18;6;12;1010;1;1;1;1.0;6.0;124;;M;4373590.0;607972.0;40
201800011797;18;6;30;930;1;1;1;1.0;3.0;144;;M;4377270.0;632513.0;40
201800011818;18;7;31;835;1;2;1;1.0;3.0;45;BD VICTOR HUGO;M;4385650.0;559219.0;40
201800011827;18;5;23;1300;1;1;1;2.0;7.0;65;;M;4411820.0;582193.0;40
201800011836;18;7;5;953;1;1;1;1.0;4.0;139;;M;4416950.0;582238.0;40
201800011851;18;9;24;1345;1;1;1;1.0;3.0;26;ROUTE DU CAMP MERCEDES;M;4517329.0;81516.0;240
201800011889;18;9;11;1025;1;1;2;1.0;3.0;451;Route de Nontron;M;4551530.0;64667.0;240
201800011924;18;7;9;915;1;2;2;1.0;3.0;412;Le bourg;M;4499392.0;125337.0;240
201800011962;18;8;21;1200;1;2;3;1.0;3.0;274;route de mont de marsan;M;4392839.0;-63963.0;400
201800011993;18;9;14;1145;1;1;1;1.0;3.0;284;route de marron;M;4365581.0;-130106.0;400
201800012007;18;4;29;900;1;1;3;1.0;3.0;46;D652, route de Bordeaux,;M;4445197.0;-110750.0;400
201800012018;18;10;5;1600;1;1;1;1.0;3.0;333;RD 38 -;M;4399223.0;-70297.0;400
201800012037;18;8;26;2010;2;2;3;1.0;3.0;228;Avenue de la course land;M;4362823.0;-82802.0;400
201800012061;18;7;28;915;1;1;1;1.0;7.0;128;C4;M;4726295.0;450957.0;210
201800012072;18;10;13;1040;1;1;2;1.0;3.0;366;Départementale 34;M;4711416.0;518799.0;210
201800012132;18;12;27;1600;1;1;1;1.0;7.0;271;R.D. 905;M;4752635.0;446959.0;210
201800012137;18;11;2;1855;5;1;6;1.0;3.0;141;Route départementale 57;M;4806543.0;-62470.0;530
201800012138;18;12;29;1130;1;1;1;1.0;6.0;264;la débaudière;M;4800631.0;-33041.0;530
201800012140;18;1;11;1210;1;2;6;1.0;3.0;97;Rond point route de Vout;M;4815057.0;-38370.0;530
201800012145;18;7;16;700;1;1;1;7.0;2.0;207;RD 20 PK 44+250 décroiss;M;4813026.0;-43878.0;530
201800012149;18;4;5;1515;1;1;1;1.0;2.0;15;D123 PK15+500;M;4816934.0;-94440.0;530
201800012152;18;5;29;1850;1;2;2;1.0;3.0;137;rue du DR RAME;M;4806280.0;-93457.0;530
201800012161;18;6;8;900;1;1;1;1.0;2.0;78;Route départementale 22;M;4778629.0;-64231.0;530
201800012174;18;7;22;830;1;2;6;7.0;3.0;188;carrefour D771 et D110;M;4779481.0;-106092.0;530
201800012188;18;7;6;1145;1;2;6;7.0;3.0;147;rue de la peyennière;M;4828577.0;-62305.0;530
201800012192;18;8;21;1835;1;1;6;1.0;7.0;146;Rd 12;M;4819623.0;-66653.0;530
201800012199;18;2;22;1355;1;2;6;1.0;3.0;107;Rue du Douanier ROUSSEAU;M;4841103.0;-80581.0;530
201800012201;18;7;7;1155;1;2;1;1.0;6.0;96;Boulevard de l'Ernée;M;4829847.0;-93804.0;530
201800012217;18;10;25;1615;1;1;9;1.0;6.0;112;Lieu dit La boucassière;M;4837052.0;-35132.0;530
201800012232;18;1;18;1315;1;1;3;1.0;3.0;288;bas lignol;M;4471779.0;456759.0;70
201800012242;18;6;17;1135;1;2;1;1.0;6.0;349;24 rue de la blache;M;4480941.0;478303.0;70
201800012252;18;11;10;1225;1;2;1;1.0;2.0;349;34 avenue léon blum;M;4480706.0;478403.0;70
201800012264;18;12;3;1000;1;2;6;2.0;1.0;300;lieu dit les crottes;M;4450298.0;462947.0;70
201800012275;18;12;26;1625;1;1;6;7.0;2.0;199;rond point de chapias;M;4449276.0;426156.0;70
201800012325;18;7;13;1020;1;1;1;1.0;1.0;197;D578A;M;4521159.0;465987.0;70
201800012329;18;7;27;1035;1;1;1;1.0;6.0;344;départementale 342;M;4532291.0;469603.0;70
201800012356;18;6;23;1150;1;1;1;1.0;7.0;114;Départementale 228;M;4503169.0;449434.0;70
201800012379;18;7;1;1015;1;1;2;1.0;3.0;263;lieu dit la croix chamai;M;4553056.0;4067.0;160
201800012396;18;2;21;1555;1;1;6;1.0;2.0;379;le lac des Chameaux;M;4578861.0;41803.0;160
201800012455;18;10;19;150;3;1;1;1.0;7.0;268;LD Grand Moulin;M;4596990.0;27648.0;160
201800012483;18;3;25;1640;1;2;1;1.0;3.0;18;RUE AMIRAL BARJOT;M;4662717.0;108672.0;360
201800012491;18;8;5;800;1;1;1;1.0;3.0;231;LIEU DIT MORTAIGUES;M;4673706.0;166794.0;360
201800012492;18;8;18;1030;1;1;1;7.0;7.0;49;LIEU DIT CHAMBORD;M;4651113.0;142478.0;360
201800012494;18;9;2;900;1;1;1;1.0;1.0;62;;M;4648080.0;161402.0;360
201800012498;18;7;10;947;1;1;1;1.0;3.0;140;N77;M;4809496.0;386129.0;100
201800012560;18;4;19;930;1;2;2;7.0;3.0;323;rue pierre brossolette;M;4850955.0;372435.0;100
201800012564;18;7;8;1910;1;1;1;1.0;3.0;323;D440;M;4851057.0;372573.0;100
201800012603;18;8;1;1245;1;1;1;1.0;3.0;181;LE COUDERT;M;4509000.0;402125.0;430
201800012613;18;5;18;945;1;1;3;1.0;3.0;112;RUE DE LA MARGERIDE;M;4509020.0;349444.0;430
201800012618;18;10;22;1009;1;2;2;1.0;3.0;112;RUE AMPERE - RUE CHARCOT;;;;430
201800012644;18;7;26;845;1;1;1;1.0;1.0;12;LES SAIGNES;;;;430
201800012646;18;9;28;1115;1;2;1;7.0;3.0;12;ROUTE DE SAINT PAUL;;;;430
201800012650;18;3;16;1200;1;1;1;1.0;6.0;184;665 RUE DE FIRMINY;;;;430
201800012663;18;6;7;1700;1;2;1;2.0;6.0;244;RUE SAINT ETIENNE;M;4511740.0;428810.0;430
201800012676;18;9;8;1550;1;1;1;1.0;2.0;139;RD 920 - PR 37 + 500;M;4706941.0;297338.0;180
201800012699;18;11;16;900;1;1;1;1.0;2.0;109;RD 22 PK 26+500;M;4729861.0;253698.0;180
201800012703;18;2;5;1215;1;2;3;1.0;3.0;197;RUE DUMAS;M;4672543.0;251201.0;180
201800012704;18;4;15;1200;1;2;6;7.0;4.0;197;Rond point de l'abattoir;M;4672714.0;250028.0;180
201800012705;18;5;3;800;1;1;1;2.0;3.0;169;RD 925;M;4672489.0;244771.0;180
201800012706;18;6;4;850;1;2;1;1.0;7.0;197;24 Rue grenouillère;M;4672036.0;251215.0;180
201800012724;18;5;7;1130;1;2;3;1.0;3.0;58;rue de la chaussée;M;4685735.0;231789.0;180
201800012732;18;10;9;1145;1;2;1;1.0;2.0;126;Rue de la Bardonnerie;M;4692565.0;240695.0;180
201800012748;18;6;21;1015;1;1;1;1.0;7.0;159;RD 29 E;M;4737258.0;221934.0;180
201800012750;18;7;12;1908;1;1;1;1.0;6.0;11;D8;M;4755931.0;246404.0;180
201800012759;18;6;13;2115;1;2;2;1.0;3.0;141;avenue Raoul Aladenize;M;4714446.0;222398.0;180
201800012762;18;10;12;1650;1;1;6;1.0;3.0;186;RD23;M;4707793.0;218080.0;180
201800012772;18;6;5;900;1;2;6;1.0;2.0;103;D17A;M;4565826.0;592762.0;730
201800012773;18;6;10;1415;1;1;1;1.0;2.0;10;RD 991;M;4577178.0;586803.0;730
201800012775;18;8;2;905;1;1;1;7.0;3.0;62;RD 54 PR 12.570;M;4581573.0;586542.0;730
201800012776;18;8;4;855;1;1;5;1.0;3.0;128;rue de sarraz;M;4572653.0;593051.0;730
201800012780;18;9;24;1650;1;1;1;1.0;2.0;300;339 boulevard jean Charc;M;4565974.0;589477.0;730
201800012786;18;4;3;1500;1;1;2;1.0;3.0;183;414 routes des vignes;M;4550982.0;598582.0;730
201800012792;18;11;29;1415;1;1;2;1.0;3.0;240;Départementale 923;M;4548058.0;604093.0;730
201800012799;18;5;24;1155;1;2;1;1.0;2.0;130;536 RD925;M;4565422.0;638194.0;730
201800012802;18;6;1;825;1;2;3;1.0;1.0;32;rue Jean Moulin;M;4562548.0;645072.0;730
201800012807;18;8;12;930;1;1;3;1.0;3.0;292;D63 / D129;M;4571194.0;640604.0;730
201800012809;18;8;30;1200;1;1;1;1.0;3.0;124;chemin de la digue;M;4564794.0;634252.0;730
201800012823;18;6;21;1140;1;1;1;1.0;1.0;231;RD 927;M;4533127.0;628514.0;730
201800012832;18;3;15;1415;1;1;1;1.0;1.0;511;RD289;M;4336810.0;-40857.0;640
201800012838;18;9;3;900;1;2;1;1.0;6.0;60;RD 501;M;4331770.0;-45470.0;640
201800012864;18;3;14;1645;1;1;1;1.0;3.0;148;14 ROUTE DE CAPBIS;M;4311680.0;-30190.0;640
201800012866;18;6;2;1450;1;2;6;1.0;3.0;526;ROND-POINT DE LA POSTE,;M;4326880.0;-19703.0;640
201800012869;18;9;19;1516;1;2;6;1.0;2.0;386;ROUTE DE LOURDES;M;4318320.0;-24560.0;640
201800012876;18;6;17;925;1;1;2;1.0;3.0;457;RD 946;M;4354550.0;-38976.0;640
201800012888;18;7;22;845;1;1;1;1.0;1.0;256;RD 22;M;4337900.0;-134677.0;640
201800012902;18;11;15;1225;1;1;1;1.0;5.0;65;ROUTE D?PARTEMENTALE 918;M;4335990.0;-163446.0;640
201800012928;18;8;4;1205;1;1;1;1.0;1.0;316;RD 26;M;4301310.0;-96343.0;640
201800012929;18;9;15;930;1;2;6;1.0;3.0;371;RD 11;M;4323120.0;-87895.0;640
201800012940;18;8;15;830;1;1;1;1.0;3.0;484;RD 933;M;4317290.0;-118474.0;640
201800012952;18;5;25;1645;1;1;1;1.0;7.0;29;CHEMIN SANS PAREIL;M;4312930.0;-71941.0;640
201800012957;18;8;19;1210;1;1;1;1.0;3.0;204;RD918, PK 157.500 SENS E;M;4296850.0;-36966.0;640
201800012975;18;4;22;1845;1;2;1;1.0;6.0;167;1310 rue des caillots;M;4789166.0;172473.0;450
201800012982;18;2;2;1920;3;1;1;1.0;2.0;182;ROUTE D'ORLEANS-D15;M;4768904.0;178473.0;450
201800012986;18;5;22;1645;1;2;6;2.0;7.0;175;Rond point D7 - D15;M;4774945.0;181238.0;450
201800012991;18;7;24;1020;1;1;1;1.0;2.0;146;D61;M;4771935.0;189843.0;450
201800012994;18;10;9;1540;1;1;1;1.0;6.0;182;Départementale D15;M;4768864.0;178458.0;450
201800013007;18;9;30;1500;1;1;1;1.0;2.0;296;Rue de Chateaudun/D955;M;4800105.0;169504.0;450
201800013015;18;6;19;720;1;1;1;1.0;3.0;29;D 951 PK 7+500;M;4755039.0;280245.0;450
201800013066;18;10;3;920;1;1;6;1.0;3.0;9;RD 1001;M;4940054.0;213200.0;600
201800013067;18;10;12;1430;1;2;1;1.0;7.0;251;Route départementale 34;M;4945844.0;221244.0;600
201800013095;18;5;18;1540;1;1;1;1.0;4.0;403;D 133 PK 3+100;M;4949608.0;201126.0;600
201800013113;18;11;4;2000;3;1;1;1.0;2.0;155;D929;M;4926128.0;233899.0;600
201800013126;18;5;22;2135;2;2;1;1.0;7.0;581;Rue Sarrail;M;4950020.0;243348.0;600
201800013135;18;11;6;1515;1;1;1;7.0;2.0;495;route départementale 938;M;4951852.0;244364.0;600
201800013142;18;3;11;445;5;2;3;3.0;1.0;636;route du  plessis brion;M;4947510.0;288190.0;600
201800013151;18;6;15;1900;1;2;3;1.0;6.0;348;allée des acacias;M;4957179.0;296532.0;600
201800013154;18;9;7;1630;1;1;1;1.0;2.0;431;RD 934;M;4956600.0;302645.0;600
201800013156;18;10;15;1215;1;1;1;1.0;2.0;471;RD932;M;4960518.0;301517.0;600
201800013162;18;11;22;1745;5;2;9;8.0;1.0;471;Rue du 7ème Régiment de;M;4957419.0;298791.0;600
201800013170;18;4;24;2035;1;2;3;1.0;3.0;509;rue Léon Bourgeois;M;4930825.0;260048.0;600
201800013212;18;10;18;1550;1;1;3;1.0;5.0;83;ROUTE DEPARTEMENTALE 22;M;4347985.0;613612.0;830
201800013217;18;6;20;1230;1;1;1;1.0;7.0;122;RD 957;M;4374415.0;622340.0;830
201800013242;18;6;26;1145;1;1;1;1.0;7.0;54;Rue des étangs;M;4772160.0;687295.0;900
201800013243;18;7;14;1640;1;1;1;1.0;2.0;65;Départementale 465;M;4780314.0;684082.0;900
201800013244;18;8;14;1910;1;2;3;1.0;5.0;16;route départementale 27;M;4770043.0;694712.0;900
201800013245;18;8;29;920;1;2;1;1.0;7.0;3;rue des Errues;M;4770057.0;693308.0;900
201800013246;18;10;10;1615;1;1;1;1.0;7.0;65;RD 465 PK 4+100;M;4780188.0;684347.0;900
201800013257;18;4;16;1405;1;1;6;1.0;3.0;468;l'arbre sec;M;4921970.0;-112348.0;500
201800013258;18;6;15;1725;1;2;1;1.0;3.0;216;12 rue des cigognes;M;4923789.0;-120053.0;500
201800013308;18;6;27;1330;1;2;3;1.0;3.0;644;intersection Rue du Chat;M;4858457.0;-113403.0;500
201800013320;18;2;25;1100;1;2;1;1.0;2.0;30;AXE RD.1 - RUE DE REVILL;M;4966627.0;-125893.0;500
201800013326;18;7;24;1700;1;1;3;1.0;3.0;615;;M;4951298.0;-148091.0;500
201800013332;18;10;5;820;2;2;1;1.0;3.0;539;96 RUE GÉNÉRAL DE GAULLE;M;4966693.0;-139964.0;500
201800013343;18;5;10;2140;5;2;1;1.0;6.0;31;23 rue de l'étoile;M;4936496.0;-175964.0;500
201800013372;18;7;22;1050;1;2;3;1.0;7.0;551;rue des lices;M;4938670.0;-153197.0;500
201800013375;18;8;17;950;1;1;2;1.0;3.0;517;D14/D423;M;4942675.0;-124696.0;500
201800013377;18;8;31;1615;1;2;4;1.0;3.0;103;rue de l'Église_;M;4937199.0;-132891.0;500
201800013380;18;10;4;1420;1;1;3;1.0;2.0;387;;M;4942238.0;-144936.0;500
201800013383;18;1;5;1540;1;1;6;7.0;3.0;354;les douetils;M;4912375.0;-150390.0;500
201800013387;18;4;9;1230;1;2;1;1.0;2.0;3;rue Amiral Tourville;M;4904817.0;-159818.0;500
201800013411;18;10;3;1620;1;1;1;1.0;3.0;143;D114;M;4885183.0;-151252.0;500
201800013442;18;10;10;1350;1;1;2;2.0;1.0;184;RD20 La pièce;M;4440661.0;595495.0;50
201800013448;18;7;1;1725;1;1;1;1.0;5.0;72;RN 85;M;4462818.0;608385.0;50
201800013500;18;4;17;1900;1;2;2;1.0;3.0;34;RD 36;M;4910025.0;-45897.0;140
201800013513;18;6;23;1945;1;1;1;1.0;7.0;705;Le picard;M;4923094.0;-93370.0;140
201800013520;18;9;11;1330;1;1;1;1.0;7.0;652;D514;M;4938735.0;-97399.0;140
201800013551;18;7;4;1105;1;1;1;1.0;3.0;278;D217;M;4917520.0;-58175.0;140
201800013588;18;7;12;1920;1;1;3;1.0;2.0;743;Intersection D16  Rue P;M;4916562.0;181.0;140
201800013589;18;7;15;1045;1;1;1;1.0;3.0;398;RD 45;M;4920690.0;15658.0;140
201800013622;18;11;24;920;1;2;2;1.0;3.0;556;Rue des canadiens;M;4911656.0;-38398.0;140
201800013629;18;3;31;1330;1;1;3;1.0;5.0;414;INTERSECTION D4/D38;;;;140
201800013655;18;10;29;1710;1;2;6;1.0;2.0;431;place Charles De Gaulle;M;4907352.0;-6947.0;140
201800013669;18;4;22;915;1;1;6;1.0;3.0;90;rond point D1009 entre c;M;4358753.0;693485.0;60
201800013683;18;7;12;1650;1;2;6;1.0;2.0;79;rond point de l'espace;M;4354016.0;693565.0;60
201800013687;18;8;17;750;1;2;3;1.0;3.0;79;avenue général de Gaulle;M;4353357.0;695026.0;60
201800013694;18;10;26;840;1;2;3;1.0;3.0;138;avenue de la cote d'azur;M;4349338.0;694510.0;60
201800013703;18;4;16;1320;1;2;2;1.0;3.0;112;61 route de nice;M;4367482.0;701032.0;60
201800013704;18;4;18;1205;1;2;2;1.0;3.0;89;chemin de san peyre;M;4366528.0;699278.0;60
201800013706;18;3;28;1100;1;2;1;1.0;7.0;38;Route d'Opio;M;4367516.0;697931.0;60
201800013709;18;6;16;1050;1;2;1;1.0;3.0;112;4 route de nice;M;4367461.0;700963.0;60
201800013717;18;9;15;1840;1;1;1;1.0;6.0;10;93 route de Gourdon;M;4372236.0;697592.0;60
201800013738;18;3;6;1145;1;2;1;1.0;5.0;32;60 avenue du 3 septembre;M;4372178.0;739930.0;60
201800013744;18;6;16;1110;1;2;9;1.0;2.0;150;3012 Chemin des revoires;M;4373239.0;741157.0;60
201800013797;18;7;18;740;1;1;1;1.0;2.0;73;les mortrais;M;4802562.0;6858.0;720
201800013798;18;7;21;1150;1;1;1;1.0;1.0;344;la vaudelle;M;4794022.0;13937.0;720
201800013804;18;10;4;1625;1;1;1;1.0;7.0;146;lieu dit MONDAN;M;4787459.0;11851.0;720
201800013819;18;9;20;1715;1;1;1;1.0;4.0;217;intersection C7 C11;M;4809934.0;17910.0;720
201800013822;18;9;27;1600;1;2;1;1.0;6.0;275;14 grande rue;M;4806705.0;34285.0;720
201800013859;18;9;20;1330;1;1;1;1.0;7.0;90;R41 Chemin de Huche Corn;M;4803978.0;47294.0;720
201800013862;18;9;25;1725;1;1;1;1.0;3.0;129;D91;M;4804395.0;33425.0;720
201800013867;18;1;9;515;5;2;2;1.0;2.0;334;Intersection D310 dans l;M;4818348.0;-12734.0;720
201800013868;18;5;10;1055;1;1;1;1.0;2.0;198;D197;M;4807021.0;14170.0;720
201800013879;18;5;29;1445;1;1;1;1.0;3.0;376;le petit bois;M;4786942.0;49503.0;720
201800013901;18;11;13;950;1;1;1;1.0;3.0;228;PANRUE;M;4781008.0;-20399.0;720
201800013924;18;7;29;1230;1;1;1;8.0;6.0;196;la maison;M;4818234.0;30954.0;720
201800013947;18;6;2;1135;1;1;1;1.0;6.0;266;les noes;M;4826633.0;-188.0;720
201800013961;18;8;12;1755;1;2;3;1.0;1.0;425;rue du Luxembourg;M;4930219.0;579136.0;540
201800014004;18;12;4;1405;1;2;2;1.0;3.0;415;2 rue des Aulnois;M;4898376.0;602017.0;540
201800014008;18;3;5;1200;1;2;1;1.0;1.0;9;Avenue de l'Alzine Redon;M;;;660
201800014036;18;7;16;1250;1;1;3;1.0;1.0;557;L'ORGUEIL  (CHEMIN DE);M;4931827.0;9047.0;140
201800014063;18;9;16;930;1;1;1;1.0;2.0;24;D 900;M;;;660
201800014080;18;6;9;1440;1;1;1;1.0;3.0;154;départementale 32;M;;;660
201800014105;18;8;2;1030;1;2;1;1.0;3.0;95;avenue du 14 juillet;M;4683481.0;346656.0;580
201800014169;18;9;15;849;1;1;1;1.0;1.0;180;lieu dit Les GADREYS che;M;4720102.0;408194.0;580
201800014183;18;8;14;1451;1;1;1;1.0;2.0;155;D907;M;4715432.0;302647.0;580
201800014189;18;5;11;1615;1;1;3;1.0;3.0;109;D 957 PK 37+400;M;4746835.0;332607.0;580
201800014190;18;7;30;1115;1;2;1;1.0;6.0;198;Rue de Charmois;M;4747720.0;344697.0;580
201800014220;18;5;4;1700;1;2;2;1.0;1.0;108;RUE SADI CARNOT;M;4473085.0;501758.0;260
201800014240;18;8;1;810;1;1;1;1.0;7.0;176;LES BASTETS;M;;;260
201800014250;18;7;10;930;1;1;1;1.0;1.0;345;2370 Chemin des Paluds;M;4429981.0;480625.0;260
201800014253;18;8;12;1000;1;1;1;1.0;7.0;363;RD 130;M;;;260
201800014255;18;9;3;1350;1;1;1;1.0;1.0;263;Hameau de Briancon;M;4418324.0;538797.0;260
201800014267;18;8;31;2205;3;1;1;1.0;2.0;136;RN 19;M;4765997.0;610676.0;700
201800014288;18;7;9;1800;1;1;1;1.0;3.0;309;RD 15, PR 3 + 230;M;4745196.0;622261.0;700
201800014289;18;7;27;1145;1;1;1;1.0;3.0;560;D5, PR 20;M;4744014.0;596997.0;700
201800014290;18;8;9;915;1;2;1;1.0;2.0;575;41 Grande Rue;M;4733922.0;601812.0;700
201800014295;18;4;3;1139;1;2;3;1.0;3.0;299;20 rue de l'Europe;M;4762401.0;578382.0;700
201800014312;18;4;14;1715;1;1;1;1.0;5.0;188;route de SAULX;M;4768254.0;629383.0;700
201800014314;18;6;7;1815;1;1;1;1.0;5.0;294;21 rue des Vosges;M;4774723.0;650506.0;700
201800014316;18;9;18;1745;1;2;9;1.0;3.0;473;rue Aristide Briand;M;4779377.0;639102.0;700
201800014326;18;8;20;1800;1;1;1;1.0;2.0;245;RD 83;M;4789152.0;641919.0;700
201800014380;18;6;24;1015;1;1;1;1.0;3.0;272;Route de Thoissey;M;4616324.0;498809.0;10
201800014408;18;4;18;1820;1;1;1;1.0;6.0;229;95 chemin des tronches;M;4633163.0;514656.0;10
201800014468;18;7;15;930;1;2;1;1.0;7.0;79;route du château d'eau H;M;4593199.0;569318.0;10
201800014475;18;2;8;2020;3;2;3;1.0;2.0;181;D111 - P.K. 1+000;M;4622975.0;561362.0;10
201800014495;18;9;15;2230;3;2;1;1.0;7.0;95;hameau de DHUYS;M;4623022.0;540350.0;10
201800014519;18;11;1;1025;1;2;5;1.0;3.0;183;D933;M;4610442.0;477639.0;10
201800014531;18;7;28;940;1;2;1;8.0;7.0;233;Le bourg;M;4497421.0;236071.0;150
201800014543;18;10;19;1755;2;1;1;1.0;3.0;196;RN 122 - PK 33+200;M;4486883.0;230197.0;150
201800014550;18;8;8;1920;1;1;1;1.0;7.0;81;"Lieu-dit ""Monjou""";M;4494173.0;267177.0;150
201800014555;18;10;24;1515;1;2;1;1.0;6.0;15;lieu dit VARLEIX;M;4526753.0;247364.0;150
201800014556;18;12;28;2040;3;1;1;5.0;7.0;79;lavaurs;M;4525710.0;234327.0;150
201800014557;18;7;5;1725;1;2;6;1.0;3.0;162;avenue de mauriac;M;4528543.0;264714.0;150
201800014558;18;7;26;950;1;1;1;1.0;1.0;124;D36;M;4529983.0;258106.0;150
201800014562;18;4;22;1015;1;1;1;1.0;7.0;70;Route de St Chamant RD 1;M;4510891.0;251785.0;150
201800014564;18;7;14;930;1;1;1;1.0;3.0;66;D17 - PK 32+970;M;4510480.0;266776.0;150
201800014606;18;8;24;1745;1;2;3;1.0;3.0;36;rue des thermes;M;4658467.0;305624.0;30
201800014647;18;8;1;1100;1;2;1;1.0;2.0;82;Rue Jean Jaurès;M;4629173.0;274072.0;30
201800014657;18;3;31;1145;1;1;1;1.0;3.0;126;D906;M;4607734.0;343899.0;30
201800014664;18;8;14;1740;1;2;2;1.0;6.0;60;6 rte de saint Pourçain;M;4615261.0;339358.0;30
201800014676;18;8;4;1650;1;2;2;7.0;3.0;107;route de chouvigny;M;4611420.0;308363.0;30
201800014682;18;11;11;1230;1;2;1;1.0;1.0;133;21 route de Mazerier;M;4615501.0;319320.0;30
201800014708;18;2;15;1415;1;2;2;1.0;3.0;254;Boulevard Ledru Rollin;M;4630844.0;329175.0;30
201800014750;18;4;23;1720;1;1;1;1.0;1.0;72;ancienne route de mormoi;M;4405662.0;515424.0;840
201800014757;18;9;22;1530;1;1;1;1.0;1.0;17;cd 974, route du ventoux;M;4414323.0;528064.0;840
201800014802;18;11;7;1050;1;2;1;2.0;3.0;541;rue de Menneville;M;4942825.0;402686.0;20
201800014804;18;2;1;1145;1;1;1;2.0;2.0;748;départementale 6;M;4909312.0;360530.0;20