Num_Acc;an;mois;jour;hrmn;lum;agg;int;atm;col;com;adr;gps;lat;long;dep
201800014811;18;10;15;1654;2;1;1;1.0;3.0;42;Route départementale D 9;M;4900286.0;334796.0;20
201800014821;18;9;29;1619;1;1;1;1.0;4.0;806;D 310 PK 3+400;M;4918808.0;346360.0;20
201800014823;18;4;17;1615;1;1;1;1.0;6.0;397;rue de l'emonteau;M;4971189.0;322432.0;20
201800014838;18;7;7;930;1;2;1;1.0;5.0;95;RUE FAGARD;M;4998734.0;345385.0;20
201800014862;18;8;8;1715;1;1;1;1.0;6.0;687;RD 17 - Point kilométriq;M;4932050.0;319688.0;20
201800014894;18;8;4;1735;1;1;2;1.0;3.0;679;Carrefour D11 et D841;M;4910250.0;319703.0;20
201800014913;18;9;28;815;1;2;6;7.0;2.0;83;chemin saint jean;M;4390362.0;480989.0;130
201800014923;18;5;31;1400;1;1;4;2.0;3.0;304;D115D;M;4494965.0;576826.0;380
201800014940;18;5;20;1450;1;1;6;1.0;3.0;292;intersection D17-D50;M;4544904.0;551233.0;380
201800014951;18;8;12;900;1;1;2;1.0;3.0;104;D1516 Route Belmont;M;4558194.0;558723.0;380
201800014953;18;8;17;1550;1;2;2;1.0;3.0;357;Rue Paul Langevin;M;4554360.0;552228.0;380
201800014963;18;9;22;1735;1;2;3;1.0;3.0;465;grande rue du bourg;M;4569449.0;550166.0;380
201800014979;18;4;25;1735;1;2;3;1.0;6.0;140;avenue Ambroize Croizat;M;4527258.0;588713.0;380
201800014980;18;4;28;1140;1;2;1;1.0;7.0;397;D1090 route de Chambéry;M;4524274.0;582540.0;380
201800014981;18;5;18;1706;1;1;1;1.0;3.0;140;Rue des Îles;M;4527869.0;589501.0;380
201800014995;18;6;23;1820;1;1;3;1.0;7.0;334;lieu dit Les Faures;M;4518247.0;588024.0;380
201800014996;18;7;8;1100;1;2;1;1.0;7.0;422;D524 - Route de Gières;M;4515645.0;582354.0;380
201800014997;18;8;6;1730;1;2;1;1.0;7.0;547;D523;M;4525025.0;589942.0;380
201800015003;18;10;23;1510;1;2;1;1.0;2.0;422;D524;M;4514206.0;582915.0;380
201800015010;18;6;22;830;1;2;4;1.0;3.0;2;Lieu-dit VILLARD BERNARD;M;4527348.0;597673.0;380
201800015011;18;6;29;1020;1;1;1;1.0;3.0;511;D1090;M;4536234.0;595533.0;380
201800015020;18;11;15;800;1;2;6;1.0;3.0;314;D523A;M;4543463.0;600841.0;380
201800015030;18;10;24;1735;1;2;6;1.0;3.0;394;Giratoire D76 et D21A;M;4506901.0;524368.0;380
201800015062;18;4;28;1545;1;1;2;1.0;3.0;291;chemin du Chaffaud;M;4536365.0;512964.0;380
201800015095;18;4;19;950;1;2;1;1.0;7.0;15;Rue des guinières;M;4553558.0;516387.0;380
201800015097;18;5;5;850;1;2;6;1.0;3.0;399;D518;M;4549674.0;514057.0;380
201800015101;18;5;20;1015;1;1;3;1.0;1.0;15;Chemin de la verne;M;4554194.0;519057.0;380
201800015105;18;7;3;1030;1;2;1;1.0;5.0;15;910 route du stade;M;4554017.0;515512.0;380
201800015129;18;9;12;745;1;1;1;1.0;3.0;293;RD63G;M;4371996.0;139402.0;310
201800015134;18;11;28;1640;1;2;1;1.0;1.0;230;Rue de Rayssac;M;4371777.0;142401.0;310
201800015138;18;2;25;700;2;1;1;1.0;3.0;515;D 820;M;4380597.0;132289.0;310
201800015143;18;10;16;730;3;1;1;2.0;1.0;79;route de Fronton;M;4377188.0;140618.0;310
201800015176;18;8;15;1130;1;2;1;1.0;7.0;345;route de beaumont;M;4337292.0;141640.0;310
201800015186;18;2;11;1350;1;2;1;8.0;7.0;52;85 Chemin du Buherle;M;4337882.0;136739.0;310
201800015189;18;4;11;1730;1;1;1;1.0;3.0;280;Lieu-dit La Pierre;M;4324325.0;128530.0;310
201800015190;18;4;24;1635;1;2;1;1.0;7.0;455;avenue ST MARTIN;M;4325552.0;120075.0;310
201800015225;18;3;3;945;1;1;1;1.0;7.0;255;Chemin de Seinges;M;4303972.0;57039.0;310
201800015230;18;9;10;1525;1;1;1;1.0;3.0;147;route départementale 817;M;4310464.0;62021.0;310
201800015240;18;5;26;1550;1;1;1;1.0;1.0;152;RD 6;M;4334161.0;89039.0;310
201800015250;18;8;18;1015;1;1;2;1.0;1.0;357;Carrefour entre la D60 e;M;4303524.0;89544.0;310
201800015265;18;7;11;1130;1;1;1;1.0;7.0;374;Chemin de Goudet;M;4340669.0;163187.0;310
201800015269;18;10;4;1155;1;1;2;1.0;3.0;210;D97 - Hameau de Laval;M;4339890.0;167956.0;310
201800015298;18;3;23;1645;1;1;1;3.0;2.0;220;C3;M;4786250.0;-424793.0;290
201800015308;18;7;8;1300;1;1;3;1.0;7.0;165;Pont Plat;M;4782042.0;-426882.0;290
201800015321;18;1;11;1835;5;2;6;1.0;3.0;75;rond point de la vallée;M;4843137.0;-440274.0;290
201800015323;18;3;2;1400;1;2;6;2.0;2.0;75;167 chemin de Kernoas;M;4844314.0;-441496.0;290
201800015326;18;5;14;815;1;2;6;1.0;3.0;75;rue de paris;M;4843549.0;-439960.0;290
201800015340;18;3;15;2055;3;1;1;1.0;2.0;149;KERVERN;M;4846525.0;-451568.0;290
201800015345;18;7;14;2155;1;1;1;1.0;3.0;195;départementale 71;M;4860038.0;-449302.0;290
201800015348;18;9;5;950;1;1;6;1.0;3.0;117;rue du docteur MORVAN;M;4857092.0;-452304.0;290
201800015370;18;12;4;840;2;2;6;1.0;3.0;69;rond point de Kermengleu;M;4842473.0;-456636.0;290
201800015382;18;6;14;1200;1;1;6;8.0;3.0;208;Lieu-dit Keryard;M;4849668.0;-469843.0;290
201800015427;18;7;5;2000;1;2;1;1.0;3.0;199;ZA de KERVANON;M;4857278.0;-371785.0;290
201800015430;18;10;25;1320;1;1;5;8.0;3.0;207;Le Fume;M;4852443.0;-383535.0;290
201800015440;18;5;31;1003;1;1;6;2.0;3.0;277;D764;M;4841098.0;-408551.0;290
201800015465;18;5;1;1145;1;1;1;1.0;2.0;259;Kerlevic;M;4865540.0;-400967.0;290
201800015470;18;6;7;1845;1;1;2;1.0;2.0;287;kerveltoc;M;4861143.0;-426532.0;290
201800015475;18;8;15;1055;1;2;1;1.0;3.0;239;38 rue laennec;M;4871913.0;-398528.0;290
201800015484;18;12;21;1735;3;1;2;2.0;3.0;184;D75;M;4862191.0;-398590.0;290
201800015490;18;4;3;1610;1;1;1;1.0;2.0;150;petite lande;M;4780813.0;-365986.0;290
201800015495;18;8;8;1425;1;2;1;1.0;7.0;150;Lieu dit Lanriot;M;4780814.0;-370174.0;290
201800015497;18;9;2;1135;1;2;3;1.0;3.0;150;Kermeuzach;M;4778402.0;-366966.0;290
201800015499;18;10;5;1140;1;1;1;1.0;2.0;293;keriquel vihan;M;4781283.0;-382338.0;290
201800015502;18;2;25;1503;1;1;1;1.0;3.0;4;Lieu-dit KERLUC;M;4792159.0;-365087.0;290
201800015520;18;12;22;1445;1;1;1;1.0;2.0;4;locmarzin;M;4792270.0;-366985.0;290
201800015533;18;9;3;1445;1;1;3;1.0;3.0;117;LIEU-DIT LE PONT PERRIN;M;4812546.0;-221564.0;350
201800015537;18;10;25;1520;1;1;1;1.0;3.0;184;lieu dit la hucherais;M;4818988.0;-203141.0;350
201800015546;18;7;11;720;1;2;1;7.0;2.0;203;Fontainbrun;M;4816205.0;-197434.0;350
201800015555;18;6;21;1510;1;1;1;1.0;6.0;230;D798;M;4847375.0;-127798.0;350
201800015557;18;9;1;1435;1;1;6;1.0;3.0;243;Giratoire RN12 et RD18;M;4834247.0;-129279.0;350
201800015561;18;12;14;1600;1;1;1;7.0;3.0;157;D806;M;4838549.0;-108030.0;350
201800015570;18;5;18;720;1;1;2;1.0;3.0;11;La Croix des 5 chemins;M;4837734.0;-137285.0;350
201800015581;18;1;5;1415;1;1;2;7.0;3.0;299;intersection D 76 face a;M;4863375.0;-189652.0;350
201800015584;18;1;28;1940;3;1;1;2.0;3.0;299;Les Bougras;M;4865397.0;-187282.0;350
201800015587;18;4;22;1450;1;1;1;1.0;5.0;299;RD 74, PK 6 + 700;M;4863276.0;-191041.0;350
201800015616;18;11;1;1000;1;1;1;7.0;2.0;10;lieu dit le champ briand;M;4853806.0;-169768.0;350
201800015617;18;1;16;715;2;2;6;1.0;3.0;360;boulevard helmestedt;M;4811321.0;-120101.0;350
201800015624;18;5;18;445;4;2;3;1.0;3.0;360;Allée Pierre de Gennes;M;4811384.0;-119815.0;350
201800015627;18;8;29;230;3;1;9;1.0;3.0;360;les boufforts;M;4810192.0;-120736.0;350
201800015629;18;10;12;1530;1;1;1;1.0;1.0;194;Hourdin;M;4815520.0;-124354.0;350
201800015661;18;5;18;1730;1;2;1;1.0;6.0;180;avenue alexandre BRAUD;M;4752194.0;-118448.0;440
201800015673;18;8;19;1125;1;2;6;1.0;3.0;144;rue de bretagne;M;4752020.0;-129767.0;440
201800015700;18;7;8;1130;1;2;1;1.0;6.0;131;corniche du porteau;M;4711215.0;-213964.0;440
201800015705;18;1;10;855;1;2;6;2.0;3.0;87;bd Gabriel RELIQUET;M;4699671.0;-181690.0;440
201800015715;18;7;4;1640;1;1;1;1.0;3.0;220;la morissais;M;4720533.0;-191071.0;440
201800015716;18;7;13;1755;1;2;1;1.0;2.0;186;Rue de l'Hotel de ville;M;4710352.0;-181052.0;440
201800015722;18;12;23;800;3;1;1;8.0;2.0;133;D758 PK 2+800;M;4711209.0;-177978.0;440
201800015723;18;1;31;1145;1;2;6;2.0;3.0;154;rond point de santomera;M;4723872.0;-216881.0;440
201800015724;18;2;23;1630;1;2;6;1.0;3.0;154;rue du fief;M;4723486.0;-215901.0;440
201800015725;18;3;17;2005;5;2;9;1.0;3.0;154;rue des etangs;M;4722576.0;-215556.0;440
201800015728;18;6;26;1638;1;2;1;1.0;7.0;116;Rue de Bel Air;M;4728685.0;-203327.0;440
201800015748;18;9;24;1845;1;2;1;1.0;3.0;43;pont de nid d'oie;M;4709036.0;-128220.0;440
201800015754;18;11;23;2230;3;1;1;2.0;2.0;14;d57;M;4712259.0;-150887.0;440
201800015758;18;4;1;945;1;1;1;1.0;2.0;79;route des moulins - D307;M;4720810.0;-131495.0;440
201800015775;18;11;30;1640;1;1;1;1.0;3.0;130;lieu dit la rairie;M;4713475.0;-157634.0;440
201800015780;18;4;10;1000;1;2;6;3.0;3.0;69;boulevard du 19Mars 1962;M;4734070.0;-242774.0;440
201800015791;18;8;15;1050;1;1;1;1.0;7.0;6;12 rue barzin;M;4741926.0;-238061.0;440
201800015792;18;9;3;1020;1;2;1;1.0;3.0;49;Avenue Aristide Briand;M;4728352.0;-250321.0;440
201800015794;18;10;10;1515;1;1;1;2.0;3.0;69;D247;M;4732507.0;-238697.0;440
201800015796;18;11;3;1035;1;2;6;1.0;3.0;69;place du 11 novembre;M;4733161.0;-242907.0;440
201800015801;18;5;6;810;1;2;1;1.0;1.0;13;12 rue du pt de l'angle;M;4739309.0;-209849.0;440
201800015815;18;7;12;1000;1;1;9;1.0;3.0;532;ROUTE DEPARTEMENTALE 67;M;4720521.0;610231.0;250
201800015820;18;12;11;1630;2;1;1;7.0;2.0;437;D112 PR 14+300;M;4726779.0;621463.0;250
201800015835;18;8;23;1245;1;1;1;1.0;3.0;265;chemin des papetiers;M;4733331.0;597028.0;250
201800015847;18;11;6;1115;1;2;1;1.0;7.0;339;CD 67;M;4704671.0;623855.0;250
201800015848;18;1;13;1550;1;1;1;1.0;3.0;560;CD 683;M;4726923.0;607694.0;250
201800015851;18;4;2;800;1;1;1;1.0;2.0;560;RD 683;M;4727042.0;607886.0;250
201800015854;18;10;20;1620;1;2;1;1.0;3.0;111;rue de Besançon;M;4726833.0;608642.0;250
201800015859;18;2;24;1815;3;1;1;1.0;6.0;147;RD216;M;4721918.0;589541.0;250
201800015874;18;9;18;1545;1;1;1;1.0;1.0;431;D455;M;4749496.0;660596.0;250
201800015887;18;6;2;930;1;2;1;1.0;3.0;193;20 rue du général de gau;M;4724792.0;687847.0;250
201800015897;18;1;8;1415;1;1;1;1.0;3.0;634;Lieu-dit saint lazare;M;4695141.0;633146.0;250
201800015899;18;4;6;1335;1;1;1;1.0;3.0;493;RD 47 A PK 0.800;M;4687371.0;621862.0;250
201800015902;18;4;21;955;1;1;1;1.0;3.0;110;D72 - ENTRE LE PK24 ET L;M;4691198.0;627904.0;250
201800015907;18;6;18;800;1;2;2;1.0;3.0;627;GRANDE RUE;M;4690276.0;604405.0;250
201800015932;18;7;27;1100;1;1;1;1.0;3.0;329;RD 39 - Lieu dit l'engou;M;4717492.0;660970.0;250
201800015941;18;6;25;1225;1;2;2;1.0;3.0;169;;M;4665468.0;553202.0;390
201800015943;18;7;6;1040;1;2;2;1.0;3.0;397;;M;4652257.0;561050.0;390
201800015951;18;9;23;1650;1;1;1;1.0;6.0;467;;M;4658290.0;548223.0;390
201800015979;18;4;17;1850;1;2;1;1.0;6.0;448;;M;4698253.0;546687.0;390
201800015983;18;9;14;1745;1;2;2;1.0;3.0;365;;M;4697933.0;560245.0;390
201800015987;18;11;11;1530;1;2;1;1.0;1.0;498;9 Rue de Roset;M;4716650.0;579598.0;390
201800015991;18;1;28;1455;1;2;4;1.0;1.0;333;5 rue des sports;M;4643484.0;572636.0;390
201800015993;18;4;3;1325;1;1;3;1.0;3.0;478;Carr. D69/Rte Vaucluse;M;4640426.0;587843.0;390
201800016013;18;5;5;1825;1;1;1;2.0;1.0;47;;M;4656347.0;607515.0;390
201800016019;18;9;9;1205;1;2;1;7.0;1.0;367;;M;4653537.0;603441.0;390
201800016026;18;4;21;1120;1;2;3;1.0;3.0;232;Rue du parc;M;4863032.0;-287030.0;220
201800016043;18;1;28;930;1;1;1;8.0;2.0;297;lieu dit kerrouet;M;4826139.0;-253566.0;220
201800016052;18;4;22;830;1;1;1;1.0;7.0;15;LA VIGNE;M;4841126.0;-258851.0;220
201800016065;18;8;8;820;1;2;6;1.0;3.0;4;carrefour barrière rouge;M;4862609.0;-330149.0;220
201800016092;18;10;7;1000;1;1;1;7.0;2.0;220;Route de Rostrenen;M;4824164.0;-326870.0;220
201800016115;18;3;5;1400;1;2;3;1.0;7.0;362;rue marcelin berthelot;M;4878596.0;-322320.0;220
201800016120;18;8;8;1850;1;1;1;1.0;5.0;199;Route de KERBORS;M;4880498.0;-316132.0;220
201800016121;18;11;4;940;1;2;2;2.0;5.0;362;Boulevard Jean Guehenno;M;4878035.0;-323026.0;220
201800016125;18;1;13;1600;1;1;4;1.0;3.0;134;route du vignoble, chemi;M;4802407.0;731173.0;680
201800016132;18;5;8;1500;1;2;6;1.0;3.0;155;Piste cyclable, passage;M;4809032.0;731784.0;680
201800016139;18;7;15;1140;1;1;1;1.0;1.0;365;Chm du Mattenweg;M;4804683.0;733605.0;680
201800016161;18;6;15;2115;2;1;3;1.0;3.0;138;Rte départementale 432;M;4759674.0;723862.0;680
201800016165;18;9;26;540;5;2;4;1.0;3.0;138;Rte départementale 432;M;4758627.0;725552.0;680
201800016176;18;4;27;1655;1;2;3;1.0;3.0;18;51 R de mulhouse;M;4767157.0;717600.0;680
201800016180;18;6;4;1410;1;2;3;1.0;3.0;152;1 Rte de mulhouse;M;4767175.0;726534.0;680
201800016189;18;10;14;1130;1;2;3;1.0;2.0;378;rue principale;M;4763669.0;711291.0;680
201800016206;18;5;29;1710;1;2;6;1.0;1.0;195;28 Av du 20 janvier;M;4775892.0;729024.0;680
201800016207;18;6;10;1810;1;2;3;1.0;3.0;129;R de Belfort;M;4772682.0;721963.0;680
201800016213;18;9;12;1320;1;2;2;1.0;3.0;55;55 r principale;M;4769717.0;735965.0;680
201800016218;18;1;18;1640;2;2;3;6.0;3.0;182;1 rue principale;M;4749552.0;748333.0;680
201800016228;18;7;27;1845;1;2;1;1.0;2.0;120;21 R de leymen;M;4752166.0;747956.0;680
201800016233;18;10;17;1450;1;2;4;1.0;3.0;42;rue du 19 Novembre;M;4760777.0;750329.0;680
201800016239;18;4;20;220;3;1;1;1.0;2.0;82;Rte départementale 20;M;4784907.0;734654.0;680
201800016241;18;5;7;1840;1;2;3;1.0;2.0;82;15 R de Pulversheim;M;4785873.0;733991.0;680
201800016247;18;8;30;2055;3;1;1;1.0;6.0;258;piste cyclable;M;4784842.0;730884.0;680
201800016248;18;9;26;1740;1;2;6;7.0;2.0;205;D3 bis;M;4791126.0;736074.0;680
201800016260;18;6;2;1445;1;1;6;1.0;2.0;60;Rte de Guewenheim;M;4774039.0;714250.0;680
201800016263;18;8;7;1048;1;2;1;7.0;2.0;201;13 R Joseph VOGT;M;4778526.0;696613.0;680
201800016265;18;10;16;1600;1;1;1;1.0;1.0;46;D 37 - route de bourbach;M;4778299.0;703937.0;680
201800016276;18;8;7;830;1;1;1;1.0;2.0;96;rd 909;M;4355161.0;318321.0;340
201800016293;18;8;18;1100;1;2;1;1.0;1.0;70;rd612;M;4340680.0;296904.0;340
201800016301;18;3;15;1345;1;1;1;1.0;2.0;300;D146E2;M;4343522.0;329322.0;340
201800016326;18;2;2;2145;3;1;1;1.0;2.0;13;D609;M;4358190.0;346007.0;340
201800016354;18;6;29;1200;1;2;1;1.0;3.0;14;PASCAL (RUE BLAISE);M;4490055.0;242651.0;150
201800016356;18;10;25;1605;1;1;1;1.0;6.0;14;DOCTEUR CHANAL (RUE DU);M;4493887.0;245671.0;150
201800016392;18;5;10;900;1;1;2;1.0;3.0;53;Départementale  D30;M;4669261.0;13939.0;860
201800016414;18;9;30;1134;1;2;6;1.0;2.0;189;RP Toull Ar Raning;M;4836777.0;-437190.0;290
201800016548;18;8;14;1630;1;2;3;1.0;3.0;283;24 RUE DU PONT;M;4447980.0;94781.0;470
201800016565;18;4;26;1957;2;1;3;1.0;3.0;335;intersection D27-D67;M;4440381.0;134669.0;460
201800016570;18;8;22;1015;1;1;1;1.0;2.0;7;Départementale 911;M;4445053.0;152078.0;460
201800016584;18;7;27;1520;1;1;3;1.0;1.0;159;Le bourg;M;4485252.0;195687.0;460
201800016593;18;8;21;1810;1;2;1;1.0;3.0;128;D840 PK 50+150;M;4477627.0;173338.0;460
201800016614;18;7;8;1100;1;2;4;7.0;1.0;311;RD 1498;M;4547953.0;439699.0;420
201800016616;18;9;2;900;1;2;1;1.0;1.0;97;60 rue de la libération;M;4549992.0;431916.0;420
201800016641;18;4;21;1630;1;1;1;1.0;3.0;107;D102;M;4553680.0;398936.0;420
201800016643;18;6;27;1625;1;1;1;7.0;3.0;91;D498;M;4541659.0;400204.0;420
201800016678;18;10;22;1140;1;1;1;1.0;2.0;241;RD56;M;4588562.0;412425.0;420
201800016716;18;9;3;1830;1;1;2;1.0;3.0;264;croisement chemin de mez;M;4441738.0;257326.0;120
201800016723;18;4;21;1655;1;1;1;1.0;4.0;215;RD 11 - Rte de Cransac;M;4446204.0;239579.0;120
201800016727;18;7;1;1125;1;2;2;1.0;3.0;171;RD22;M;4452106.0;242754.0;120
201800016741;18;8;29;1100;1;1;1;1.0;5.0;164;non loin du lieu dit Bro;M;4485732.0;266006.0;120
201800016749;18;9;21;1755;1;2;4;1.0;3.0;63;Avenue du 122e RI;M;4400828.0;316157.0;120
201800016781;18;11;28;1525;1;1;1;1.0;1.0;292;D7;M;4390639.0;290611.0;120
201800016784;18;6;9;1715;1;2;1;1.0;3.0;183;avenue de curvalle;M;4392631.0;254547.0;120
201800016785;18;7;25;1045;1;2;3;1.0;4.0;147;Cénomes;M;4381023.0;302467.0;120
201800016786;18;8;2;1630;1;1;1;1.0;7.0;186;RD 33;M;4387708.0;260634.0;120
201800016790;18;5;19;1730;1;2;1;1.0;6.0;148;Chemin de la Roque;M;4447997.0;222957.0;120
201800016826;18;9;7;1910;1;2;3;7.0;1.0;247;carrefour D111 D210 33 r;M;4737117.0;-70277.0;490
201800016828;18;11;2;1200;1;2;1;1.0;3.0;68;ROUTE DE SAINT SIGISMOND;M;4742811.0;-89508.0;490
201800016829;18;11;24;1830;3;1;1;1.0;2.0;283;lieu-dit serrant;M;4741348.0;-75182.0;490
201800016847;18;9;8;1000;1;1;1;1.0;2.0;122;la boissière - RD767;M;4755118.0;12355.0;490
201800016856;18;5;27;1150;1;2;3;1.0;3.0;125;Rue de la saulaie;M;4718450.0;-25799.0;490
201800016861;18;8;23;1445;1;2;6;1.0;3.0;125;place de gennes;M;4719733.0;-27493.0;490
201800016875;18;9;25;1640;1;2;3;1.0;3.0;180;place notre dame de la l;M;4737923.0;-11415.0;490
201800016885;18;6;24;820;1;1;1;1.0;5.0;53;RD 761;M;4716759.0;-21205.0;490
201800016893;18;4;20;730;1;2;2;1.0;3.0;331;route d'aviré;M;4769147.0;-86243.0;490
201800016895;18;5;13;1115;1;1;2;1.0;3.0;305;la guyère;M;4771748.0;-74281.0;490
201800016897;18;6;27;923;1;2;1;7.0;1.0;331;Rue David d'Angers;M;4768530.0;-86886.0;490
201800016908;18;11;19;945;1;2;1;7.0;3.0;277;route de pouance;M;4768656.0;-88562.0;490
201800016913;18;4;21;935;1;2;2;7.0;3.0;43;D73;M;4757458.0;-73238.0;490
201800016916;18;7;12;1755;1;1;2;7.0;3.0;55;D107 Pont de Mayenne;M;4752441.0;-56868.0;490
201800016929;18;1;13;1830;3;1;1;1.0;3.0;347;D74;M;4761973.0;-49264.0;490
201800016964;18;12;5;1800;3;1;1;1.0;2.0;533;RD 964 - PK 15+360;M;4861603.0;564168.0;550
201800016995;18;7;27;1015;1;1;1;1.0;7.0;164;Le Chêne Bossu;M;4857114.0;6549.0;610
201800017012;18;8;2;1503;1;1;1;1.0;7.0;150;FUMECON;M;4872802.0;40897.0;610
201800017021;18;4;16;1815;1;2;1;1.0;7.0;145;2b rue notre dame;M;4859261.0;-65223.0;610
201800017033;18;11;27;740;3;1;2;2.0;3.0;421;RD21;M;4855102.0;-71991.0;610
201800017045;18;9;25;1420;1;1;1;1.0;2.0;30;la fouillée;M;4877422.0;-59992.0;610
201800017055;18;6;27;2100;2;1;1;7.0;4.0;211;RD 976;M;4855105.0;-51328.0;610
201800017057;18;8;16;1200;1;2;1;7.0;1.0;295;le bourg;M;4856788.0;-28332.0;610
201800017062;18;10;12;1845;2;2;1;1.0;7.0;96;Rue des Camélias;M;4853616.0;-47580.0;610
201800017063;18;10;25;1645;1;2;9;1.0;7.0;483;d53;M;4857826.0;-41992.0;610
201800017084;18;7;4;1520;1;1;1;1.0;2.0;187;D930;M;4866168.0;58438.0;610
201800017108;18;5;6;1315;1;2;1;7.0;6.0;345;La Noué;M;4841755.0;79974.0;610
201800017153;18;1;8;1715;2;1;6;1.0;3.0;262;D979;M;4571137.0;317980.0;630
201800017176;18;6;23;1340;1;1;1;7.0;3.0;374;Route de Grandrif;M;4552380.0;380030.0;630
201800017179;18;7;19;800;1;2;3;1.0;2.0;3;rue du docteur Chassaing;M;4554527.0;374587.0;630
201800017189;18;7;12;1400;1;1;1;1.0;3.0;337;D39;M;4556076.0;357088.0;630
201800017197;18;8;4;1100;1;1;1;1.0;1.0;54;D718;M;;;630
201800017223;18;4;27;1505;1;2;2;1.0;3.0;295;19 rue commerce/rue Riom;M;4601412.0;335366.0;630
201800017269;18;2;15;1500;1;1;3;8.0;1.0;265;rd 224;M;4588450.0;344842.0;630
201800017277;18;9;30;1145;1;1;4;1.0;3.0;195;INTERSECTION D115 ET D22;M;4580370.0;337157.0;630
201800017310;18;8;14;1900;1;1;1;1.0;7.0;34;D524;M;4782036.0;370786.0;890
201800017331;18;4;8;1520;1;2;1;1.0;3.0;368;ROUTE DES JANETS;M;4761599.0;321057.0;890
201800017349;18;7;21;1800;1;1;1;1.0;1.0;364;D 957;M;4746405.0;375662.0;890
201800017351;18;7;24;345;3;1;1;1.0;2.0;159;D944, PR 49+270;M;4752025.0;390792.0;890
201800017352;18;7;27;850;1;2;1;1.0;2.0;25;face au 47 route de lorm;M;4748498.0;390959.0;890
201800017406;18;5;11;805;1;1;1;1.0;3.0;60;Lieu dit le Chateau;M;4805937.0;326095.0;890
201800017451;18;7;26;815;1;2;1;7.0;4.0;162;rue du vieux Saint Denis;M;4697497.0;433674.0;710
201800017453;18;8;1;830;1;2;1;1.0;7.0;237;16 route de la Drée;M;4705626.0;437460.0;710
201800017470;18;7;29;1215;1;1;1;1.0;1.0;369;Voie verte;M;4690626.0;472284.0;710
201800017471;18;8;13;1640;1;1;1;1.0;6.0;109;impasse du moulin Beausé;M;4689865.0;468917.0;710
201800017473;18;9;10;1220;1;2;1;1.0;7.0;378;chemin de la plaine;M;4688083.0;476356.0;710
201800017477;18;6;9;1700;1;1;2;1.0;3.0;247;RD 18;M;4670453.0;471848.0;710
201800017507;18;8;14;1120;1;2;3;1.0;3.0;230;rue de la convention - C;M;4659694.0;406738.0;710
201800017567;18;7;21;1700;1;1;1;1.0;3.0;16;Bordenval;M;4312070.0;250280.0;110
201800017595;18;12;29;700;3;1;1;1.0;1.0;206;D102;M;4305908.0;219798.0;110
201800017596;18;3;9;1045;1;1;1;1.0;2.0;358;D117, PR12+800;M;4282345.0;222873.0;110
201800017603;18;1;9;1000;1;2;6;1.0;3.0;106;chemin des seignes;M;4323047.0;306005.0;110
201800017609;18;5;30;1140;1;1;6;1.0;2.0;170;Rond point de Falines;M;4311728.0;308846.0;110
201800017614;18;7;25;815;1;2;1;1.0;1.0;170;square de planasse;M;4311161.0;309395.0;110
201800017672;18;6;11;1705;1;2;1;1.0;3.0;462;10 CHEMIN DE RONDE;M;4376030.0;30197.0;320
201800017743;18;4;4;2000;1;2;7;1.0;1.0;145;place Paul Saissac;M;4385331.0;181015.0;810
201800017744;18;6;20;740;2;1;1;7.0;2.0;220;route de condel;M;4381789.0;169641.0;810
201800017746;18;9;9;1145;1;1;1;1.0;5.0;171;RD 10 PK 11+500;M;4384781.0;188960.0;810
201800017769;18;7;7;1040;1;2;6;1.0;3.0;168;63 chemin des Lones;M;4583591.0;483824.0;690
201800017770;18;9;19;1035;1;1;6;1.0;3.0;63;d51;M;4581476.0;484638.0;690
201800017771;18;9;27;1900;1;2;9;1.0;1.0;63;quai d'illhaeusern;M;4583046.0;484826.0;690
201800017783;18;8;26;1115;1;1;1;1.0;5.0;12;D337 - PK 22+038;M;4617908.0;453252.0;690
201800017784;18;9;27;1550;1;2;4;7.0;1.0;150;D 32;M;4622988.0;459740.0;690
201800017802;18;12;22;1600;1;2;1;1.0;6.0;248;13 rue Jean Jaurès;M;4603079.0;431234.0;690