Num_Acc;an;mois;jour;hrmn;lum;agg;int;atm;col;com;adr;gps;lat;long;dep
201800017843;18;7;26;915;1;2;2;7.0;2.0;307;route du Rèche;M;4447743.0;-34890.0;330
201800017844;18;3;1;945;1;2;1;1.0;3.0;314;rue du marechal juin.;M;4519658.0;-75416.0;330
201800017857;18;7;2;1315;1;2;1;1.0;1.0;514;46 rue willy signoret.;M;4550802.0;-111222.0;330
201800017868;18;8;31;1715;1;1;4;1.0;4.0;421;RD670 38+140 / RD18;M;4480779.0;-13646.0;330
201800017869;18;10;3;1830;1;1;3;1.0;3.0;127;Lieu dit Mauvilla;M;4483340.0;-7474.0;330
201800017889;18;8;11;1300;1;2;1;1.0;1.0;19;470 chemin du hameau;M;4314840.0;8260.0;650
201800017892;18;12;5;1540;1;2;1;1.0;6.0;339;45 rue des pyrénées;M;4312658.0;3980.0;650
201800017897;18;10;9;745;2;2;6;1.0;3.0;460;D935 / D934;M;4338701.0;6692.0;650
201800017902;18;5;10;1550;1;1;1;1.0;7.0;176;RD 126 - PK 4+400;M;4300883.0;-26535.0;650
201800017906;18;8;16;1715;1;2;1;1.0;7.0;55;D100;M;4300375.0;-6703.0;650
201800017940;18;10;2;1500;1;1;1;1.0;3.0;87;avenue du quercy;M;4414396.0;123035.0;820
201800017970;18;8;22;1150;1;1;1;1.0;2.0;161;Chemin des Mourets;M;4403410.0;142659.0;820
201800017971;18;8;26;1645;1;1;1;1.0;7.0;134;1557 route de albias;M;4408636.0;150634.0;820
201800018004;18;3;30;2010;1;1;1;1.0;2.0;12;491 route de CASTELSARRA;M;4407678.0;118096.0;820
201800018015;18;6;27;940;1;2;1;1.0;3.0;72;13 impasse des Chardonne;M;4412084.0;85445.0;820
201800018098;18;4;15;1115;1;2;1;1.0;3.0;253;R JEAN MOULIN;M;5015997.0;234795.0;800
201800018128;18;9;27;939;1;2;1;7.0;3.0;279;14, R DE MARTROY;M;4970345.0;294687.0;800
201800018174;18;5;11;850;1;1;1;1.0;1.0;781;D337;M;4984509.0;268789.0;800
201800018184;18;3;12;1715;1;2;1;2.0;7.0;410;AV JEAN MOULIN;M;4974966.0;307662.0;800
201800018197;18;11;2;1915;3;2;1;1.0;3.0;410;RTE DE CHAUNY;M;4974041.0;309174.0;800
201800018209;18;12;18;1615;1;1;2;8.0;5.0;102;D 29;M;4930765.0;256539.0;600
201800018214;18;5;18;1350;1;1;1;1.0;3.0;152;U Poghju;M;4289815.0;940137.0;202
201800018332;18;10;5;900;1;2;1;1.0;6.0;8;CD 55 - Lieu dit Molini;M;4185855.0;880078.0;201
201800018390;18;10;7;1615;1;2;3;1.0;3.0;195;39 AVENUE SAINT-HUBERT;M;4695151.0;-59170.0;790
201800018408;18;8;10;1215;1;2;6;1.0;3.0;80;AVENUE DE MORINIERE;M;4665582.0;-24868.0;790
201800018415;18;9;5;1450;1;2;1;1.0;7.0;5;2 RUE LA CROIX BARBOUINE;M;4681953.0;-14296.0;790
201800018419;18;4;5;1130;1;1;1;1.0;6.0;222;"LD ""LA COULAISIERE""";M;4673414.0;-52010.0;790
201800018445;18;1;17;1330;1;1;3;1.0;3.0;334;intersection RD27 et rue;M;4983544.0;92010.0;760
201800018448;18;5;4;1530;1;1;1;1.0;3.0;85;route de bertreville;M;4981563.0;103584.0;760
201800018476;18;10;6;1657;1;2;3;1.0;1.0;2;cd 6015;M;4960520.0;63505.0;760
201800018499;18;11;20;1210;1;1;1;2.0;4.0;594;route du havre CD 6015;M;4950364.0;100370.0;760
201800018505;18;6;4;1725;1;1;1;1.0;1.0;161;cd 149;M;4971158.0;72137.0;760
201800018520;18;8;14;820;1;2;2;1.0;3.0;695;Route de la Flamme Olymp;M;4966711.0;49844.0;760
201800018570;18;2;14;1700;1;2;6;1.0;3.0;281;rue de la chapelle;M;4815868.0;754337.0;670
201800018576;18;8;21;825;1;2;6;7.0;3.0;281;rue d'Ohnenheim;M;4816961.0;753762.0;670
201800018582;18;4;10;1130;1;2;1;1.0;3.0;261;26 rue du général Mittel;M;4897481.0;817989.0;670
201800018585;18;10;23;700;2;1;1;1.0;5.0;305;D 248 - PK 07 + 400;M;4893998.0;815380.0;670
201800018630;18;4;6;1400;1;1;2;7.0;3.0;270;RD 12 route du col de Ta;M;4570577.0;630762.0;740
201800018637;18;6;2;1245;1;1;1;1.0;3.0;104;D909 A ROUTE DE TALLOIRE;M;4579537.0;623182.0;740
201800018642;18;7;26;1030;1;1;1;1.0;3.0;275;RD 42 - MONTMIN;M;4579569.0;626006.0;740
201800018644;18;8;17;1300;1;2;2;3.0;3.0;123;rue des épinettes;M;4575259.0;629099.0;740
201800018646;18;9;7;1900;1;2;3;1.0;3.0;104;route de la poste;M;4577488.0;622427.0;740
201800018680;18;6;17;1150;1;1;1;1.0;7.0;223;Lieu-dit Arsonnex, Route;M;4609587.0;659815.0;740
201800018683;18;8;7;1215;1;2;3;1.0;3.0;183;route de sommand;M;4613453.0;652499.0;740
201800018691;18;6;9;1045;1;2;3;1.0;3.0;314;ZAC des Grands Chavanoux;M;4610520.0;595841.0;740
201800018702;18;10;15;1730;1;1;1;1.0;5.0;296;D23;M;4608940.0;603069.0;740
201800018719;18;7;13;800;1;1;1;1.0;3.0;131;RD 1508;M;4601895.0;592042.0;740
201800018731;18;8;28;1843;1;2;1;1.0;2.0;85;903 route de Saint Gerva;M;4583534.0;672952.0;740
201800018734;18;4;5;1640;1;1;6;1.0;3.0;256;RD1205 - avenue de Genèv;M;4596431.0;663016.0;740
201800018737;18;6;7;1840;1;2;3;1.0;3.0;256;Rue de l'hôpital;M;4593660.0;663709.0;740
201800018758;18;3;27;1700;1;2;1;8.0;7.0;663;12, rue d'esquelbec;M;5088327.0;246461.0;590
201800018761;18;7;28;1025;1;2;1;1.0;2.0;663;363 route d'herzeele;M;5088240.0;247613.0;590
201800018765;18;11;9;1110;1;1;1;6.0;6.0;663;cd 18;M;5087794.0;247865.0;590
201800018770;18;5;31;1100;1;2;9;1.0;3.0;262;rue LAFERE;M;5079699.0;264561.0;590
201800018772;18;7;17;1730;1;2;4;1.0;3.0;516;route du calvaire;M;5083796.0;235632.0;590
201800018774;18;9;1;1550;1;1;2;1.0;1.0;587;route départementale 37;M;5079214.0;256499.0;590
201800018789;18;7;26;1325;1;2;1;1.0;3.0;67;Route de Baud;M;4776042.0;-285890.0;560
201800018821;18;7;10;1845;1;1;1;1.0;3.0;149;LE GRAND BEAUFORT;M;4759577.0;-245123.0;560
201800018828;18;8;28;1930;2;1;1;1.0;1.0;184;RD 5 Le Herbon;M;4765298.0;-246977.0;560
201800018844;18;7;30;1010;1;1;3;1.0;1.0;240;la croix de suscinio;M;4751710.0;-272699.0;560
201800018847;18;8;27;1745;1;1;1;1.0;2.0;214;D780, Larguéven;M;4753180.0;-283902.0;560
201800018851;18;10;23;830;2;2;1;1.0;2.0;243;rue Cousteau;M;4764869.0;-272345.0;560
201800018852;18;10;29;1105;1;1;1;1.0;3.0;251;Lieu-dit Le poteau Rouge;M;4764121.0;-269391.0;560
201800018857;18;6;30;1050;1;1;1;7.0;2.0;234;RD768 av du Lizeau;M;4753218.0;-313459.0;560
201800018859;18;7;8;1130;1;2;1;1.0;3.0;34;108 avenue des druides;M;4757400.0;-306873.0;560
201800018894;18;5;29;1245;1;1;1;9.0;6.0;185;Route de Kerdual;M;4777675.0;-339225.0;560
201800018916;18;5;5;1750;1;1;2;1.0;3.0;54;Kerfelicité;M;4762853.0;-314312.0;560
201800018927;18;9;19;1900;1;1;6;1.0;3.0;130;RP de la Madeleine;M;4773921.0;-322602.0;560
201800018942;18;3;7;1840;2;1;1;1.0;7.0;244;lieu-dit Pinieux;M;4781140.0;-249199.0;560
201800018960;18;10;18;1315;1;2;6;1.0;1.0;228;la Paviotaie;M;4780534.0;-240194.0;560
201800018984;18;6;22;1540;1;1;2;1.0;3.0;151;La Ville Neuve Tranle;M;4802823.0;-291627.0;560
201800019003;18;1;11;1615;1;1;6;1.0;2.0;66;GIRATOIRE de GUIRZOUT;M;4815530.0;-359386.0;560
201800019004;18;2;24;1730;1;2;3;1.0;1.0;57;rue du Poher;M;4803136.0;-348696.0;560
201800019031;18;6;20;1525;1;2;6;1.0;3.0;123;Giratoire Rhin et Danube;M;4516231.0;158136.0;190
201800019048;18;6;23;1230;1;1;1;7.0;3.0;154;Lieu-dit ''le péage'';M;4532968.0;145700.0;190
201800019059;18;6;5;900;1;1;1;1.0;7.0;58;LIEU DIT LE NAUDEIX;M;4549520.0;215026.0;190
201800019078;18;5;4;1615;1;2;1;1.0;1.0;37;rue camélinat;M;5019753.0;337926.0;590
201800019083;18;5;22;1630;1;2;3;1.0;1.0;545;rue de la fabrique;M;5005045.0;353791.0;590
201800019089;18;9;3;920;1;2;1;1.0;3.0;624;105 rue Gambetta;M;5002970.0;328787.0;590
201800019100;18;8;2;2120;2;2;4;1.0;3.0;3;Rue de Quiévelon;M;5023649.0;409173.0;590
201800019121;18;5;15;1450;1;1;1;1.0;3.0;367;D38;M;4894807.0;398966.0;510
201800019122;18;6;2;1850;1;1;1;1.0;3.0;158;D40;M;4884322.0;398323.0;510
201800019123;18;6;28;950;1;2;2;1.0;3.0;154;D83;M;4882853.0;408234.0;510
201800019128;18;10;13;1052;1;1;1;7.0;4.0;411;D240;M;4895727.0;398563.0;510
201800019145;18;9;13;910;1;1;1;1.0;3.0;343;D50;M;4855052.0;371615.0;510
201800019146;18;9;24;1220;1;2;3;1.0;3.0;535;MAIL DE MARSEILLE;M;4872254.0;372487.0;510
201800019171;18;9;15;1630;1;2;2;1.0;3.0;291;PLACE DE LA MAIRIE;M;4933567.0;391003.0;510
201800019182;18;4;5;1450;1;1;6;1.0;3.0;88;D30/D966;M;4934770.0;403442.0;510
201800019189;18;4;11;1415;1;1;2;7.0;4.0;90;D39/D44;M;4878483.0;385648.0;510
201800019191;18;7;22;1354;1;1;1;7.0;2.0;165;N4;M;4872812.0;387964.0;510
201800019194;18;4;27;1620;1;1;3;1.0;1.0;387;D29;M;5010985.0;279101.0;620
201800019223;18;4;17;1200;1;2;1;1.0;1.0;635;Rue du 08 mai 1945;M;4873498.0;220987.0;910
201800019229;18;7;8;1055;1;2;3;1.0;3.0;272;Rue Gustave Vatonne / Ru;M;4870220.0;214704.0;910
201800019239;18;10;6;1220;1;2;1;1.0;7.0;26;RUE DE TOUTEVILLE;M;4913210.0;235870.0;950
201800019285;18;5;21;1545;1;2;1;1.0;1.0;235;35 Rue Notre Dame;M;4928728.0;650508.0;570
201800019290;18;10;13;816;1;1;3;1.0;1.0;106;D918;M;4929471.0;654584.0;570
201800019323;18;12;15;1315;1;2;1;1.0;3.0;540;route de Sarrebourg;M;4876897.0;724436.0;570
201800019346;18;4;22;1140;1;1;1;1.0;2.0;556;Route Départementale 30;M;4906386.0;691872.0;570
201800019347;18;5;4;1630;1;1;1;1.0;3.0;325;route de petit tenquin;M;4900167.0;688931.0;570
201800019369;18;10;11;1230;1;2;1;1.0;6.0;173;rue de rennes;M;4821583.0;-169722.0;350
201800019424;18;10;19;1645;1;2;1;1.0;6.0;120;Rue Jean-Moulin;M;4338186.0;570728.0;830
201800019457;18;5;18;1630;1;2;1;1.0;3.0;105;39 avenue de GENEVE;M;4630383.0;629595.0;740
201800019461;18;7;23;1715;1;1;1;1.0;1.0;157;Route de bellevaux;M;4634149.0;653511.0;740
201800019464;18;8;26;900;1;2;6;7.0;3.0;150;D1206;M;4628031.0;631078.0;740
201800019480;18;4;26;1705;1;1;1;1.0;3.0;118;route de Saint Mathieu C;M;4373848.0;390906.0;340
201800019481;18;5;24;1200;1;2;3;1.0;1.0;14;RD 109;M;4370020.0;389924.0;340
201800019488;18;9;14;1830;1;2;1;1.0;3.0;120;rue Fernand Soubeyran;M;4366011.0;391147.0;340
201800019521;18;4;26;1929;1;2;6;1.0;3.0;102;PLACE SAINT-JACQUES;M;4569964.0;-33375.0;160
201800019523;18;6;25;740;1;2;2;1.0;6.0;102;boulevard de PARIS;M;4568845.0;-31886.0;160
201800019527;18;8;15;1120;1;2;3;1.0;1.0;102;RUE DES MINOTIERS;M;4569956.0;-33273.0;160
201800019528;18;8;30;1355;1;2;1;1.0;6.0;102;boulevard de PARIS;M;4568701.0;-32150.0;160
201800019529;18;8;31;2200;5;2;3;1.0;3.0;102;rue TURNER;M;4569068.0;-32714.0;160
201800019537;18;11;14;1710;1;2;3;1.0;5.0;102;AVENUE DE ROYAN;M;4568332.0;-34112.0;160
201800019546;18;11;6;1115;1;2;1;1.0;1.0;185;50 rue des meuniers;M;4845519.0;255226.0;770
201800019564;18;3;28;1345;1;2;6;2.0;3.0;299;., DIERAS AVENUE DU DOCT;M;4594349.0;-97521.0;170
201800019570;18;9;12;950;1;1;1;1.0;6.0;299;R.D.733BIS;M;4592330.0;-96950.0;170
201800019578;18;12;7;815;5;2;6;2.0;3.0;299;BONNET RUE DU DOCTEUR;M;4594539.0;-98299.0;170
201800019579;18;12;20;1755;3;1;6;2.0;3.0;299;BRILLOUET ROND POINT;M;4595847.0;-97878.0;170
201800019583;18;1;9;1505;1;2;6;8.0;3.0;300;Légion d'honneur;M;4616974.0;-115196.0;170
201800019584;18;1;10;1245;1;2;1;1.0;6.0;300;49, AMERIQUES   AVENUE D;M;4614844.0;-115444.0;170
201800019586;18;1;12;1935;5;2;1;1.0;1.0;291;0, MARE   RUE DU FIEF DE;M;4618149.0;-112410.0;170
201800019590;18;1;19;855;1;2;1;1.0;3.0;300;5, VIETE   RUE FRANOIS;M;4614441.0;-114128.0;170
201800019598;18;1;31;730;5;2;3;2.0;3.0;300;12, LECLERC   AVENUE DU;M;4616272.0;-116143.0;170
201800019600;18;2;2;1520;1;2;1;1.0;3.0;300;SARTRE   AVENUE JEAN-PAU;M;4615451.0;-113616.0;170
201800019605;18;2;14;1910;5;2;1;3.0;3.0;300;1.000, CENT-VINGT-TROISI;M;4615281.0;-114862.0;170
201800019614;18;3;9;858;1;2;1;1.0;2.0;300;DURAND  QUAI LOUIS;M;4615859.0;-114937.0;170
201800019615;18;3;9;1430;1;2;3;1.0;3.0;300;1, EINSTEIN   AVENUE ALB;M;4614774.0;-115849.0;170
201800019616;18;3;13;1809;1;2;1;1.0;3.0;300;., CHURCHILL   BOULEVARD;M;4615377.0;-118705.0;170
201800019625;18;4;4;1803;1;2;1;1.0;6.0;300;DAUPHINE  AVENUE DE LA P;M;4616770.0;-115032.0;170
201800019626;18;4;6;1600;1;2;3;1.0;3.0;300;BAZOGES   RUE;M;4616123.0;-115299.0;170
201800019638;18;4;25;2210;5;2;2;1.0;3.0;300;SAINT-YON   RUE;M;4616070.0;-115080.0;170
201800019640;18;4;27;1620;1;2;1;1.0;6.0;300;ALBERT IER   RUE;M;4616370.0;-115202.0;170
201800019651;18;5;17;1720;1;2;3;1.0;3.0;300;LECLERC   AVENUE DU GENE;M;4616268.0;-116142.0;170
201800019654;18;5;25;803;1;2;6;2.0;3.0;200;LAGORD VENDOME   AVENUE;M;4617325.0;-116118.0;170
201800019666;18;6;19;1430;1;2;6;1.0;3.0;300;TRUFFAUT  RUE FRANCOIS;M;4614616.0;-115292.0;170
201800019671;18;6;28;1352;1;2;3;1.0;3.0;300;DENFERT-ROCHEREAU   AVEN;M;4616501.0;-119469.0;170
201800019673;18;7;3;1352;1;2;1;1.0;6.0;274;GRANDE RUE   RUE;M;4615250.0;-110197.0;170
201800019690;18;8;1;135;5;2;1;1.0;6.0;300;CORNES   RUE DE L'OUVRAG;M;4615585.0;-114634.0;170
201800019697;18;8;8;1850;1;2;1;7.0;3.0;300;CHAMP DE MARS   AVENUE D;M;4616944.0;-114886.0;170
201800019698;18;8;9;1813;1;2;1;1.0;6.0;300;DUPERRE   QUAI;M;4615815.0;-115119.0;170
201800019699;18;8;10;820;1;2;1;7.0;1.0;300;CARNOT   AVENUE;M;4616460.0;-118069.0;170
201800019702;18;8;13;2340;5;2;1;1.0;6.0;300;VINCENT   RUE PHILIPPE;M;4615395.0;-117496.0;170
201800019710;18;8;19;1954;1;1;1;1.0;3.0;300;D 106;M;4618225.0;-120836.0;170
201800019719;18;8;31;907;1;2;1;1.0;3.0;300;COGNEHORS   BOULEVARD DE;M;4616950.0;-114779.0;170
201800019721;18;9;2;1155;1;2;2;1.0;3.0;300;THIERS   RUE;M;4616114.0;-114696.0;170
201800019722;18;9;3;1740;1;2;3;1.0;3.0;300;MARILLAC   AVENUE;M;4614115.0;-116055.0;170
201800019735;18;9;19;1555;1;2;1;1.0;1.0;300;POINCARE   AVENUE RAYMON;M;4616627.0;-119054.0;170
201800019738;18;9;24;1738;1;2;1;1.0;1.0;300;FOLLETIER  RUE FRANOIS;M;4614226.0;-115290.0;170
201800019741;18;9;28;1845;1;2;6;1.0;1.0;291;LIBERATION   RUE DE LA;M;4617498.0;-111448.0;170
201800019742;18;9;29;1150;1;2;1;1.0;3.0;291;LIBERATION   RUE DE LA;M;4617704.0;-111534.0;170
201800019747;18;10;1;1540;1;2;2;1.0;3.0;300;JOURDAN   RUE;M;4616424.0;-116046.0;170
201800019748;18;10;1;1605;1;2;1;1.0;3.0;300;OCEAN  ALLEES DE L';M;4614591.0;-115579.0;170
201800019751;18;10;5;1555;1;2;1;1.0;7.0;300;VERDIER   BOULEVARD ARTH;M;4616175.0;-113958.0;170
201800019754;18;10;11;955;1;2;6;1.0;2.0;300;DELMAS   RUE FRANCK;M;4615872.0;-117276.0;170
201800019761;18;10;13;1200;1;2;9;1.0;2.0;300;LECLERC   AVENUE DU GENE;M;4616223.0;-115568.0;170
201800019768;18;10;23;812;1;2;1;1.0;6.0;200;VERGER   RUE DU;M;4618384.0;-116647.0;170
201800019783;18;11;8;804;1;2;6;1.0;3.0;300;SCIERIE   RUE DE LA;M;4614729.0;-115202.0;170
201800019794;18;11;16;1250;1;2;1;1.0;3.0;300;LECLERC   AVENUE DU GENE;M;4616226.0;-115622.0;170
201800019798;18;11;20;1735;2;2;2;1.0;3.0;291;BELGIQUE  RUE;M;4617794.0;-111907.0;170
201800019799;18;11;20;1800;2;2;1;1.0;3.0;300;DENFERT-ROCHEREAU   AVEN;M;4616393.0;-120779.0;170
201800019808;18;12;1;1724;2;2;6;3.0;3.0;274;ECOLES   RUE DES;M;4616761.0;-111097.0;170
201800019810;18;12;4;1715;1;2;1;1.0;7.0;300;MONTCALM   RUE;M;4616815.0;-121188.0;170
201800019811;18;12;6;2325;5;2;1;8.0;6.0;300;ROMPSAY   AVENUE DE;M;4616158.0;-114011.0;170
201800019816;18;12;10;825;1;2;1;1.0;6.0;300;THIERS   RUE;M;4616130.0;-114804.0;170
201800019818;18;12;11;800;1;2;2;1.0;3.0;300;GAMBETTA   AVENUE;M;4616160.0;-114552.0;170
201800019823;18;12;21;1556;1;2;6;3.0;3.0;300;CARNOT   AVENUE;M;4616450.0;-118181.0;170
201800019858;18;7;23;1920;1;2;6;1.0;3.0;461;GARNIER (AVENUE  FREDERI;M;4563658.0;-107004.0;170
201800019859;18;7;29;1225;1;2;1;1.0;3.0;306;REPUBLIQUE (DE LA) (BD);M;4562430.0;-102840.0;170
201800019861;18;6;28;1653;1;2;2;1.0;1.0;306;AQUITAINE (ALIENOR D') (;M;4561927.0;-100685.0;170
201800019950;18;8;18;2330;3;1;1;1.0;3.0;21;route de CLAIRA - Départ;M;4273740.0;294154.0;660
201800019952;18;10;22;1135;1;1;6;1.0;3.0;21;ROND POINT DES MOISSONS;M;4272660.0;294653.0;660
201800019965;18;1;12;2025;3;2;1;1.0;2.0;294;Avenue des Rondaizes;M;4780165.0;99720.0;410
201800019985;18;7;6;1115;1;2;3;1.0;3.0;385;Intersection rue St Nico;M;4884848.0;323189.0;770
201800019993;18;3;11;900;1;1;1;1.0;2.0;424;D956;M;5021308.0;294969.0;620
201800020009;18;5;6;955;1;1;1;7.0;2.0;378;RD 56;M;5030290.0;264575.0;620
201800020013;18;9;5;1755;1;2;2;2.0;3.0;689;Route de Monchy;M;5020753.0;269008.0;620
201800020029;18;2;18;1045;1;2;1;1.0;4.0;886;15 rue du catelet;M;5057922.0;195417.0;620
201800020032;18;4;25;1215;1;2;1;1.0;6.0;554;7 rue de la dordogne;M;5052962.0;173045.0;620
201800020035;18;6;24;1030;1;1;1;1.0;7.0;670;Cd 150;M;5057519.0;188197.0;620
201800020100;18;4;22;1400;1;1;1;1.0;3.0;54;D554 - Route de la Crau;M;4315980.0;605494.0;830
201800020102;18;6;27;1845;1;2;6;7.0;6.0;130;rond point Antoine PINAY;M;4318120.0;607949.0;830
201800020106;18;10;6;1149;1;2;9;1.0;7.0;17;CD554;M;4324617.0;599991.0;830
201800020129;18;4;27;1605;1;1;1;1.0;6.0;156;LIEU-DIT LES BERNÈS;M;4449260.0;7222.0;470
201800020173;18;4;27;1520;1;2;4;1.0;1.0;334;Rue Paul Cezanne;M;4402616.0;441665.0;300
201800020177;18;6;29;1800;1;1;1;7.0;7.0;14;route départementale 120;M;4399967.0;436484.0;300
201800020210;18;7;13;1955;1;2;3;1.0;3.0;221;avenue de la gare;M;4404961.0;477568.0;300
201800020216;18;5;5;1230;1;1;1;1.0;7.0;456;Route;M;4483850.0;579753.0;380
201800020234;18;4;18;1346;1;2;3;1.0;3.0;33;ORLEANS (AVENUE D');M;4708947.0;238473.0;180
201800020253;18;8;19;2357;3;1;1;1.0;2.0;33;RN 151;M;4705204.0;234825.0;180
201800020260;18;9;25;1800;1;2;1;1.0;1.0;33;LOUPS (RUE DE LA SENTE A;M;4710145.0;239934.0;180
201800020262;18;11;1;310;5;2;1;8.0;4.0;33;DUN-SUR-AURON (AV DE);M;4707122.0;241225.0;180
201800020265;18;11;22;1400;1;2;3;8.0;3.0;33;BERANGER (RUE);M;4708095.0;238697.0;180
201800020377;18;6;30;1345;1;2;2;1.0;3.0;418;7 rue de Soufflenheim;M;4882188.0;800637.0;670
201800020378;18;9;18;1220;1;2;3;1.0;1.0;106;105 rue du Général de G;M;4876089.0;795166.0;670
201800020380;18;10;9;1345;1;1;1;1.0;2.0;472;RD37;M;4883240.0;796295.0;670
201800020382;18;11;27;1000;1;2;2;1.0;7.0;106;rue beethoven;M;4876171.0;795125.0;670
201800020403;18;10;12;1850;1;2;2;1.0;1.0;137;rue de la croix blanche;M;4736354.0;-201120.0;440
201800020463;18;6;14;1330;1;2;1;1.0;7.0;279;VAILLANT (AVENUE EDOUARD;M;4723188.0;206124.0;180
201800020468;18;8;15;2015;1;2;1;7.0;3.0;279;BELLON (ROUTE DE) JUSQU';M;4721446.0;206949.0;180
201800020471;18;10;9;1620;1;2;6;1.0;3.0;279;MITTERRAND ( RUE FRANCOI;M;4722000.0;206000.0;180
201800020475;18;12;13;815;2;2;2;1.0;3.0;279;LIBERTE (BOULEVARD DE LA;M;4722733.0;206416.0;180
201800020486;18;1;8;1820;3;2;1;1.0;3.0;58;23 route de l'Epau;M;4799046.0;24060.0;720
201800020492;18;4;11;1643;1;2;1;1.0;6.0;58;Les épinettes;M;4796358.0;24415.0;720
201800020493;18;4;24;1945;1;1;1;1.0;3.0;200;rue du belinois;M;4789380.0;21881.0;720
201800020513;18;11;8;1330;1;2;1;1.0;1.0;299;rue fierbois;M;4787140.0;32677.0;720
201800020528;18;9;22;1530;1;2;1;1.0;7.0;324;rue du moulin;M;4322915.0;23281.0;650
201800020530;18;3;29;1810;1;2;6;1.0;3.0;19;rond point de la baou;M;4313883.0;635121.0;830
201800020531;18;4;26;1545;1;2;6;1.0;3.0;19;rond point de la baou;M;4313883.0;635121.0;830
201800020547;18;10;6;1010;1;1;1;1.0;3.0;70;avenue de la 1 ere DFL;M;4314485.0;638484.0;830
201800020563;18;1;30;1750;2;2;3;1.0;3.0;31;0, MAILLARD (AVENUE);M;4516544.0;153697.0;190
201800020621;18;9;21;640;2;2;6;1.0;3.0;31;CARIVEN (CARREFOUR);M;4516501.0;153180.0;190
201800020629;18;10;18;1205;1;2;2;1.0;3.0;31;SEMARD (AVENUE PIERRE) A;M;4515434.0;151221.0;190
201800020645;18;2;18;1030;1;1;1;7.0;3.0;641;Mille Brugghe Straete;M;5097616.0;250985.0;590
201800020651;18;10;10;1207;1;2;2;1.0;3.0;107;Rue Pierre Decock;M;5106711.0;251774.0;590
201800020655;18;4;21;155;5;2;1;1.0;6.0;272;4 septembre(Rue du);M;4525731.0;175292.0;190
201800020659;18;9;18;2045;5;2;1;1.0;6.0;272;Aristide Briand (Quai);M;4527033.0;177573.0;190
201800020674;18;6;23;1335;1;2;3;1.0;3.0;275;LIBERTE (RUE DE LA)L;M;4554695.0;230941.0;190
201800020681;18;1;20;1925;5;2;1;3.0;2.0;54;80, SAINT-NICOLAS (RUE D;M;4703074.0;484186.0;210
201800020685;18;6;9;830;1;2;3;1.0;3.0;54;PERPREUIL (RUE DU FAUBOU;M;4702009.0;483936.0;210
201800020686;18;6;11;1405;1;2;1;1.0;3.0;54;NAIGEONS (RUE DES);M;4702242.0;484348.0;210
201800020687;18;6;19;1050;1;2;1;1.0;6.0;54;POMMARD (ROUTE DE);M;4701734.0;482419.0;210
201800020693;18;1;5;1157;1;2;3;2.0;3.0;231;CHARLES VEQUE (RUE);M;4718588.0;515052.0;210
201800020700;18;1;24;750;5;2;1;1.0;3.0;231;WILSON (PLACE);M;4731543.0;504263.0;210
201800020702;18;2;19;1320;1;2;2;1.0;3.0;231;., TABOUROT DES ACCORDS;M;4719114.0;522630.0;210
201800020703;18;2;26;840;1;2;2;7.0;3.0;231;MANSART (BOULEVARD);M;4718370.0;533598.0;210
201800020707;18;3;10;1110;1;2;3;2.0;3.0;231;., DRAPEAU (DU) (AVENUE);M;4720265.0;524104.0;210
201800020714;18;4;12;515;3;1;1;1.0;2.0;231;MONT BLANC (DU) (AVENUE);M;4717477.0;545587.0;210
201800020716;18;4;24;1450;1;2;1;1.0;2.0;166;14 JUILLET (AVENUE);M;4717678.0;501705.0;210
201800020738;18;9;18;800;1;2;6;1.0;3.0;278;FAUBOURG ST NICOLAS (DU);M;4720216.0;515230.0;210
201800020739;18;9;21;125;5;2;2;1.0;3.0;231;KENNEDY (JOHN) (BOULEVAR;M;4730879.0;503362.0;210
201800020741;18;10;8;1910;5;2;3;1.0;3.0;231;CHENOVE (DE) (RUE);M;4730323.0;501981.0;210
201800020746;18;11;30;750;3;2;1;3.0;3.0;231;AHUY (D') (ROUTE);M;4734732.0;503509.0;210
201800020748;18;12;14;1340;1;2;1;1.0;2.0;278;ARGONNE (D') (RUE);M;4733873.0;502518.0;210
201800020759;18;3;7;1435;1;2;1;1.0;3.0;113;RUE saint marc;M;4873407.0;-344430.0;220
201800020764;18;5;7;1210;1;2;6;1.0;3.0;113;ARMOR (BOULEVARD D');M;4874643.0;-346667.0;220
201800020794;18;1;31;1120;1;2;6;1.0;2.0;278;MAZIER (ANTOINE);M;4851412.0;-274228.0;220
201800020802;18;2;17;1905;2;2;1;1.0;3.0;360;3, SEGUIN (RUE MARC);M;4849227.0;-272701.0;220
201800020818;18;3;31;1010;1;2;6;1.0;6.0;278;0, CLEMENCEAU (BD);M;4851121.0;-276188.0;220