Num_Acc;an;mois;jour;hrmn;lum;agg;int;atm;col;com;adr;gps;lat;long;dep
201800020829;18;5;4;125;3;2;1;1.0;3.0;278;BREST (DE);M;4851224.0;-276697.0;220
201800020831;18;5;4;1855;1;2;2;1.0;3.0;278;PRADAL (CHARLES);M;4850015.0;-275122.0;220
201800020837;18;5;28;1320;1;2;1;1.0;3.0;278;BALZAC;M;4851405.0;-274271.0;220
201800020839;18;6;7;1615;1;2;1;2.0;2.0;106;GREVES (Rue des);M;4849728.0;-268926.0;220
201800020843;18;6;15;1506;1;2;3;1.0;3.0;106;EIFFEL (RUE GUSTAVE);M;4850125.0;-273428.0;220
201800020851;18;7;7;1953;1;2;6;1.0;3.0;278;ABERYSTWYTH (RD-PT);M;4849821.0;-275195.0;220
201800020858;18;7;24;815;1;1;1;1.0;6.0;187;ville neuve (rue de la );M;4853579.0;-276304.0;220
201800020860;18;8;1;1325;1;1;6;1.0;2.0;106;BREST (RUE DE);M;4850063.0;-272999.0;220
201800020863;18;8;8;1200;1;2;6;1.0;3.0;278;ABERYSTWYTH (RD-PT);M;4849801.0;-275299.0;220
201800020866;18;8;20;2100;1;2;1;1.0;2.0;278;BALZAC;M;4851410.0;-274624.0;220
201800020878;18;9;19;1747;1;2;6;1.0;3.0;215;CARPONT (LE);M;4850061.0;-277674.0;220
201800020884;18;10;5;830;1;2;1;1.0;6.0;278;SAINT-FRANCOIS;M;4851151.0;-275942.0;220
201800020885;18;10;9;900;1;2;6;1.0;3.0;360;EPINE BLANCHE (RUE DE L';M;4849246.0;-273919.0;220
201800020886;18;10;9;845;1;1;6;1.0;3.0;278;FERRY (JULES);M;4849872.0;-277171.0;220
201800020887;18;10;12;1650;1;2;1;1.0;3.0;215;MERLET (RUE DE);M;4848996.0;-281227.0;220
201800020889;18;10;5;830;1;1;1;1.0;7.0;215;rue de Coëtquen;M;4846871.0;-279035.0;220
201800020896;18;10;26;1915;1;2;1;1.0;6.0;278;GARNIER (ABBE);M;4850564.0;-276152.0;220
201800020921;18;9;26;1750;1;2;3;1.0;6.0;96;BERRY (AVENUE);M;4618039.0;188404.0;230
201800020935;18;7;7;2145;1;2;1;1.0;7.0;322;VOIE DES STADES;M;4520120.0;69257.0;240
201800020939;18;9;13;1545;1;1;1;1.0;3.0;256;ROUTE DE BORDEAUX;M;4518954.0;67639.0;240
201800020971;18;4;9;1916;1;2;5;2.0;2.0;56;DOLE RUE DE (entre 185 e;M;4722648.0;597829.0;250
201800020979;18;4;19;740;1;2;6;1.0;3.0;56;MONTBOUCONS CHEMIN DES;M;4725379.0;599631.0;250
201800020984;18;5;6;1530;1;2;1;1.0;1.0;56;CASSIN PLACE RENE;M;4721823.0;597035.0;250
201800020990;18;5;17;1150;1;2;1;1.0;3.0;56;MONTJOUX  AVENUE DE;M;4724849.0;601489.0;250
201800020994;18;5;21;1345;1;2;1;1.0;3.0;56;CASAMENE  CH. DE HALAGE;M;4721778.0;601982.0;250
201800020997;18;6;8;1655;1;2;1;1.0;3.0;56;GAUGUIN RUE PAUL;M;4721727.0;597746.0;250
201800020998;18;6;8;1605;1;2;6;1.0;3.0;56;MONTBOUCONS CHEMIN DES;M;4725583.0;599453.0;250
201800021006;18;6;18;1045;1;2;1;1.0;3.0;56;HUIT MAI 1945 AVENUE DU;M;4723466.0;601926.0;250
201800021007;18;6;19;830;1;2;3;1.0;3.0;56;VESOUL RUE DE (inf 52);M;4724964.0;601961.0;250
201800021008;18;6;20;745;1;2;1;1.0;3.0;56;MICHEL  AVENUE LOUISE;M;4723579.0;601418.0;250
201800021016;18;7;10;955;1;2;1;1.0;3.0;56;FLEMING BOULEVARD;M;4722684.0;596549.0;250
201800021024;18;7;30;850;1;2;9;1.0;3.0;56;CHOPARD RUE ALEXIS;M;4724831.0;603197.0;250
201800021025;18;8;1;1135;1;2;1;7.0;2.0;56;JARDINS RUE DES;M;4725009.0;603689.0;250
201800021027;18;8;4;2038;1;2;1;1.0;3.0;56;CARNOT AVENUE;M;4724569.0;602738.0;250
201800021032;18;8;25;1727;1;2;1;2.0;3.0;56;BELFORT RUE DE BELFORT (;M;4726141.0;604864.0;250
201800021039;18;9;19;1925;1;2;3;1.0;3.0;56;LAGRANGE  AVENUE LEO;M;4724304.0;600772.0;250
201800021042;18;10;4;1800;1;2;9;1.0;3.0;56;PAIX  AVENUE DE LA;M;4724596.0;602126.0;250
201800021052;18;11;8;1415;1;2;9;1.0;3.0;56;PAIX  AVENUE DE LA;M;4724566.0;602044.0;250
201800021058;18;12;5;625;5;2;6;2.0;1.0;56;VIGNY  RUE ALFRED;M;4721790.0;596480.0;250
201800021085;18;9;22;1900;1;2;1;1.0;6.0;539;BANNOT (RUE DU);M;4751209.0;679419.0;250
201800021097;18;4;20;1440;1;2;3;1.0;3.0;462;SALENGRO R. PLACE;M;4690364.0;635281.0;250
201800021109;18;7;20;1510;1;1;6;3.0;3.0;462;ROCADE G.POMPIDOU ( DE 0;M;4689997.0;633486.0;250
201800021114;18;10;3;1040;1;2;9;1.0;6.0;204;Chausse   (de la);M;4692484.0;634984.0;250
201800021115;18;10;6;1735;1;2;7;1.0;6.0;462;LARMONT (CHEMIN DU);M;4689455.0;636648.0;250
201800021116;18;10;11;1217;1;2;3;1.0;3.0;462;MOULIN PARNET DU;M;4690692.0;635368.0;250
201800021119;18;10;19;1400;1;1;1;1.0;2.0;462;SALINS DE (DU 64 A LA FI;M;4691094.0;633025.0;250
201800021120;18;10;25;1327;1;2;9;1.0;2.0;462;SALINS DE (DU 16 AU 63);M;4690872.0;633886.0;250
201800021123;18;11;23;700;5;2;2;1.0;3.0;462;ROCADE G.POMPIDOU (DU 7;M;4690033.0;635668.0;250
201800021134;18;6;28;1725;1;2;1;1.0;1.0;380;ROUTE DES VIGNES;M;;;260
201800021136;18;9;2;1730;1;2;1;1.0;3.0;9;RN7 LE CREUX DE LA THINE;M;4526025.0;482339.0;260
201800021146;18;6;7;1425;1;1;1;1.0;5.0;162;rue paradis Straete;M;5091560.0;239256.0;590
201800021149;18;9;28;1210;1;2;1;2.0;2.0;67;rue Lamartine;M;5096750.0;243240.0;590
201800021156;18;4;16;920;1;1;1;1.0;3.0;83;ROUTE DE NIORT;M;4611078.0;-10896.0;790
201800021174;18;9;22;2030;3;2;1;2.0;1.0;15;cd 143;M;5043586.0;165175.0;620
201800021183;18;3;8;2200;3;1;1;9.0;3.0;653;chemin de la justice;M;5056622.0;292894.0;590
201800021193;18;6;15;1845;2;2;1;1.0;7.0;33;Rue Pingon;M;4610811.0;582955.0;10
201800021243;18;11;11;1108;1;2;1;1.0;3.0;198;TEIL (Route du);M;4455673.0;472639.0;260
201800021253;18;6;25;2020;2;2;6;1.0;3.0;281;ROND POINT DEVAL;M;4504531.0;504636.0;260
201800021263;18;7;18;1255;1;2;1;1.0;3.0;281;AVENUE EMILE ZOLA;M;4505029.0;505779.0;260
201800021277;18;2;27;1330;1;2;1;1.0;3.0;362;11 RUE DE LA CECILE;M;4492247.0;488982.0;260
201800021286;18;4;18;1900;1;2;1;1.0;6.0;362;RUE DE GRANDS HORIZONS;M;4490929.0;492024.0;260
201800021302;18;8;23;1510;1;1;6;1.0;3.0;362;ROUTE DE MONTELEGER;M;4489589.0;491596.0;260
201800021306;18;10;24;1830;1;2;6;1.0;3.0;362;LECARDONNEL PLACE LOUIS;M;4493677.0;489020.0;260
201800021312;18;12;1;915;1;2;3;2.0;1.0;362;FAVENTINES RUE;M;4492131.0;490823.0;260
201800021319;18;4;15;1330;1;1;1;8.0;3.0;33;M1;M;4378531.0;719627.0;60
201800021328;18;8;29;900;1;2;4;1.0;3.0;33;M1 / route Jean Natale;M;4379209.0;718503.0;60
201800021329;18;9;8;1200;1;1;9;1.0;3.0;46;Lieu dit Le Golfan, RD 4;M;4375857.0;720790.0;60
201800021343;18;6;4;1900;1;2;3;1.0;3.0;270;165 rue du village;M;4538112.0;554208.0;380
201800021345;18;6;30;1020;1;1;1;1.0;2.0;383;Route de Voiron - D520;M;4536930.0;563788.0;380
201800021406;18;4;19;1645;1;2;9;1.0;3.0;229;SAINT ANDRE (ROUTE DE);M;4900947.0;116723.0;270
201800021439;18;10;1;1000;1;2;6;1.0;3.0;229;JOFFRE (AVENUE DU MARECH;M;4903281.0;115551.0;270
201800021477;18;1;5;1120;1;1;2;1.0;3.0;701;ANDELLE (CHAUSSEE D');M;4928046.0;122624.0;270
201800021549;18;5;6;1105;1;1;4;1.0;3.0;681;DE LATTRE DE TASSIGNY (A;M;4907676.0;146408.0;270
201800021559;18;8;4;940;1;2;4;1.0;3.0;681;DE LATTRE DE TASSIGNY Av;M;4907687.0;146418.0;270
201800021574;18;12;23;1755;5;2;1;8.0;6.0;681;FOCH (AVENUE DU MARECHAL;M;4909547.0;147438.0;270
201800021583;18;12;12;1810;5;2;6;1.0;6.0;142;Rue de Lieutenant BOTTON;M;4618571.0;-106015.0;170
201800021601;18;9;28;1200;1;1;4;1.0;6.0;363;Carrefour formé par la D;M;4864575.0;219534.0;910
201800021605;18;11;2;1245;1;2;1;1.0;3.0;363;30, boulevard nelaton;M;4864290.0;222854.0;910
201800021634;18;2;14;1540;1;2;1;2.0;3.0;229;PHILIPPE (AVENUE GERARD);M;4845176.0;145235.0;280
201800021643;18;7;3;1400;1;2;7;1.0;3.0;85;POILLOT (RUE EDMOND);M;4843831.0;151634.0;280
201800021645;18;7;26;1030;1;1;1;1.0;7.0;229;D105;M;4845670.0;145894.0;280
201800021646;18;8;30;715;5;2;1;1.0;3.0;85;NEIGRE (AVENUE);M;4845133.0;149503.0;280
201800021648;18;9;8;2130;5;2;2;1.0;1.0;85;SAINT THOMAS (RUE);M;4844007.0;148795.0;280
201800021662;18;9;25;1135;1;1;9;7.0;3.0;182;route de renaison;M;4605133.0;395319.0;420
201800021691;18;5;4;1805;1;2;6;1.0;3.0;213;Rond point de l'EHPAD de;M;4591912.0;606947.0;740
201800021696;18;9;4;2000;1;2;1;1.0;2.0;217;ROUTE DE GENÈVE;M;4594373.0;612296.0;740
201800021703;18;12;5;820;1;2;6;1.0;1.0;182;Rue de l'aérodrome;M;4592303.0;609861.0;740
201800021706;18;12;21;1435;1;2;6;2.0;6.0;182;Route de Frangy;M;4591719.0;609019.0;740
201800021791;18;4;18;1515;1;2;6;1.0;3.0;354;rue de Lyon;M;4624547.0;602344.0;10
201800021816;18;2;8;740;1;2;2;1.0;3.0;437;rue du Maréchal  Joffre;M;4874068.0;736982.0;670
201800021826;18;6;19;1540;1;2;6;1.0;7.0;48;rond point du débarqueme;M;4319162.0;655641.0;830
201800021832;18;4;18;1450;1;2;1;1.0;7.0;532;CD 41;M;4867372.0;751565.0;670
201800021839;18;1;8;1355;1;1;2;1.0;3.0;45;LIEU-DIT BELLEVUE;M;4779546.0;-200918.0;350
201800021855;18;5;13;1740;1;1;1;1.0;4.0;77;D178 - PK 52+077;M;4786827.0;-127459.0;350
201800021860;18;9;28;940;1;1;2;7.0;3.0;235;Lieu-dit La Maison Neuve;M;4791578.0;-120509.0;350
201800021867;18;1;16;1055;1;2;1;1.0;3.0;491;19 rue Robert Parfait;M;5062729.0;277184.0;620
201800021869;18;1;30;920;1;2;2;7.0;3.0;491;rue du vieux moulin;M;5061209.0;278241.0;620
201800021870;18;5;8;935;1;2;1;1.0;5.0;252;route d'Armentieres;M;5056131.0;271564.0;620
201800021874;18;10;20;1315;1;2;3;1.0;3.0;252;1101 rue de lobiau;M;5057406.0;272643.0;620
201800021894;18;8;19;1045;1;1;1;1.0;1.0;70;vernelle   -   Pk 20+350;M;4658872.0;64615.0;860
201800021912;18;10;13;920;1;1;3;1.0;3.0;71;Route de la Plaine;M;4630837.0;606700.0;10
201800021938;18;10;10;1115;1;1;8;1.0;7.0;410;AVENUE DU LAC - D281;M;4338130.0;-59580.0;640
201800021940;18;10;30;1645;1;2;4;1.0;3.0;61;ROUTE DE CESCAU;M;4339980.0;-56650.0;640
201800021944;18;5;21;1100;1;2;1;1.0;3.0;20;70 R de Bale;M;4781071.0;750605.0;680
201800021961;18;5;23;1430;1;2;1;1.0;1.0;322;chemin du bret;M;4593038.0;482157.0;10
201800021973;18;5;13;1700;1;1;3;1.0;2.0;358;intersection D327-3 et D;M;4850720.0;151351.0;280
201800021997;18;1;12;1940;5;2;3;1.0;3.0;19;EUSEN VICTOR;M;4838016.0;-453340.0;290
201800022003;18;1;18;1630;1;2;1;1.0;7.0;19;., FRANCE ANATOLE (DE 1;M;4838316.0;-450920.0;290
201800022015;18;3;7;2030;5;2;2;1.0;3.0;19;65, JAURES JEAN (DE 44 A;M;4839338.0;-448114.0;290
201800022019;18;3;13;900;1;2;3;1.0;6.0;19;COLIN ANDRE;M;4842590.0;-447045.0;290
201800022032;18;4;4;750;5;2;2;2.0;2.0;19;PORTZMOGUER;M;4839404.0;-449617.0;290
201800022044;18;4;27;910;1;2;2;8.0;3.0;19;JAURES JEAN (DE 44 A 108;M;4839339.0;-448115.0;290
201800022052;18;5;22;825;1;2;6;1.0;3.0;19;VALY HIR (DE 21 A 57 ET;M;4838539.0;-452817.0;290
201800022072;18;6;23;1222;1;2;6;1.0;3.0;19;MELVILLE HERMAN (ROND PO;M;4838671.0;-447082.0;290
201800022105;18;9;13;1619;1;2;6;1.0;2.0;19;ROND POINT DE KERESSEIS;M;4839520.0;-453864.0;290
201800022106;18;9;24;830;1;2;1;1.0;3.0;19;TANGUY DU CHATEL;M;4837980.0;-453379.0;290
201800022114;18;10;4;735;1;2;1;1.0;3.0;19;GREBES (ROND POINT);M;4838899.0;-445832.0;290
201800022115;18;10;5;1333;1;2;3;1.0;3.0;19;DONNART MATHIEU (DE 1 A;M;4839940.0;-448534.0;290
201800022124;18;10;9;1910;1;2;6;1.0;3.0;19;KERVAO;M;4842333.0;-450518.0;290
201800022129;18;10;15;945;1;2;1;1.0;3.0;19;DESFOSSES ROMAIN (AMIRAL;M;4842640.0;-447780.0;290
201800022133;18;10;22;650;2;2;6;2.0;3.0;19;DUQUESNE (DE 8 ET 13 A 2;M;4839144.0;-448842.0;290
201800022145;18;11;20;1850;5;2;6;2.0;3.0;19;FOCH MARECHAL;M;4839206.0;-448760.0;290
201800022159;18;12;10;1700;1;2;6;1.0;3.0;19;LESVEN JULES (DE 26 A 58;M;4840924.0;-448255.0;290
201800022172;18;12;28;855;1;2;2;1.0;3.0;19;SAINT MARC (DE 64 A 112;M;4841620.0;-446819.0;290
201800022207;18;8;10;1135;1;2;1;1.0;1.0;39;BONNIER ( RUE GASTON);M;4786877.0;-390014.0;290
201800022208;18;8;11;140;5;2;3;1.0;1.0;39;MOROS ( QUAI RIVE GAUCHE;M;4787593.0;-390648.0;290
201800022210;18;8;25;1740;1;2;6;1.0;3.0;39;maison blanche (rond poi;M;4788839.0;-391888.0;290
201800022219;18;11;29;1705;1;2;1;8.0;7.0;39;CARNOT ( QUAI);M;4787472.0;-391721.0;290
201800022222;18;12;27;1520;1;2;1;1.0;6.0;39;KERVINIOU ( RUE DE );M;4786293.0;-388701.0;290
201800022248;18;1;17;1500;1;2;2;8.0;3.0;224;29 rue principale;M;4906926.0;668441.0;570
201800022270;18;1;17;2000;3;1;1;1.0;6.0;232;ERGUE ARMEL BOULEVARD D';M;4798875.0;-407470.0;290
201800022315;18;3;4;1235;1;2;1;1.0;6.0;232;., KERIVOAL RUE;M;4800680.0;-410964.0;290
201800022319;18;4;12;1205;1;2;1;1.0;2.0;232;PONTIGOU RUE DU;M;4800117.0;-411322.0;290
201800022324;18;4;26;1410;1;2;1;1.0;3.0;232;GUTENBERG BOULEVARD;M;4758578.0;443104.0;290
201800022331;18;5;13;855;1;2;6;1.0;3.0;232;EAU BLANCHE ROND POINT D;M;4799018.0;-407363.0;290
201800022333;18;5;15;1517;1;2;1;1.0;3.0;232;PONT L'ABBE ROUTE DE;M;4798261.0;-412054.0;290
201800022358;18;6;25;1210;1;2;9;1.0;3.0;232;56 AV DE KERADENNEC;M;4797629.0;-407841.0;290
201800022362;18;6;28;1900;1;2;1;1.0;2.0;232;PONT L'ABBE ROUTE DE;M;4798560.0;-412037.0;290
201800022404;18;9;29;1845;1;2;2;1.0;3.0;232;STANG AR C'HOAT RUE;M;4799937.0;-409626.0;290
201800022424;18;12;4;1952;5;2;3;2.0;6.0;232;JAURES JEAN  RUE;M;4799352.0;-409894.0;290
201800022425;18;12;6;1835;5;2;6;2.0;3.0;232;DE BOURNAZEL HENRI RUE;M;4800236.0;-410779.0;290
201800022439;18;4;14;1600;1;2;3;1.0;1.0;23;D 47 le bourg;M;4426834.0;154341.0;460
201800022461;18;7;31;1500;1;2;9;1.0;3.0;256;rue de la montagne;M;4928250.0;200724.0;600
201800022469;18;1;3;1525;1;2;6;1.0;3.0;7;CARNOT (AVE);M;4412125.0;409208.0;300
201800022479;18;1;28;1520;1;2;1;1.0;3.0;7;BOISSIER DE SAUVAGE (qua;M;4412699.0;407571.0;300
201800022500;18;8;19;1230;1;2;6;1.0;3.0;7;DE GAULLE (AVE DU GENERA;M;4412703.0;408222.0;300
201800022530;18;1;13;1050;1;2;2;1.0;3.0;189;SAINT GILLES (ROUTE);M;4381515.0;436852.0;300
201800022555;18;3;31;1247;1;2;6;1.0;3.0;189;ALLENDE SALVADOR (RUE);M;4382428.0;436959.0;300
201800022563;18;5;12;1200;1;2;6;1.0;2.0;189;BEAUCAIRE (ROUTE);M;4383665.0;439394.0;300
201800022573;18;6;14;1655;1;2;2;1.0;3.0;189;CLERISSEAU (RUE);M;4384165.0;435958.0;300
201800022577;18;6;20;2030;1;1;1;1.0;1.0;189;SAUVE (ROUTE);M;4384808.0;429042.0;300
201800022578;18;6;22;840;1;2;9;1.0;3.0;189;CIGALE (CHEMIN);M;4384190.0;434039.0;300
201800022582;18;4;22;2010;1;2;3;1.0;3.0;189;MONNET JEAN (COURS);M;4381604.0;434819.0;300
201800022599;18;8;28;735;1;2;3;1.0;3.0;189;PUECH DU TEIL (RUE OU IM;M;4382609.0;435085.0;300
201800022609;18;9;18;1215;1;2;2;1.0;6.0;189;MONTPELLIER (ROUTE DE);M;4380760.0;432490.0;300
201800022611;18;9;21;1414;1;2;2;8.0;2.0;189;REPUBLIQUE (RUE);M;4382840.0;435480.0;300
201800022616;18;10;1;700;2;2;1;1.0;3.0;189;PAVLOV (AVENUE);M;4381209.0;432045.0;300
201800022710;18;6;8;2000;1;2;2;1.0;7.0;135;Route d'ORANGE;M;4421075.0;480137.0;840
201800022714;18;2;8;730;3;2;1;1.0;2.0;203;Avenue des Corbières;M;4319308.0;275564.0;110
201800022739;18;8;26;1030;1;1;1;7.0;2.0;29;Ronces Rousses;M;4846420.0;-174112.0;350
201800022757;18;5;5;740;1;2;1;1.0;2.0;621;37 route d'audruicq;M;5087653.0;202921.0;620
201800022793;18;9;7;1510;1;1;1;1.0;3.0;161;RD1091;M;4493802.0;657830.0;50
201800022794;18;10;24;1515;1;1;1;1.0;3.0;161;CD1091;M;4493772.0;657918.0;50
201800022795;18;2;10;1335;1;1;1;1.0;6.0;445;route des romains;M;4830114.0;736121.0;670
201800022797;18;6;15;1530;1;2;3;1.0;1.0;115;06 rue du Buhl;M;4830536.0;750300.0;670
201800022799;18;7;3;1325;1;1;1;1.0;7.0;73;CD35;M;4828187.0;740221.0;670
201800022801;18;7;27;830;1;2;6;1.0;3.0;115;40 route nationale;M;4830503.0;749906.0;670
201800022805;18;10;16;1340;1;2;1;1.0;1.0;317;7 rue de l'église;M;4830636.0;733763.0;670
201800022816;18;4;16;2000;1;2;2;1.0;3.0;483;POMPIDOU GEORGES ( RUE );M;4311286.0;72091.0;310
201800022836;18;11;27;855;1;2;1;7.0;1.0;483;CHAPELLE (VOIE DE LA );M;4310553.0;69849.0;310
201800022847;18;8;11;930;1;1;1;1.0;2.0;277;PR 13 CD147;M;4574002.0;502393.0;690
201800022849;18;9;19;815;1;2;6;1.0;3.0;277;rue roger salengro;M;4572869.0;498808.0;690
201800022858;18;1;2;930;1;2;1;2.0;3.0;555;999, RUE DU FAUBOURG BON;M;4361603.0;145320.0;310
201800022875;18;1;10;1305;1;2;1;1.0;6.0;555;20, SAINT SAUVEUR (PORT);M;4359612.0;145673.0;310
201800022895;18;1;22;2000;5;2;1;2.0;3.0;149;999, BRUNAUD (AVENUE YVE;M;4361543.0;134297.0;310
201800022929;18;2;12;1125;1;2;1;1.0;6.0;555;19, PL ETIENNE ESQUIROL;M;4360028.0;144525.0;310
201800022930;18;2;12;1940;3;2;1;1.0;3.0;555;RUE DE NEGOGOUSSES;M;4359300.0;141295.0;310
201800022945;18;3;1;1735;1;2;1;6.0;1.0;555;60, RUE DE NEGRENEYS;M;4361948.0;144104.0;310
201800022951;18;3;5;855;1;2;1;1.0;3.0;555;999, CHE DU RAMELET MOUN;M;4358018.0;136208.0;310
201800022973;18;3;13;2230;5;2;1;1.0;3.0;555;8, RUE DU FAUBOURG BONNE;M;4361652.0;145370.0;310
201800022975;18;3;14;1130;1;2;1;1.0;3.0;555;999, AV MAURICE HAURIOU;M;4359340.0;144418.0;310
201800022977;18;3;15;820;1;2;1;1.0;6.0;555;999, RUE DE LA DALBADE;M;4359779.0;144213.0;310
201800022979;18;3;15;2000;5;2;1;1.0;1.0;555;29, GRANDE BRETAGNE (AV;M;4959730.0;142110.0;310
201800022988;18;3;19;1900;5;2;1;2.0;3.0;557;PLATANES (ALL DES);M;4558141.0;135045.0;310
201800023002;18;3;29;1047;1;2;1;1.0;3.0;555;999, BD LASCROSSES;M;4361097.0;143691.0;310
201800023026;18;4;11;1530;1;2;3;1.0;3.0;555;NARBONNE (ROUTE DE);M;4356990.0;145557.0;310
201800023034;18;4;18;1810;1;2;1;1.0;5.0;555;BOULINGRIN (ROND POINT D;M;4359604.0;145391.0;310
201800023040;18;4;26;800;1;2;2;1.0;3.0;555;RUE BERTRAND DE BORN;M;4360930.0;145115.0;310
201800023044;18;4;26;1840;1;2;1;1.0;3.0;149;SELERY (CHEMIN DE);M;4362136.0;131041.0;310
201800023045;18;4;27;450;5;2;1;1.0;3.0;555;AV CAMILLE PUJOL;M;4360071.0;146799.0;310
201800023046;18;4;17;710;1;2;1;1.0;3.0;555;RD PT JEAN LLANTE;M;4356384.0;140302.0;310
201800023056;18;5;5;2015;1;2;1;1.0;5.0;555;MINIMES (AV DES) DU 1AU;M;4362099.0;143577.0;310
201800023066;18;5;13;2235;5;2;3;3.0;3.0;555;RUE ROLAND GARROS;M;4361242.0;142517.0;310
201800023069;18;5;14;1610;1;2;6;2.0;3.0;149;RD POINT GASCOGNE;M;4360930.0;132717.0;310
201800023080;18;5;18;1850;1;2;1;1.0;3.0;69;RAYMONDIS (RUE LEON);M;4362267.0;139352.0;310
201800023085;18;5;23;855;1;2;3;1.0;3.0;555;RTE DE NARBONNE;M;4355710.0;146516.0;310
201800023087;18;5;24;815;1;2;1;1.0;6.0;555;PONT DU HALAGE DE TOUNIS;M;4359321.0;144077.0;310
201800023100;18;6;3;1752;1;2;1;1.0;3.0;555;RUE DE METZ;M;4360058.0;144786.0;310
201800023110;18;6;8;1915;1;2;1;1.0;3.0;555;CHE DE PAPUS;M;4357278.0;141183.0;310
201800023113;18;6;13;1320;1;2;1;1.0;3.0;555;RUE DU FAUBOURG BONNEFOY;M;4361603.0;145325.0;310
201800023123;18;6;18;815;1;2;1;1.0;5.0;555;QU DE TOUNIS;M;4359849.0;144040.0;310
201800023125;18;6;20;1730;1;2;6;1.0;3.0;149;RD POINT GASCOGNE;M;4360858.0;132676.0;310
201800023126;18;6;20;1900;1;2;1;1.0;3.0;555;BD DE STRASBOURG;M;4360791.0;144632.0;310
201800023140;18;7;2;930;1;2;1;1.0;1.0;555;ETROITS (CHE DES) DU 1AU;M;4355340.0;144084.0;310
201800023142;18;7;4;800;1;1;3;1.0;1.0;555;CHE DE COLASSON;M;4356734.0;138352.0;310
201800023144;18;7;4;2015;1;2;1;3.0;6.0;555;RUE DE LA REPUBLIQUE;M;4359826.0;143357.0;310
201800023158;18;7;20;1545;1;2;1;1.0;5.0;557;MARQUISAT (AV DU);M;4357698.0;134961.0;310
201800023165;18;7;24;1755;1;2;3;1.0;3.0;555;AV D ELCHE;M;4362191.0;142490.0;310
201800023167;18;7;26;805;1;2;1;1.0;3.0;69;PARC (AV DU);M;4362784.0;138621.0;310
201800023169;18;7;26;1020;1;2;6;1.0;3.0;69;MAGA (RD-PT JEAN);M;4362187.0;139691.0;310
201800023184;18;8;10;2210;5;1;1;1.0;3.0;555;Rd Pt Leon Schwartzenber;M;4358579.0;140513.0;310
201800023186;18;8;16;618;2;2;6;1.0;3.0;149;FONTAINE LUMINEUSE (Rd P;M;4360920.0;135245.0;310
201800023197;18;8;23;715;1;2;2;1.0;3.0;555;PL SAINT PIERRE;M;4360367.0;143585.0;310
201800023199;18;8;24;915;1;2;2;1.0;3.0;555;ALL JULES GUESDE;M;4359300.0;144447.0;310
201800023217;18;9;4;2345;5;1;3;1.0;1.0;555;TOEC (VOIE DU) DU 58 AU;M;4359725.0;140355.0;310
201800023226;18;9;11;900;1;2;2;1.0;1.0;555;RUE DE LA SOURCE;M;4360746.0;140959.0;310
201800023227;18;9;12;1715;1;2;2;1.0;1.0;69;BD DE L'EUROPE;M;4365433.0;137383.0;310
201800023228;18;9;13;1550;1;2;2;1.0;3.0;555;RUE DE METZ;M;4360054.0;144698.0;310
201800023231;18;9;14;1005;1;2;1;1.0;3.0;555;AV DE LYON;M;4361489.0;145176.0;310
201800023232;18;9;14;1130;1;2;1;1.0;1.0;555;RTE D ALBI;M;4364345.0;146805.0;310
201800023239;18;9;18;2125;5;2;2;1.0;3.0;555;RUE DU FAUBOURG BONNEFOY;M;4362129.0;145787.0;310
201800023247;18;9;21;1830;1;1;1;1.0;1.0;555;CHE DE LA SAUDRUNE;M;4354133.0;139029.0;310
201800023259;18;9;25;930;1;1;1;1.0;6.0;555;BD LASCROSSES;M;4361106.0;143743.0;310
201800023260;18;9;26;1400;1;2;1;1.0;3.0;555;ALL HENRI SELLIER;M;4357725.0;143887.0;310
201800023263;18;9;26;515;3;2;1;1.0;3.0;555;RTE D ALBI;M;4364394.0;146832.0;310
201800023266;18;9;27;1535;1;1;1;1.0;1.0;555;21 DEMOISELLES  (PERIPH;M;4357207.0;147532.0;310
201800023270;18;10;2;1815;1;2;1;1.0;3.0;149;Av Edouard Serres;M;4361218.0;135228.0;310
201800023273;18;10;3;1905;1;2;9;1.0;6.0;555;AV DE REYNERIE;M;4357542.0;140616.0;310
201800023278;18;10;5;750;2;2;1;1.0;3.0;555;BD LAZARE CARNOT;M;4360434.0;145002.0;310
201800023282;18;10;7;1645;1;2;1;1.0;6.0;555;RUE DE LA REPUBLIQUE;M;4359864.0;143552.0;310
201800023283;18;10;7;1705;1;2;1;1.0;2.0;555;SAINT SIMON (RTE DE) DU;M;4358899.0;141270.0;310
201800023284;18;10;8;1335;1;2;1;1.0;3.0;555;RUE JOACHIM DU BELLAY;M;4358574.0;140522.0;310
201800023285;18;10;9;705;5;2;6;1.0;3.0;149;RD POINT GASCOGNE;M;4360862.0;132677.0;310
201800023296;18;10;16;1835;1;2;3;1.0;3.0;555;BD LAZARE CARNOT;M;4360428.0;145009.0;310
201800023299;18;10;19;755;1;2;3;5.0;3.0;149;OUEST (BOULEVARD DE L');M;4361232.0;132244.0;310
201800023305;18;10;22;1650;1;2;1;1.0;3.0;557;DOUMERGUE (RUE GASTON);M;4358334.0;134104.0;310
201800023313;18;10;26;1445;1;2;3;1.0;3.0;555;SAINT PIERRE (QU) DU 4AU;M;4360377.0;143431.0;310