Num_Acc;an;mois;jour;hrmn;lum;agg;int;atm;col;com;adr;gps;lat;long;dep
201800023314;18;10;26;1859;2;2;1;1.0;2.0;555;ALL FREDERIC MISTRAL;M;4359208.0;145330.0;310
201800023323;18;10;25;1830;4;2;1;1.0;6.0;555;RUE DU FAUBOURG BONNEFOY;M;4361802.0;145556.0;310
201800023326;18;11;2;1930;3;2;1;1.0;3.0;555;RUE JEAN MERMOZ;M;4358285.0;141681.0;310
201800023332;18;11;8;905;1;2;3;1.0;3.0;555;RTE D ALBI;M;4363867.0;146540.0;310
201800023336;18;11;9;730;4;2;1;3.0;3.0;555;CHE DE L ESPEISSIERE;M;4360960.0;137024.0;310
201800023346;18;11;13;1405;1;2;2;1.0;3.0;555;SAINT MICHEL (GRANDE RUE;M;4359301.0;144447.0;310
201800023360;18;11;20;845;1;2;1;1.0;3.0;555;AV DU DR MAURICE GRYNFOG;M;4357838.0;137879.0;310
201800023365;18;11;26;1700;2;2;1;1.0;3.0;555;AV EDOUARD BELIN;M;4356535.0;147903.0;310
201800023367;18;11;27;1320;1;2;3;1.0;3.0;555;RTE DE SEYSSES;M;4356857.0;141378.0;310
201800023375;18;11;30;230;5;2;1;1.0;2.0;555;AV DES MINIMES;M;4361743.0;143668.0;310
201800023377;18;11;30;730;3;2;3;2.0;3.0;555;RUE PAUL MERLIN;M;4360322.0;140999.0;310
201800023384;18;12;6;1640;2;2;6;2.0;3.0;69;VIEUX CHEMIN DE GRENADE;M;4365120.0;138521.0;310
201800023393;18;12;10;1555;1;2;6;1.0;3.0;69;MAGA (RD-PT JEAN);M;4362198.0;139759.0;310
201800023399;18;12;12;1830;5;2;6;2.0;3.0;555;Rd Pt des Epoux Mongelar;M;4359003.0;137700.0;310
201800023414;18;12;25;1433;1;2;3;1.0;3.0;555;BD DE STRASBOURG;M;4360975.0;144426.0;310
201800023420;18;1;24;1825;3;1;1;1.0;4.0;204;PK 78.116;M;4804883.0;118093.0;280
201800023449;18;2;5;753;2;2;1;2.0;3.0;100;28, rue de la Vallée;M;4820601.0;418896.0;100
201800023478;18;12;17;2015;5;2;3;2.0;3.0;145;1 rue de mulhouse;M;4807516.0;740312.0;680
201800023499;18;10;13;1545;1;2;1;1.0;2.0;249;Route de Tannach;M;4810594.0;717238.0;680
201800023571;18;5;18;830;1;2;1;1.0;3.0;120;rue de la jouardais;M;4719879.0;-175670.0;440
201800023574;18;8;24;1025;1;1;1;1.0;1.0;212;D116, PK 11.573;M;4714588.0;-131410.0;440
201800023592;18;9;5;1815;1;2;3;1.0;1.0;156;27 avenue d'Albi;M;4391691.0;203263.0;810
201800023604;18;6;26;855;1;1;1;7.0;1.0;281;route de vielmur-sur-ago;M;4360568.0;210423.0;810
201800023633;18;6;18;1526;1;1;1;1.0;6.0;13;AGEN (ROUTE D');M;4368860.0;60456.0;320
201800023637;18;7;2;1150;1;2;1;8.0;3.0;13;LAGARRASIC (PONT);M;4364360.0;58710.0;320
201800023640;18;7;11;805;1;2;1;1.0;3.0;13;FEDERICO GARCIA LORCA;M;4367120.0;59833.0;320
201800023645;18;8;19;1219;1;1;1;1.0;7.0;13;PESSAN (ROUTE DE);M;4363970.0;59870.0;320
201800023654;18;11;24;1720;2;2;3;1.0;6.0;13;POUY;M;4364930.0;58750.0;320
201800023655;18;11;25;1512;1;2;3;8.0;3.0;13;ETIGNY (RUE D');M;4364540.0;58232.0;320
201800023661;18;12;3;1708;2;2;3;1.0;3.0;13;ONZE NOVEMBRE;M;4364110.0;59523.0;320
201800023675;18;5;26;1030;1;2;1;1.0;3.0;177;Promenade du canal;M;4881408.0;672096.0;570
201800023698;18;4;6;1155;1;2;9;7.0;3.0;44;74 route de castres;M;4360445.0;149841.0;310
201800023724;18;4;24;1350;1;2;1;1.0;5.0;162;Route de Lentigny;M;4601400.0;398618.0;420
201800023729;18;8;21;2000;2;1;2;1.0;1.0;68;RD504;M;4603184.0;426299.0;420
201800023730;18;9;10;1715;1;1;1;7.0;3.0;332;2646 route de villemonta;M;4600905.0;402187.0;420
201800023731;18;9;29;1045;1;1;1;1.0;1.0;145;Départementale 45;M;4604399.0;424105.0;420
201800023734;18;12;6;1945;3;1;1;1.0;2.0;166;D207;M;4599768.0;410362.0;420
201800023737;18;4;19;1845;1;2;4;1.0;6.0;69;quartier lacanaud;M;4418671.0;511165.0;840
201800023741;18;6;2;1130;1;1;1;1.0;1.0;15;D 974, PK 41+920;M;4418033.0;518815.0;840
201800023742;18;6;14;1410;1;1;1;1.0;1.0;15;D974 - PK 49+500;M;4417271.0;522444.0;840
201800023744;18;7;31;1950;1;2;6;1.0;3.0;137;avenue des choralies;M;4424431.0;507545.0;840
201800023748;18;3;8;1804;2;2;6;7.0;3.0;467;intersection D904B et Av;M;4371660.0;140632.0;310
201800023771;18;4;20;1740;1;2;1;1.0;3.0;276;rue maurice pasquier;M;4762309.0;132679.0;410
201800023778;18;8;28;1805;1;1;1;7.0;3.0;55;Allée de coulanges;M;4755303.0;125141.0;410
201800023780;18;9;7;1545;1;2;1;1.0;1.0;167;rue de l'écrevissière;M;4746311.0;119693.0;410
201800023803;18;8;5;1145;1;2;4;1.0;3.0;9;D218/All des TILLEULS;M;4464531.0;-119462.0;330
201800023805;18;9;2;2005;1;2;3;1.0;3.0;529;PRES SALES (RUE DES);M;4463729.0;-114930.0;330
201800023821;18;7;26;1845;1;1;1;1.0;1.0;191;D354;M;4616188.0;670274.0;740
201800023822;18;8;16;1120;1;1;1;1.0;7.0;188;D228;M;4621115.0;673769.0;740
201800023836;18;1;15;1650;1;2;2;2.0;1.0;63;RUE CARLE VERNET;M;4482028.0;-54973.0;330
201800023842;18;1;22;750;5;2;1;1.0;2.0;63;face 175 Av.Gal Leclerc;M;4485506.0;-61355.0;330
201800023853;18;2;1;1730;2;2;6;2.0;3.0;192;RTE CANEJAN/AVE POTERIE.;M;4477007.0;-62900.0;330
201800023882;18;3;22;1400;1;2;1;1.0;6.0;63;VELO:STCATHE>BONIE;M;4483730.0;-57675.0;330
201800023888;18;3;30;1950;2;2;1;1.0;6.0;63;VELO>LAGRANGE/PIET>N°IMP;M;4485410.0;-58174.0;330
201800023892;18;4;15;200;5;2;1;1.0;2.0;63;PONT DE PIERRE;M;4483834.0;-56289.0;330
201800023910;18;5;11;1800;1;2;3;1.0;3.0;63;Vélo De Gaulle > Bocage;M;4484957.0;-60150.0;330
201800023919;18;5;23;800;1;2;3;1.0;3.0;162;AV HIPPODROME/CANTER;M;4487378.0;-63011.0;330
201800023920;18;5;31;1527;1;2;2;1.0;3.0;63;AV LAROQUE/AL DE BOUTAUT;M;4487382.0;-57614.0;330
201800023930;18;6;8;2330;5;2;3;1.0;6.0;63;AV CARNOT/AV FAURE;M;4485145.0;-59687.0;330
201800023937;18;6;27;922;1;2;2;1.0;3.0;63;BD WILSON/RUE JUDAIQUE;M;4484026.0;-59914.0;330
201800023941;18;7;2;740;1;2;6;1.0;3.0;281;AV PYTHAGORE/R ARCHIMEDE;M;4483121.0;-67970.0;330
201800023943;18;7;13;1200;1;2;1;1.0;3.0;63;RUE DE LEYBARDIE;M;4486151.0;-56472.0;330
201800023949;18;7;2;1540;1;2;6;1.0;3.0;119;AV JEAN ZAY/AV CASSAGNE;M;4485448.0;-51608.0;330
201800023950;18;6;22;1720;1;2;3;1.0;3.0;281;AV LECLERC/R VICTO LOUIS;M;4483399.0;-64785.0;330
201800023956;18;7;26;1715;1;2;2;1.0;3.0;63;AV DASSAULT/PISTE CYCLAB;M;4487751.0;-57625.0;330
201800023969;18;8;12;2215;5;2;1;1.0;3.0;39;RTE DE TOULOUSE;M;4480108.0;-57058.0;330
201800023980;18;8;28;542;5;2;2;1.0;3.0;63;RUE SAUTEYRON;M;4483044.0;-57508.0;330
201800023982;18;8;31;1040;1;2;2;1.0;3.0;63;AVE THIERS;M;4484244.0;-55625.0;330
201800023988;18;9;4;830;1;2;2;1.0;3.0;75;AVE PERIER/PISTE CYCLABL;M;4487599.0;-58602.0;330
201800023996;18;9;19;650;5;2;2;1.0;3.0;63;R DESCAS/R PEYRONNET.;M;4483036.0;-55933.0;330
201800023998;18;9;14;745;1;2;3;1.0;3.0;63;QUAI LOUIS XVIII;M;4484319.0;-57035.0;330
201800024006;18;9;22;1930;1;2;6;1.0;3.0;63;PCE RENE MARAN;M;4487559.0;-55311.0;330
201800024014;18;10;2;1630;1;2;2;1.0;1.0;63;CRS SAINT LOUIS;M;4485659.0;-57081.0;330
201800024019;18;10;13;2240;5;2;3;8.0;3.0;63;CYCLISTEPORTEECOUTEURS;M;4483020.0;-59658.0;330
201800024023;18;10;20;1900;2;2;3;1.0;3.0;63;CRS HENRI BRUNET;M;4486916.0;-55667.0;330
201800024027;18;10;20;2350;5;2;1;1.0;3.0;63;CRS D'ALBRET;M;4483746.0;-58123.0;330
201800024030;18;10;23;1835;1;2;2;1.0;3.0;63;VELO:FONDAUDEGE>LAGRANGE;M;4485010.0;-58184.0;330
201800024032;18;11;1;2005;5;2;2;2.0;3.0;63;BD DU PRESIDENT WILSON;M;4484664.0;-59824.0;330
201800024034;18;11;9;25;5;2;3;1.0;1.0;63;QUAI DE LA MONNAIE;M;4483334.0;-56173.0;330
201800024035;18;11;9;2230;5;2;2;2.0;2.0;63;VL>PONT/VELO>CHARTRONS;M;4486030.0;-55367.0;330
201800024039;18;11;11;1830;5;2;1;2.0;1.0;119;AVE CARNOT;M;4486177.0;-52988.0;330
201800024044;18;11;12;1750;5;2;4;3.0;3.0;318;AVE DE BARDANAC;M;4479448.0;-61187.0;330
201800024046;18;11;19;1605;1;2;6;1.0;3.0;249;2VEHS>RESISTANCE;M;4488000.0;-51719.0;330
201800024061;18;12;21;110;5;2;2;1.0;2.0;63;VL-VELO>NANSOUTY;M;4482690.0;-56922.0;330
201800024063;18;12;21;1940;5;2;2;2.0;3.0;63;VELO>VICTOIRE/VL>PLLANDE;M;4483190.0;-57727.0;330
201800024071;18;12;22;400;5;2;1;3.0;3.0;63;CYCLO>BDS/VELOS/PPP;M;4483340.0;-59284.0;330
201800024079;18;1;23;1250;1;2;3;1.0;5.0;63;BD FRANK. ROOSE/ R.REGIS;M;4481819.0;-57793.0;330
201800024088;18;2;28;1410;1;2;1;1.0;3.0;63;380 BD PRESIDENT WILSON;M;4485280.0;-59433.0;330
201800024089;18;3;4;1715;1;2;3;1.0;3.0;63;R.PEYRONNET/R.Dome Devi;M;4482920.0;-56013.0;330
201800024094;18;3;12;1400;1;2;1;1.0;3.0;63;68 RUE CROIX BLANCHE;M;4484500.0;-59152.0;330
201800024095;18;3;15;2000;5;2;2;1.0;3.0;63;R BARRAUD / R TURENNE;M;4484600.0;-58501.0;330
201800024096;18;2;9;1115;1;2;6;1.0;3.0;318;124 AV DU DR SCHWEITZER;M;4480050.0;-61727.0;330
201800024097;18;3;20;1020;1;2;1;1.0;3.0;63;96 BD GEORGES V;M;4482470.0;-58808.0;330
201800024100;18;4;3;2130;5;2;2;1.0;6.0;63;51 R.STE CATHERINE;M;4484010.0;-57419.0;330
201800024101;18;4;9;610;5;2;3;1.0;2.0;119;C.VERDUN/AV.JEAN JAURES;M;4485310.0;-53840.0;330
201800024103;18;4;20;1100;1;2;1;1.0;3.0;63;34 rue d'Audenge;M;4482726.0;-58329.0;330
201800024106;18;5;14;850;1;2;1;1.0;1.0;63;260 R.Camille Godart.;M;4485351.0;-58783.0;330
201800024112;18;7;15;2300;5;2;5;1.0;3.0;63;place victoire / Argonn;M;4483055.0;-57292.0;330
201800024114;18;7;19;1750;1;2;3;1.0;3.0;522;AV.P.PROUDON/R.S.ALLENDE;M;4478900.0;-58706.0;330
201800024115;18;9;3;730;2;2;2;1.0;3.0;63;R. JULES FERRY/R.LIBERTE;M;4484150.0;-60011.0;330
201800024116;18;9;3;1640;1;2;2;1.0;3.0;63;CRS LA MARNE/YSER;M;4482980.0;-56801.0;330
201800024118;18;9;12;1950;1;2;2;1.0;3.0;63;R.BUHAN/R. STE COLOMBE;M;4483740.0;-57062.0;330
201800024119;18;8;24;745;1;2;1;1.0;6.0;63;QUAI M. LYAUTEY;M;4484340.0;-56943.0;330
201800024123;18;10;6;2030;5;2;1;2.0;2.0;63;Rue Fondaudege.;M;4484575.0;-57851.0;330
201800024126;18;10;27;1930;5;2;1;8.0;7.0;63;194 Bd Pres.F.Roosevelt;M;4481592.0;-57437.0;330
201800024137;18;8;14;1600;1;1;3;1.0;3.0;92;Route de saint-lézin;M;4722265.0;-73559.0;490
201800024147;18;7;31;2030;2;1;4;7.0;3.0;272;Intersection D49 / VC la;M;4726317.0;274632.0;180
201800024149;18;7;25;615;2;1;6;1.0;3.0;32;les fouchards;M;4741090.0;289525.0;180
201800024185;18;11;30;1600;1;2;2;1.0;3.0;3;POMPIDOU (H12 A 14;M;4330841.0;347622.0;340
201800024218;18;10;1;745;1;2;3;1.0;3.0;32;AUBER ESPRIT (RUE);M;4334004.0;322332.0;340
201800024231;18;1;5;1230;1;2;1;1.0;3.0;172;518, MENDE (ROUTE DE);M;4362712.0;386951.0;340
201800024234;18;1;3;1800;5;2;3;1.0;3.0;172;MARIE DE MONTPELLIER;M;4360143.0;389885.0;340
201800024282;18;3;20;1945;5;2;2;1.0;5.0;172;ASSAS (AVENUE D');M;4361701.0;386115.0;340
201800024310;18;4;24;1753;1;2;1;1.0;3.0;172;SOULAS (AVENUE DU PERE;M;4362880.0;384530.0;340
201800024350;18;6;26;755;1;2;2;1.0;3.0;172;VIEUSSENS (BOULEVARD);M;4359977.0;387568.0;340
201800024357;18;6;29;245;5;2;2;1.0;3.0;172;MOULARES (CHEMIN DE;M;4360025.0;389458.0;340
201800024364;18;7;9;740;1;2;1;1.0;5.0;172;LIBERTE (AVENUE DE LA;M;4360471.0;386496.0;340
201800024368;18;7;10;1815;1;2;1;1.0;3.0;172;MOULIN DE SEMALEN (RUE D;M;4361224.0;388964.0;340
201800024372;18;5;25;1650;1;2;1;1.0;3.0;172;ALCO (RUE D';M;4361757.0;383976.0;340
201800024383;18;8;11;249;5;2;3;1.0;6.0;172;ETATS DU LANGUEDOC (AVEN;M;4360749.0;388469.0;340
201800024386;18;8;14;305;5;2;1;1.0;3.0;172;TOULOUSE (AVENUE DE;M;4359544.0;386220.0;340
201800024393;18;8;24;1700;1;2;3;1.0;3.0;172;FARGES (RUE);M;4360461.0;388301.0;340
201800024405;18;9;13;850;1;2;1;1.0;3.0;172;MAURIN (AVENUE DE;M;4359443.0;387578.0;340
201800024409;18;9;14;1445;1;2;3;1.0;3.0;172;CARRIEU (RUE MARIUS);M;4361773.0;384322.0;340
201800024429;18;9;27;909;1;2;1;1.0;3.0;172;BERTHELOT (BOULEVARD);M;4359950.0;387452.0;340
201800024430;18;9;27;1340;1;2;1;1.0;3.0;172;VALLOIS (RUE PROFESSEUR;M;4361440.0;388370.0;340
201800024431;18;9;27;1625;1;2;1;1.0;3.0;172;FAUBOURG SAINT JAUMES (R;M;4361620.0;386687.0;340
201800024433;18;10;1;830;1;2;9;1.0;3.0;172;FAJON (ROND-POINT PAUL);M;4359598.0;383605.0;340
201800024436;18;10;2;1200;1;2;1;1.0;6.0;172;CLEMENCEAU (AVENUE GEORG;M;4360512.0;387457.0;340
201800024444;18;10;4;1830;1;2;1;1.0;3.0;172;GUIRAUD (RUE LOUISE);M;4360520.0;387350.0;340
201800024452;18;10;8;1040;1;2;1;8.0;3.0;172;GANGES (ROUTE DE;M;4362820.0;385797.0;340
201800024460;18;10;11;2010;5;2;1;8.0;3.0;172;JUSTICE DE CASTELNAU (AV;M;4362709.0;389009.0;340
201800024464;18;10;17;2;5;2;1;1.0;2.0;172;LODEVE (AVENUE DE;M;4360990.0;386250.0;340
201800024488;18;11;2;910;1;2;6;1.0;3.0;172;CHATEAU D'O (ROND-POINT;M;4363086.0;384174.0;340
201800024502;18;11;13;1508;1;1;2;1.0;3.0;129;CARNON (ROUTE DE  D21);M;4358647.0;392930.0;340
201800024505;18;11;15;945;1;2;9;1.0;3.0;172;PIC SAINT LOUP (AVENUE D;M;4363920.0;385403.0;340
201800024518;18;11;26;1205;1;2;1;1.0;3.0;172;MARES (AVENUE HENRI);M;4362052.0;385703.0;340
201800024550;18;12;31;1550;1;2;1;1.0;3.0;172;CROIX DE FIGUEROLLES (RU;M;4360471.0;384922.0;340
201800024579;18;6;21;920;1;2;1;1.0;1.0;115;GUE MAHEU (PROMENADE DU);M;4833917.0;-120826.0;350
201800024588;18;1;3;1532;1;2;1;1.0;6.0;238;15, LAMARTINE (QUAI);M;4811016.0;-167855.0;350
201800024600;18;1;11;1224;1;2;2;1.0;3.0;238;00, LEROUX (BD OSCAR);M;4809135.0;-166602.0;350
201800024606;18;1;15;750;5;2;2;2.0;3.0;238;1, AMYS (PIERRE);M;4810992.0;-165638.0;350
201800024619;18;1;23;1840;3;2;3;1.0;3.0;238;00, GAMBETTA;M;4811133.0;-167479.0;350
201800024620;18;1;25;650;5;2;6;1.0;3.0;51;00, ALLIES (BOULEVARD DE;M;4811382.0;-162063.0;350
201800024625;18;1;29;1635;1;2;1;1.0;3.0;51;15, BRAY (RUE DE);M;4810614.0;-162562.0;350
201800024634;18;2;2;2108;5;2;3;2.0;3.0;238;47, CAPITAINE MAIGNANT (;M;4810385.0;-168083.0;350
201800024652;18;2;15;1850;5;2;2;1.0;3.0;238;BOSPHORE (DU);M;4808561.0;-167507.0;350
201800024660;18;2;20;1415;1;2;3;8.0;3.0;238;216, LORIENT (DE);M;4810700.0;-172805.0;350
201800024676;18;2;28;1919;3;2;1;1.0;6.0;51;12, PARIS (RUE DE);M;4811434.0;-160279.0;350
201800024687;18;3;12;949;1;2;1;1.0;2.0;238;10, KENNEDY (COURS JOHN-;M;4812141.0;-170599.0;350
201800024696;18;3;16;1420;1;2;1;3.0;7.0;238;86, SAINT-HELIER;M;4810623.0;-166745.0;350
201800024702;18;3;20;841;1;2;2;7.0;3.0;238;SEVIGNE (BD DE);M;4811628.0;-166617.0;350
201800024704;18;3;23;850;1;2;2;1.0;3.0;238;, MONNAIE ( DE LA);M;4811020.0;-168460.0;350
201800024707;18;3;28;801;1;2;3;2.0;6.0;281;rue du Patis des Couasne;M;4807464.0;-171432.0;350
201800024709;18;3;28;1845;1;2;6;1.0;2.0;51;00, FONTAINE (AVENUE DE;M;4812709.0;-161381.0;350
201800024710;18;3;29;857;1;1;2;2.0;3.0;238;00, PREVALAYE (CHEMIN DE;M;4809807.0;-172705.0;350
201800024711;18;3;29;1200;1;2;3;3.0;6.0;238;00, BELLEVILLE (DE);M;4810144.0;-165968.0;350
201800024729;18;4;7;2105;5;2;2;2.0;3.0;238;AUBRY (ALBERT);M;4810568.0;-167399.0;350
201800024730;18;4;8;1814;2;2;2;2.0;3.0;238;VANEAU;M;4810859.0;-169297.0;350
201800024737;18;4;16;1233;1;2;1;1.0;6.0;238;CARTIER (BD JACQUES);M;4809715.0;-168705.0;350
201800024738;18;4;30;1345;1;2;3;8.0;3.0;238;STRASBOURG (BOULEVARD DE;M;4811165.0;-165622.0;350
201800024739;18;4;17;1343;1;2;1;1.0;6.0;238;BEAUMONT (BD DE);M;4810375.0;-167464.0;350
201800024740;18;4;17;1631;1;2;1;1.0;6.0;238;SAINT-MALO (RUE DE);M;4811733.0;-168091.0;350
201800024745;18;4;23;1430;1;2;1;1.0;7.0;238;VOLTAIRE (BD);M;4810521.0;-170137.0;350
201800024747;18;4;25;1005;1;1;1;1.0;3.0;55;MOULIN (RUE DU);M;4808929.0;-162572.0;350
201800024748;18;4;25;1800;1;2;1;1.0;6.0;238;MAGENTA (BD);M;4810525.0;-167385.0;350
201800024755;18;5;6;1659;1;2;1;1.0;3.0;238;MALAKOFF;M;4810573.0;-169337.0;350
201800024758;18;5;10;2340;5;2;2;1.0;3.0;238;MITTERAND (MAIL FRANCOIS;M;4810978.0;-168917.0;350
201800024765;18;5;10;1630;1;2;1;1.0;2.0;238;LEMIRE (DE L'ABBE);M;4812519.0;-166206.0;350
201800024770;18;5;16;2302;5;2;1;1.0;6.0;238;TOUR D'AUVERGNE (BD DE L;M;4810203.0;-168432.0;350
201800024771;18;5;17;1600;1;2;1;1.0;3.0;238;CHEZY (BD DE);M;4811305.0;-168703.0;350
201800024778;18;5;29;904;1;2;6;1.0;3.0;238;BERGER (AVENUE GASTON);M;4811745.0;-170460.0;350
201800024781;18;5;30;1650;1;2;6;1.0;3.0;238;GAYEULLES (ROND POINT);M;4812781.0;-165191.0;350
201800024783;18;5;31;1405;1;2;3;2.0;3.0;51;FOUGERES (ROUTE DE);M;4813497.0;-162715.0;350
201800024787;18;6;5;1520;1;2;9;1.0;2.0;238;SUISSE (DE);M;4808655.0;-166670.0;350
201800024790;18;6;6;1845;1;2;2;2.0;3.0;238;VERN (DE);M;4809652.0;-165264.0;350
201800024793;18;6;7;1235;1;2;1;1.0;3.0;238;VANEAU;M;4811073.0;-169295.0;350
201800024794;18;6;7;2210;5;2;1;1.0;6.0;238;LIBERTE (BD DE LA);M;4810797.0;-168221.0;350
201800024795;18;6;8;830;1;2;2;1.0;3.0;238;CHATILLON (DE);M;4808836.0;-167217.0;350
201800024798;18;6;13;1210;1;2;1;1.0;6.0;238;REPUBLIQUE (PLACE DE LA);M;4810984.0;-167933.0;350
201800024801;18;6;15;1407;1;2;3;1.0;3.0;238;LERAY (ADOLPHE);M;4810274.0;-166140.0;350
201800024805;18;6;20;1540;1;2;1;7.0;6.0;238;BRETAGNE (PLACE DE);M;4810876.0;-168444.0;350
201800024813;18;6;29;1900;1;2;2;1.0;6.0;238;TOUR D'AUVERGNE (BD DE L;M;4810673.0;-168457.0;350
201800024815;18;7;2;1245;1;2;1;2.0;6.0;238;JUGAN (JEANNE);M;4811570.0;-164944.0;350
201800024825;18;1;31;1810;5;2;3;1.0;3.0;238;rue de Fougères;M;4812793.0;-164930.0;350
201800024830;18;7;14;10;5;2;4;1.0;2.0;238;ALMA (DE L');M;4810436.0;-167723.0;350
201800024845;18;7;24;1330;1;2;1;1.0;3.0;238;VERDUN (BD DE);M;4811950.0;-168818.0;350
201800024846;18;7;24;1920;1;1;6;1.0;3.0;278;D 175;M;4815494.0;-162418.0;350
201800024850;18;7;25;2130;1;2;6;1.0;3.0;238;VALLES (JULES);M;4810496.0;-170876.0;350
201800024859;18;8;4;745;1;2;6;1.0;3.0;238;PAYS-BAS (AVENUE DES);M;4808814.0;-166082.0;350
201800024865;18;8;11;1555;1;2;1;1.0;3.0;238;CHATILLON (DE);M;4809706.0;-167188.0;350
201800024869;18;8;14;1821;1;2;2;1.0;3.0;238;GROS MALHON (AVENUE);M;4812827.0;-168350.0;350
201800024871;18;8;16;1810;1;2;1;2.0;3.0;238;FREVILLE (AVENUE HENRI);M;4809161.0;-167483.0;350
201800024878;18;8;27;1725;1;2;1;1.0;2.0;238;ROBINOT DE ST-CYR (QUAI);M;4810398.0;-172001.0;350
201800024879;18;8;28;1835;1;2;1;1.0;6.0;238;ARMORIQUE (BD D');M;4812953.0;-166668.0;350
201800024882;18;8;31;1725;1;2;2;1.0;1.0;238;MARGUERITTE (GAL);M;4811766.0;-167779.0;350
201800024891;18;9;3;904;1;2;6;1.0;7.0;238;POLOGNE (AVENUE DE);M;4808756.0;-165099.0;350
201800024896;18;9;13;815;1;2;2;8.0;3.0;238;METZ (BD DE);M;4811616.0;-165827.0;350
201800024901;18;9;15;1030;1;2;6;1.0;3.0;51;CARADEUC (AVENUE DE);M;4812106.0;-160257.0;350
201800024914;18;9;20;1252;1;2;9;1.0;3.0;238;SAINT-HELIER;M;4810620.0;-166726.0;350
201800024915;18;9;21;300;5;2;2;3.0;3.0;238;MITTERAND (MAIL FRANCOIS;M;4810856.0;-169298.0;350
201800024917;18;9;21;755;1;2;1;1.0;3.0;238;GUERINAIS (BD DE LA);M;4810001.0;-171136.0;350
201800024927;18;9;25;1430;1;2;6;1.0;3.0;238;VERN (DE);M;4808766.0;-164461.0;350
201800024933;18;10;1;1640;1;2;1;1.0;3.0;238;ANTRAIN (D') DE 43 ET 80;M;4812008.0;-167325.0;350
201800024938;18;10;4;810;1;2;6;1.0;3.0;238;ALBERT 1ER (BD);M;4808982.0;-169118.0;350
201800024939;18;10;4;1520;1;2;3;1.0;3.0;238;PATTON (AVENUE DU GENERA;M;4812607.0;-166566.0;350
201800024940;18;10;5;810;1;2;9;1.0;2.0;238;BIGNON (DU);M;4809676.0;-163600.0;350
201800024950;18;10;8;915;1;2;6;1.0;3.0;238;LANGEVIN (PAUL);M;4809161.0;-165846.0;350
201800024953;18;10;3;1815;1;2;3;1.0;3.0;238;ANTRAIN (D') DE 43 ET 80;M;4812063.0;-167204.0;350
201800024958;18;10;12;913;1;2;1;1.0;2.0;238;JUILLET ( DE);M;4811298.0;-168518.0;350
201800024960;18;10;13;30;5;2;2;1.0;3.0;238;MOTTE BRULON (DE LA);M;4812487.0;-166706.0;350
201800024968;18;10;15;1358;1;2;1;1.0;7.0;238;VILLEBOIS MAREUIL (BD);M;4810158.0;-164971.0;350
201800024972;18;10;17;1700;1;2;1;1.0;3.0;51;BRAY (RUE DE);M;4810658.0;-162297.0;350
201800024973;18;10;17;1850;2;2;1;1.0;3.0;238;MAILLARD DE LA GOURNERIE;M;4811542.0;-171382.0;350
201800024999;18;11;6;2010;5;2;2;2.0;3.0;238;CHURCHILL (AVENUE SIR WI;M;4812314.0;-170902.0;350
201800025000;18;11;7;805;1;2;1;8.0;1.0;238;LE MOINE (BD PIERRE);M;4809089.0;-166120.0;350
201800025003;18;11;8;923;1;2;2;1.0;5.0;238;SAINT-HELIER;M;4810361.0;-166250.0;350
201800025035;18;11;27;730;5;2;6;1.0;3.0;51;ALLIES (BOULEVARD DES);M;4811403.0;-162118.0;350
201800025048;18;11;30;1515;1;2;1;1.0;3.0;238;41øREGIMENT D'INFANTERIE;M;4811801.0;-168621.0;350
201800025054;18;12;3;800;5;2;6;3.0;3.0;238;ARBRISSEL (ROBERT D');M;4812810.0;-169321.0;350
201800025058;18;12;7;1325;1;2;6;8.0;3.0;51;RENNES (RUE DE);M;4811431.0;-163376.0;350
201800025076;18;12;15;1950;5;2;2;2.0;3.0;238;ALBERT 1ER (BD);M;4808974.0;-168461.0;350
201800025082;18;12;19;900;1;2;6;1.0;3.0;278;ROBIQUETTE ( BOULEVARD D;M;4813419.0;-169422.0;350
201800025091;18;12;23;40;5;2;1;1.0;3.0;238;REPUBLIQUE (PLACE DE LA);M;4810985.0;-167911.0;350
201800025107;18;9;28;1127;1;2;2;1.0;3.0;288;UMBRICHT (REVEREND PERE);M;4865769.0;-199446.0;350
201800025110;18;10;29;1600;1;2;2;1.0;3.0;288;REVENANT (RUE DU);M;4863090.0;-200315.0;350
201800025129;18;3;12;904;1;2;2;1.0;3.0;44;RUE LA VRILLE/RDE L'ISLE;M;4680720.0;168360.0;360
201800025143;18;5;25;1501;1;1;6;1.0;3.0;202;AVENUE D'OCCITANIE;M;4677570.0;164841.0;360
201800025153;18;3;26;1725;1;2;3;1.0;3.0;44;AV 6 JUIN 44/RUE C RAOUL;M;4681268.0;168492.0;360
201800025154;18;9;2;905;1;2;1;1.0;3.0;44;206 AVENUE JOHN KENNEDY;M;4678931.0;169116.0;360
201800025158;18;3;20;1600;1;2;6;1.0;3.0;44;PLACE ST CHRISTOPHE;M;4681681.0;168453.0;360
201800025162;18;9;28;726;5;2;3;1.0;3.0;44;RUE VERNUSSE/BOURGOGNE;M;4680440.0;168303.0;360
201800025163;18;10;17;1145;1;2;6;7.0;3.0;159;AVENUE DE LA FORET;M;4675870.0;172120.0;360
201800025167;18;11;9;741;2;2;1;1.0;6.0;44;AV PIERRE DE COUBERTIN;M;4680300.0;171944.0;360
201800025180;18;1;5;1635;1;2;6;1.0;3.0;261;RUE GEORGES MELIES;M;4742678.0;70804.0;370
201800025187;18;1;11;830;1;2;3;1.0;3.0;261;211, RUE JOLIVET;M;4738498.0;70693.0;370