Num_Acc;an;mois;jour;hrmn;lum;agg;int;atm;col;com;adr;gps;lat;long;dep
201800025190;18;1;13;1327;1;2;1;1.0;3.0;261;148, AVE DE LA TRANCHEE;M;4740791.0;68147.0;370
201800025192;18;1;15;745;5;2;1;1.0;7.0;261;11, RUE DELAROCHE;M;4741845.0;68156.0;370
201800025195;18;1;8;1600;1;2;1;1.0;7.0;261;BD MARECHAL JUIN;M;4740443.0;70270.0;370
201800025206;18;1;20;1055;1;2;1;2.0;7.0;233;RUE DE ROCHEPINARD;M;4738121.0;71257.0;370
201800025213;18;1;26;830;1;2;1;1.0;3.0;261;59 AVE DE LA REPUBLIQUE;M;4741130.0;69116.0;370
201800025217;18;1;26;1225;1;2;1;1.0;7.0;261;14, RUE CHARLES GILLES;M;4738865.0;69062.0;370
201800025221;18;1;31;1400;1;2;1;2.0;3.0;261;47 DU GENERAL DE GAULLE;M;4738124.0;70222.0;370
201800025222;18;2;1;640;4;2;3;1.0;1.0;261;1, RUE DE MONTSOUDUN;M;4740828.0;70853.0;370
201800025223;18;1;29;1530;1;2;1;2.0;7.0;233;43 RUE DE LA  RABATERIE;M;4739164.0;72241.0;370
201800025234;18;2;14;810;1;2;2;9.0;7.0;261;RUE JEHAN FOUQUET;M;4738586.0;68396.0;370
201800025236;18;2;16;950;1;2;1;1.0;3.0;261;106, BD BERANGER;M;4738879.0;67980.0;370
201800025241;18;2;22;2040;5;2;2;1.0;3.0;261;RUE WALVEIN;M;4738533.0;67237.0;370
201800025244;18;2;21;1235;1;2;1;1.0;7.0;261;27, RUE BERNARD PALISSY;M;;;370
201800025255;18;3;6;1825;1;2;1;1.0;6.0;261;RUE BLAISE PASCAL;M;4738765.0;69332.0;370
201800025259;18;3;16;745;1;2;6;1.0;3.0;233;AVENUE STALINGRAD;M;4738780.0;72687.0;370
201800025270;18;3;21;1435;1;2;1;1.0;3.0;261;BD RICHARD WAGNER;M;4737422.0;70368.0;370
201800025287;18;4;6;1600;1;2;3;1.0;3.0;122;avenue de BORDEAUX;M;4735571.0;69898.0;370
201800025291;18;4;12;1000;1;2;6;1.0;2.0;261;rond point la ROTONDE;M;4738121.0;70664.0;370
201800025297;18;3;18;1220;1;2;1;2.0;7.0;261;ROND POINT SAINT-SAUVEUR;M;4737372.0;67920.0;370
201800025304;18;4;19;1830;1;2;1;1.0;6.0;122;rue de LEYRITZ;M;4735639.0;66066.0;370
201800025312;18;4;25;1225;1;2;1;2.0;1.0;261;place François SICARD;M;4739400.0;69200.0;370
201800025313;18;3;30;1910;1;2;1;1.0;3.0;261;19, RUE CALAIS;M;4742053.0;68627.0;370
201800025317;18;5;1;1925;1;2;1;1.0;6.0;261;avenue de GRAMMONT;M;4737534.0;69497.0;370
201800025340;18;5;18;1740;1;2;1;1.0;7.0;208;ave du Gén DE GAULLE;M;4735743.0;73537.0;370
201800025342;18;5;19;1955;1;2;1;1.0;7.0;122;rue du PONT VOLANT;M;4736197.0;67354.0;370
201800025345;18;5;22;1750;1;2;1;1.0;7.0;261;quai de PORTILLON;M;4740071.0;68220.0;370
201800025347;18;5;23;1610;1;2;6;1.0;2.0;261;ave Georges POMPIDOU;M;4737810.0;71521.0;370
201800025349;18;5;25;1555;1;2;1;2.0;6.0;233;rue Romain ROLLAND;M;4740026.0;72274.0;370
201800025351;18;5;26;1300;1;2;1;1.0;2.0;261;rue Edouard VAILLANT;M;4738944.0;69504.0;370
201800025353;18;5;28;1820;1;2;1;2.0;6.0;122;Ave de la REPUBLIQUE;M;4735526.0;66472.0;370
201800025359;18;5;31;954;1;2;3;1.0;3.0;261;ave du Général ESTIENNE;M;4741200.0;69200.0;370
201800025364;18;6;4;1750;1;2;3;1.0;7.0;261;ave Charles BEDAUX;M;4737415.0;67559.0;370
201800025371;18;6;8;1500;1;2;1;1.0;7.0;233;Bd Paul LANGEVIN;M;4739103.0;73037.0;370
201800025381;18;6;14;750;1;2;3;1.0;3.0;261;rue de JEMMAPES;M;4742001.0;68411.0;370
201800025384;18;6;15;822;1;2;3;2.0;3.0;261;rue du Sergent LECLERC;M;4737676.0;67536.0;370
201800025405;18;6;27;840;1;2;1;1.0;3.0;261;rue DESAIX;M;4738000.0;68000.0;370
201800025406;18;6;27;2040;1;2;1;1.0;6.0;261;place de la LIBERTE;M;4737949.0;69267.0;370
201800025407;18;6;29;1800;1;2;1;1.0;2.0;261;avenue de la TRANCHEE;M;4740000.0;68100.0;370
201800025415;18;7;7;1901;1;2;1;1.0;3.0;261;allée du PLESSIS;M;4738300.0;69600.0;370
201800025416;18;7;8;1115;1;2;1;1.0;3.0;214;Bd André VOISIN;M;4742940.0;66356.0;370
201800025441;18;7;20;2030;1;2;1;1.0;3.0;261;DANIEL MAYER;M;4741800.0;68100.0;370
201800025443;18;7;28;915;1;1;1;2.0;3.0;122;RD 86 DE MONTS  TOURS;M;4730575.0;64997.0;370
201800025448;18;8;5;756;1;2;1;1.0;3.0;261;ROYER (BD JEAN);M;4738300.0;68750.0;370
201800025450;18;8;6;1410;1;2;1;1.0;7.0;208;rue Jules ROMAINS;M;4735200.0;72300.0;370
201800025459;18;8;16;2125;5;2;3;8.0;2.0;261;BERT (QUAI PAUL);M;4740225.0;69427.0;370
201800025462;18;8;18;1035;1;2;3;1.0;3.0;261;DANIEL MAYER;M;4741862.0;69341.0;370
201800025463;18;8;18;1135;1;2;1;1.0;6.0;261;NAPOLEON (PONT);M;4739915.0;67550.0;370
201800025467;18;8;21;1225;1;2;1;1.0;3.0;261;MAGINOT (AV. ANDRE);M;4741070.0;68340.0;370
201800025468;18;8;24;1717;1;2;1;1.0;7.0;261;VAILLANT (RUE EDOUARD);M;4738000.0;70800.0;370
201800025469;18;8;24;1850;1;2;3;1.0;3.0;122;BEAULIEU (RUE DE);M;4736100.0;67200.0;370
201800025473;18;8;31;1736;1;2;9;1.0;3.0;261;PAS NOTRE-DAME (RUE DU);M;4741700.0;69700.0;370
201800025476;18;9;3;1235;1;2;2;1.0;3.0;261;BERANGER (BOULEVARD);M;4738900.0;68400.0;370
201800025483;18;9;8;1615;1;2;1;1.0;3.0;261;PALISSY (RUE BERNARD);M;4739384.0;69300.0;370
201800025487;18;9;9;1130;1;2;1;1.0;7.0;122;VAUX (ROUTE DES);M;4734500.0;64800.0;370
201800025491;18;9;11;1323;1;2;2;1.0;3.0;261;HOSPITALITE (RUE DE L');M;4739000.0;67100.0;370
201800025494;18;9;15;1730;1;2;2;1.0;3.0;261;BERANGER (BOULEVARD);M;4738973.0;68419.0;370
201800025502;18;9;21;2215;5;2;3;1.0;3.0;261;GRAMMONT (AVENUE DE);M;4738229.0;69226.0;370
201800025508;18;9;25;1400;1;2;9;1.0;3.0;261;TRANCHEE (AVENUE DE LA);M;4740573.0;68239.0;370
201800025510;18;9;26;1415;1;2;3;1.0;6.0;261;BERANGER (BOULEVARD);M;4739636.0;68630.0;370
201800025517;18;9;29;315;5;2;1;1.0;7.0;261;SALENGRO (RUE ROGER);M;4738605.0;68755.0;370
201800025518;18;9;30;1720;1;2;9;1.0;3.0;261;MIRABEAU (RUE);M;4739700.0;69923.0;370
201800025529;18;10;8;1600;1;2;3;1.0;3.0;208;GRAND COUR (RUE DE);M;4736246.0;71456.0;370
201800025562;18;10;20;1910;2;2;9;1.0;3.0;261;SALENGRO (RUE ROGER);M;4738603.0;68781.0;370
201800025570;18;10;23;1400;1;2;1;1.0;6.0;261;NATIONALE (RUE);M;4739200.0;68700.0;370
201800025571;18;10;24;1405;1;2;1;1.0;7.0;261;HEURTELOUP (BOULEVARD);M;4739400.0;70800.0;370
201800025581;18;11;1;1500;1;2;3;1.0;3.0;261;HOUDON (PLACE JEAN-ANTOI;M;4737355.0;68301.0;370
201800025608;18;11;20;1710;2;2;1;1.0;3.0;261;LAVOISIER (RUE);M;4739528.0;69380.0;370
201800025620;18;11;30;1000;1;2;1;1.0;3.0;261;COLOMB (RUE CHRISTOPHE);M;4737714.0;70135.0;370
201800025622;18;11;30;1155;1;2;2;8.0;3.0;122;REPUBLIQUE (AVENUE DE LA;M;4735382.0;66388.0;370
201800025634;18;12;10;745;1;2;1;1.0;2.0;214;LEBRUN (RUE HENRI);M;4740250.0;67669.0;370
201800025650;18;12;16;2145;5;2;1;2.0;3.0;122;MARTYRS (RUE DES);M;4734927.0;66518.0;370
201800025664;18;12;22;1940;5;2;1;1.0;1.0;122;PONT VOLANT (RUE DU);M;4736100.0;67300.0;370
201800025669;18;12;30;1200;1;2;1;1.0;3.0;233;RABATERIE (RUE DE LA);M;4739228.0;72565.0;370
201800025679;18;11;15;2040;5;2;3;1.0;3.0;53;D1006;M;4558402.0;529675.0;380
201800025689;18;1;24;1420;1;2;1;1.0;6.0;185;Bd Maréchal Lyautey;M;4518542.0;573108.0;380
201800025708;18;4;18;1805;1;2;2;7.0;3.0;516;AVENUE DU GRESIVAUDAN;M;4520615.0;575257.0;380
201800025710;18;4;30;2000;5;2;3;1.0;3.0;185;RUE PIERRE RUIBET;M;4518033.0;571218.0;380
201800025715;18;5;12;1822;1;2;1;1.0;6.0;169;AVENUE DU VERCORS;M;4519242.0;569468.0;380
201800025718;18;6;12;1400;1;2;1;1.0;6.0;185;LEON BLUM (AVENUE);M;4516870.0;572194.0;380
201800025722;18;7;1;1010;1;2;1;1.0;2.0;185;AVENUE D'INNSBRUCK;M;4515569.0;573384.0;380
201800025728;18;7;13;920;1;2;2;1.0;3.0;185;EUGENE FAURE (RUE);M;4518876.0;573470.0;380
201800025737;18;8;24;815;1;2;1;1.0;6.0;185;AVENUE DE L'EUROPE;M;4515941.0;573296.0;380
201800025742;18;9;5;1050;1;2;9;1.0;1.0;185;AVENUE ALBERT REYNIER;M;4516669.0;570601.0;380
201800025751;18;9;22;2350;5;2;1;1.0;6.0;185;PLACE GUSTAVE RIVET;M;4518222.0;572761.0;380
201800025755;18;10;5;1645;1;2;1;1.0;6.0;185;LUCIEN ANDRIEUX (RUE);M;4516172.0;572068.0;380
201800025761;18;10;18;750;1;1;1;1.0;1.0;423;Chemin de l'Etang;M;4520861.0;570265.0;380
201800025802;18;6;6;1710;1;2;1;1.0;3.0;544;D1007;M;4551972.0;487040.0;380
201800025813;18;12;11;1826;5;2;1;1.0;3.0;544;GENERAL LECLERC(AV);M;4550460.0;485539.0;380
201800025826;18;9;1;1220;1;2;6;1.0;3.0;198;;M;4708695.0;549483.0;390
201800025841;18;12;19;730;5;2;1;1.0;2.0;88;MANOIR (BOULEVARD YVES D;M;4371305.0;-104512.0;400
201800025842;18;12;27;1608;1;2;3;1.0;3.0;88;ASPREMONT (RUE D') (AV G;M;4370232.0;-103983.0;400
201800025853;18;4;30;1725;1;2;1;1.0;3.0;281;SAINT-SEVER (AV DE);M;4387717.0;-50578.0;400
201800025878;18;1;23;1855;5;2;1;2.0;1.0;18;BEGON (RUE MICHEL )  SAU;M;4759510.0;130890.0;410
201800025888;18;4;19;1450;1;2;6;1.0;3.0;18;WILSON (ROND POINT PRESI;M;4757796.0;134840.0;410
201800025899;18;6;1;955;1;2;6;1.0;3.0;47;RD 2152;M;4760923.0;135652.0;410
201800025901;18;6;9;1310;1;2;1;1.0;3.0;295;MONTESQUIEU (RUE);M;4758406.0;137093.0;410
201800025909;18;8;9;1010;1;2;1;2.0;7.0;18;BRETAGNE (RUE ANNE DE);M;4758531.0;133317.0;410
201800025911;18;8;23;1820;1;2;1;1.0;2.0;18;GAMBETTA (AVENUE);M;4758471.0;131863.0;410
201800025914;18;9;10;1940;1;2;1;1.0;2.0;18;TOURVILLE (RUE DU MARECH;M;4759087.0;130689.0;410
201800025917;18;9;27;1730;1;2;9;1.0;6.0;18;VENDOME (AVENUE DE);M;4759932.0;132123.0;410
201800025936;18;7;24;1120;1;2;1;1.0;3.0;269;TUILERIE (ENTRE MAILLETT;M;4780677.0;106939.0;410
201800025957;18;12;20;1500;1;2;1;2.0;3.0;316;RD 3;M;4539724.0;425961.0;420
201800025967;18;2;1;1700;1;2;1;2.0;3.0;187;0, CHARLIEU (RUE DE );M;4606686.0;409072.0;420
201800026002;18;5;24;1439;1;2;6;1.0;3.0;71;REPUBLIQUE (AVENUE DE LA;M;4602601.0;409593.0;420
201800026004;18;5;23;1140;1;1;9;1.0;7.0;127;CORNEILLE PIERRE (RUE);M;4607825.0;406689.0;420
201800026023;18;7;23;1415;1;2;1;1.0;6.0;187;ARISTIDE BRIAND ( PLACE;M;4603315.0;407843.0;420
201800026030;18;8;18;1445;1;2;1;1.0;3.0;187;JAURES (RUE JEAN);M;4603523.0;407289.0;420
201800026052;18;10;23;1650;1;2;3;7.0;3.0;187;MATEL (RUE DE );M;4605003.0;409008.0;420
201800026058;18;11;21;940;1;2;3;8.0;3.0;187;GIRAUD (RUE DU GENERAL);M;4603215.0;406468.0;420
201800026084;18;1;27;1400;1;2;1;1.0;3.0;218;sans, MEONS (DE);M;4545987.0;441368.0;420
201800026091;18;2;10;925;1;2;1;1.0;6.0;305;22, REPUBLIQUE;M;4548195.0;443412.0;420
201800026098;18;4;6;446;5;2;2;1.0;6.0;218;BALAY JUSQU'AUX N 51-58;M;4544327.0;438674.0;420
201800026103;18;4;20;1055;1;2;3;1.0;3.0;218;VILLEBOEUF (PLACE);M;4543284.0;439506.0;420
201800026107;18;5;5;1415;1;2;1;1.0;3.0;218;ROCHE DU GEAI (DE LA);M;4544091.0;436547.0;420
201800026114;18;5;31;1938;1;2;2;8.0;7.0;218;bd FAURIAT;M;4544209.0;440826.0;420
201800026118;18;5;24;1652;1;2;1;1.0;6.0;218;PLACE DU PEUPLE;M;4543656.0;438827.0;420
201800026121;18;6;8;1000;1;2;3;8.0;2.0;218;DESTRE DOCTEUR LOUIS JUS;M;4543987.0;442725.0;420
201800026122;18;6;7;1809;1;2;6;2.0;7.0;218;POMPIDOU GEORGES (BOULEV;M;4545901.0;440778.0;420
201800026130;18;7;1;1100;1;2;1;1.0;2.0;218;DUPONT PIERRE rue;M;4544649.0;439411.0;420
201800026135;18;7;7;1645;1;1;1;1.0;1.0;218;GOUFFRE D'ENFER (ROUTE);M;4540835.0;444290.0;420
201800026148;18;9;22;1428;1;2;1;1.0;6.0;218;LIBERATION (AVENUE);M;4543728.0;439064.0;420
201800026198;18;8;1;1055;1;2;1;1.0;6.0;207;LANGONNAND  ROUTE DE;M;4547185.0;449386.0;420
201800026214;18;3;22;1750;1;2;1;1.0;6.0;157;CLAIR (BD A.);M;4503940.0;388198.0;430
201800026227;18;9;16;920;1;2;1;1.0;6.0;41;SPORTS (AVENUE DES);M;4504186.0;393614.0;430
201800026239;18;1;6;1030;1;2;1;8.0;3.0;132;SAINT NAZAIRE (BOULEVARD;M;4725782.0;-232417.0;440
201800026241;18;2;20;1120;1;2;3;7.0;3.0;132;29, PRIEUX (AVENUE DE);M;4725822.0;-233556.0;440
201800026242;18;3;23;1120;1;2;3;1.0;3.0;132;152, GAULLE (AVENUE DU G;M;4728651.0;-239163.0;440
201800026246;18;5;4;800;1;2;6;1.0;2.0;132;REPUBLIQUE (BOULEVARD DE;M;4725955.0;-233892.0;440
201800026248;18;6;23;1627;1;2;3;1.0;3.0;55;VERNE ( AVENUE JULES );M;4727331.0;-234486.0;440
201800026249;18;7;13;1505;1;2;9;1.0;6.0;55;LATTRE DE TASSIGNY ( AVE;M;4728560.0;-239704.0;440
201800026251;18;7;28;940;1;2;1;1.0;6.0;132;BECQUEREL (AVENUE DES);M;4725756.0;-233831.0;440
201800026255;18;9;14;1705;1;2;6;1.0;3.0;135;SANDEAU ( QUAI JULES );M;4727670.0;-242793.0;440
201800026286;18;2;7;1730;1;2;1;1.0;3.0;109;BOULEVARD LELASSEUR;M;4723182.0;-156835.0;440
201800026297;18;2;21;857;1;2;4;1.0;1.0;109;PLACE ALEXIS RICORDEAU;M;4721229.0;-155439.0;440
201800026308;18;3;24;300;5;2;1;1.0;1.0;109;QUAI DE VERSAILLES;M;4722600.0;-155500.0;440
201800026309;18;3;22;1040;1;2;1;1.0;6.0;109;BOULEVARD GUY MOLLET;M;4724796.0;-155497.0;440
201800026320;18;4;7;910;1;2;2;1.0;3.0;109;RUE NICOLAS APPERT;M;4721294.0;157724.0;440
201800026330;18;5;1;600;3;1;1;1.0;2.0;162;RD 107;M;4719900.0;-165200.0;440
201800026332;18;3;16;830;1;2;2;1.0;3.0;109;RUE BERTRAND GESLIN;M;4721606.0;-156586.0;440
201800026336;18;5;9;1800;1;2;9;1.0;3.0;143;BOULEVARD PAUL HENRI SPA;M;4716651.0;-155369.0;440
201800026341;18;4;13;30;5;2;1;1.0;2.0;109;RUE DE STRASBOURG;M;4721877.0;-155374.0;440
201800026343;18;4;23;1205;1;2;1;1.0;6.0;109;ROTONDE ( PONT DE LA );M;4721543.0;-154672.0;440
201800026345;18;5;8;1430;1;2;1;1.0;6.0;109;AVENUE JEAN CLAUDE BONDU;M;4721190.0;-154380.0;440
201800026347;18;5;22;820;1;2;1;1.0;2.0;109;BOULEVARD DES BELGES;M;4723500.0;-154600.0;440
201800026352;18;3;31;2130;2;2;1;1.0;3.0;109;1, RUE PAUL BELLAMY;M;4723315.0;-156572.0;440
201800026365;18;7;13;1335;1;2;9;1.0;3.0;109;FELTRE ( RUE DE );M;4721598.0;-155785.0;440
201800026370;18;7;18;1900;1;2;1;1.0;3.0;109;BOULEVARD DES BELGES;M;4723520.0;-154552.0;440
201800026373;18;7;22;1800;1;2;1;1.0;1.0;109;BOULEVARD DES ANGLAIS;M;4722409.0;-158446.0;440
201800026384;18;7;27;1355;1;2;1;1.0;3.0;162;BOULEVARD MARCEL PAUL;M;4724470.0;-161831.0;440
201800026386;18;8;3;945;1;2;4;1.0;2.0;109;POILUS ( BD DES );M;4722798.0;-152562.0;440
201800026388;18;8;4;1135;1;2;1;1.0;3.0;114;BD MENDES FRANCE;M;4726093.0;-158812.0;440
201800026389;18;8;6;805;1;1;1;1.0;2.0;114;RD 965;M;4725670.0;-163828.0;440
201800026395;18;8;6;1520;1;2;1;1.0;3.0;109;RUE DE LA BASSE CHENAIE;M;4723990.0;-150800.0;440
201800026401;18;8;17;802;1;2;9;1.0;2.0;109;CHEMIN DU PRE HERVE;M;4724513.0;-151834.0;440
201800026407;18;8;28;1740;1;2;1;1.0;6.0;109;BOULEVARD VAN ISEGHEM;M;4722974.0;-155167.0;440
201800026409;18;5;25;2000;1;1;1;1.0;3.0;109;GAULLE  ( BD GAL DE );M;4720660.0;-153890.0;440
201800026412;18;9;13;900;1;2;1;2.0;3.0;109;JOSEPH ( RTE DE ST );M;4724367.0;-153383.0;440
201800026414;18;8;8;1400;1;2;1;1.0;6.0;109;BRETAGNE ( PONT ANNE DE;M;4720790.0;-156555.0;440
201800026418;18;5;24;2140;2;2;1;1.0;6.0;109;RUE GEOFFROY DROUET;M;4722199.0;-154867.0;440
201800026420;18;6;16;1430;2;2;1;1.0;6.0;109;ROUTE DE LA JONELIERE;M;4725002.0;-155000.0;440
201800026424;18;10;1;900;1;2;1;1.0;2.0;109;AVENUE CARNOT;M;4721461.0;-154565.0;440
201800026439;18;10;9;1909;1;2;1;1.0;3.0;109;PLACE DE LA REPUBLIQUE;M;4720531.0;-155422.0;440
201800026441;18;10;11;1210;1;2;1;1.0;2.0;109;BOULEVARD DES BELGES;M;4723467.0;-154119.0;440
201800026453;18;10;31;800;1;2;1;1.0;3.0;190;RUE DE LA COMMUNE DE 187;M;4719921.0;-150021.0;440
201800026455;18;10;31;1500;1;2;1;1.0;3.0;143;RUE DE LA BAUCHE THIRAUD;M;4716200.0;-154883.0;440
201800026457;18;5;26;1540;1;2;1;1.0;6.0;109;ROUTE DE LA JONELIERE;M;4725217.0;-154460.0;440
201800026459;18;11;7;745;5;2;6;1.0;3.0;162;AVENUE DE LA BOUVARDIERE;M;4723830.0;-159584.0;440
201800026460;18;10;25;1930;2;2;1;1.0;6.0;109;BOULEVARD A. MILLERAND;M;4720903.0;-153101.0;440
201800026464;18;9;28;820;2;2;1;1.0;6.0;190;RUE EDOUARD HERVE;M;4719040.0;-151874.0;440
201800026465;18;9;10;1900;1;2;1;1.0;6.0;109;RUE FREDERIC CAILLIAUD;M;4721947.0;-154099.0;440
201800026469;18;9;19;1743;1;2;1;1.0;6.0;109;RUE FREDERIC MISTRAL;M;4724661.0;-151223.0;440
201800026478;18;11;21;800;1;2;1;1.0;2.0;114;AVENUE DU BOIS RAGUENET;M;4726948.0;-159297.0;440
201800026480;18;7;20;1202;1;2;1;1.0;3.0;109;BOULEVARD DE STALINGRAD;M;4721925.0;-153571.0;440
201800026485;18;9;25;937;1;2;1;1.0;6.0;109;BOULEVARD HENRY ORRION;M;4723348.0;-156009.0;440
201800026490;18;11;27;1915;2;2;9;1.0;6.0;109;FELTRE ( RUE DE );M;4721597.0;-155764.0;440
201800026503;18;11;28;1000;1;2;1;1.0;2.0;143;RUE JULES LAISNE;M;4717864.0;-154209.0;440
201800026517;18;1;26;805;2;1;3;1.0;1.0;184;QUEMENEAU (ROUTE DU);M;4730890.0;-226910.0;440
201800026538;18;5;10;1045;1;2;6;1.0;3.0;184;SUNDERLAND (BOULEVARD DE;M;4727096.0;-224429.0;440
201800026544;18;5;22;1755;1;2;1;1.0;3.0;184;LAGRANGE (AVENUE LEO);M;4727344.0;-222806.0;440
201800026556;18;6;27;2000;1;2;1;1.0;3.0;184;SAINT-NAZAIRE (AVENUE DE;M;4724835.0;-227710.0;440
201800026566;18;7;24;1810;1;2;6;1.0;3.0;184;LANDETTES (ROND POINT);M;4727880.0;-224351.0;440
201800026568;18;7;27;1100;1;2;1;1.0;1.0;184;AMERIQUE LATINE (PLACE D;M;4727559.0;-220452.0;440
201800026577;18;8;30;845;1;2;2;1.0;3.0;184;GUTENBERG (RUE JEAN);M;4728074.0;-222988.0;440
201800026578;18;8;31;1805;1;1;1;1.0;2.0;184;VILLES-MOLLE (ROUTE DE);M;4724625.0;-229312.0;440
201800026581;18;9;14;1700;1;2;1;1.0;3.0;184;BERTHELOT (RUE MARCELLIN;M;4727273.0;-223845.0;440
201800026583;18;9;17;2050;5;2;6;1.0;3.0;184;GAULLE (RUE DU GAL DE);M;4727413.0;-221300.0;440
201800026598;18;10;25;751;5;2;3;5.0;3.0;184;PENHOET (AVENUE DE);M;4729060.0;-219940.0;440
201800026633;18;4;6;1140;1;2;1;1.0;2.0;4;ROUTE DE VIROY;M;4799032.0;276538.0;450
201800026635;18;4;16;1920;1;2;3;1.0;3.0;68;R J MASSENET/R Villemand;M;4800523.0;271316.0;450
201800026649;18;5;11;1850;1;2;1;1.0;6.0;208;RUE DOREE/ANCIEN PALAIS;M;4799684.0;273286.0;450
201800026689;18;10;6;1445;1;2;3;1.0;3.0;208;RUE DOM PEDRE;M;4799777.0;527366.0;450
201800026700;18;11;14;1310;1;2;2;1.0;3.0;338;R DU BUISSON/A DAUDET;M;4798645.0;271212.0;450
201800026734;18;2;8;1625;1;2;2;1.0;3.0;147;R JEAN JAURES/R GROUETTE;M;4793616.0;190933.0;450
201800026740;18;2;21;715;2;2;6;1.0;3.0;285;R GAMBETTA;M;4790637.0;187814.0;450
201800026741;18;2;22;1515;1;2;2;1.0;3.0;147;R A DESSAUX/R DU 11 OCT;M;4793413.0;189635.0;450
201800026748;18;3;10;1110;1;2;1;1.0;2.0;234;41, AV DAUPHINE;M;4789131.0;190479.0;450
201800026753;18;3;20;1200;1;2;2;1.0;3.0;234;R E VIGNAT/BD A MARTIN;M;4790583.0;190974.0;450
201800026756;18;3;24;1010;1;2;2;1.0;6.0;234;R TOUR NEUVE/R DES AFRIC;M;4789901.0;191360.0;450
201800026762;18;3;30;1245;1;2;3;1.0;3.0;284;AVENUE DE VERDUN;M;4791715.0;197814.0;450
201800026785;18;4;23;815;1;2;1;1.0;3.0;75;RUE DES BAS CHAMPS;M;4790050.0;185350.0;450
201800026786;18;2;21;1400;1;2;2;1.0;3.0;234;quai de prague;M;4789470.0;190453.0;450
201800026787;18;4;26;1720;1;2;2;1.0;3.0;234;Q DES TOURELLE/DAUPHINE;M;4789479.0;190472.0;450
201800026809;18;5;20;1645;1;2;9;1.0;3.0;286;ROUTE DE SAINT CYR;M;4787908.0;193337.0;450
201800026811;18;5;22;830;1;2;2;1.0;3.0;234;R COLOMBIER/GRAND CHAMPS;M;4790359.0;189974.0;450
201800026816;18;5;24;1845;1;2;3;1.0;3.0;234;R C BEAUHAIRE/V GAMBETTA;M;4790911.0;188332.0;450
201800026826;18;6;4;1750;1;2;6;2.0;7.0;298;R DES MOINES/R ST PRYVE;M;4788728.0;187663.0;450
201800026827;18;6;7;1455;1;2;9;7.0;3.0;232;345 RUE DU COUASNON;M;4787259.0;190103.0;450
201800026830;18;6;8;750;1;2;2;1.0;3.0;234;R PRESSOIR NEUF/R BORDE;M;4790962.0;192394.0;450
201800026832;18;6;9;1015;1;2;2;1.0;3.0;234;R COLOMBIER/GRAND CHAMPS;M;4790362.0;189977.0;450
201800026844;18;6;21;1755;1;2;1;1.0;2.0;285;76 RUE CROIX BAUDU;M;4792124.0;188533.0;450
201800026847;18;6;22;2315;5;2;1;1.0;2.0;234;PONT GEORGE V;M;4789572.0;190439.0;450
201800026855;18;7;1;1120;1;2;6;1.0;1.0;285;R R GAUDRY/PL GAMBETTA;M;4790677.0;187812.0;450
201800026857;18;7;2;1555;1;2;1;1.0;7.0;169;RUE DE LA GARE;M;4793529.0;183740.0;450
201800026862;18;7;4;1135;1;2;2;1.0;1.0;234;R DES MURLINS/RUE CABAN;M;4791019.0;189854.0;450
201800026880;18;7;25;1852;1;2;9;1.0;3.0;298;PONT DE L'EUROPE;M;4789333.0;187626.0;450
201800026906;18;8;30;643;2;2;1;1.0;7.0;234;24 RUE JEANNE D'ARC;M;4790161.0;190596.0;450
201800026914;18;9;10;900;1;2;4;7.0;2.0;234;QU CYPIERRE/R G TEMPLIER;M;4789822.0;190368.0;450
201800026916;18;9;11;825;1;2;3;7.0;3.0;302;R D JONQUILLES/M GENEVOI;M;4795398.0;188647.0;450
201800026918;18;9;12;1311;1;2;1;1.0;7.0;169;76 RUE DU CHATEAU D'EAU;M;4792726.0;183176.0;450
201800026932;18;9;25;1350;1;2;1;1.0;3.0;232;421 AVENUE DULOIRET;M;4787451.0;190452.0;450
201800026940;18;10;1;2005;5;2;3;1.0;3.0;234;R PORTE DUNOISE/M SANGNI;M;4790249.0;188080.0;450
201800026948;18;10;8;1800;1;2;3;1.0;3.0;298;RTE ST MESMIN/R ST PRYVE;M;4788469.0;187796.0;450
201800026949;18;10;10;1015;1;2;1;1.0;6.0;234;89 FB SAINT JEAN;M;4790798.0;188611.0;450
201800026961;18;10;19;800;2;2;3;1.0;3.0;234;R CHARTRES/L DE VINCI;M;4784556.0;194065.0;450
201800026962;18;10;19;730;5;2;6;1.0;3.0;302;RUE MARCEL PAUL;M;4794570.0;190840.0;450
201800026963;18;10;19;1554;1;2;2;1.0;3.0;234;R P LAROQUE/R GUIGNEGAUL;M;4789047.0;188944.0;450
201800027001;18;11;21;820;1;2;2;1.0;3.0;234;BD CHATEAUDUN/R MURLINS;M;4791414.0;189582.0;450
201800027006;18;11;29;1542;1;2;6;2.0;7.0;298;RD POINT PONT DE L'EUROP;M;4789300.0;187637.0;450
201800027065;18;9;23;2040;5;2;3;1.0;3.0;1;DUNKERQUE (QUAI DE);M;4420900.0;62162.0;470
201800027069;18;11;16;1255;1;1;3;1.0;3.0;32;ARMAND (RUE);M;4417546.0;68547.0;470
201800027072;18;12;28;1410;1;1;3;1.0;3.0;1;DENFERT ROCHEREAU (RUE);M;4420240.0;62690.0;470
201800027089;18;9;28;920;1;1;2;1.0;3.0;27;AV. GROUPE FRANC TREIZE;M;4441570.0;66163.0;470
201800027093;18;10;30;1615;1;2;6;1.0;3.0;323;DANTON (BOULEVARD);M;4440780.0;69940.0;470
201800027100;18;12;28;1000;1;2;1;1.0;7.0;7;ALSACE;M;4747077.0;-55117.0;490