Num_Acc;an;mois;jour;hrmn;lum;agg;int;atm;col;com;adr;gps;lat;long;dep
201800027102;18;1;3;917;1;2;6;1.0;3.0;7;00, ARAGON AVENUE;M;4747208.0;-56704.0;490
201800027104;18;1;3;1756;5;2;1;1.0;7.0;7;10, PAUL BERT;M;4746580.0;-55163.0;490
201800027108;18;1;5;936;1;2;1;1.0;7.0;15;80, MENDES FRANCE AVENUE;M;4750600.0;-58868.0;490
201800027121;18;1;15;1820;5;2;6;8.0;3.0;7;00, GATS;M;4747432.0;-51588.0;490
201800027122;18;1;15;2230;5;2;1;1.0;6.0;7;00, PORTET BOULEVARD;M;4745277.0;-56494.0;490
201800027128;18;1;19;1842;2;2;2;1.0;6.0;7;00, LETANDUERE;M;4746026.0;-55463.0;490
201800027134;18;1;23;1700;1;2;6;1.0;3.0;7;40, ARAGON AVENUE;M;4747189.0;-56724.0;490
201800027135;18;1;25;840;1;2;1;1.0;6.0;7;32, BOURG LA CROIX PLACE;M;4745256.0;-52554.0;490
201800027143;18;2;1;1744;1;2;2;1.0;3.0;7;00, GUICHARD;M;4744829.0;-55029.0;490
201800027153;18;2;7;818;2;2;1;4.0;7.0;7;00, BASSE CHAINE PONT;M;4747029.0;-56307.0;490
201800027157;18;2;16;849;1;2;3;1.0;3.0;7;00, EPINARD ROUTE;M;4748770.0;-56330.0;490
201800027163;18;2;21;1548;1;2;6;1.0;3.0;353;00, CLOS DU PLESSIS LOTI;M;4744081.0;-49862.0;490
201800027168;18;2;26;2030;5;2;3;1.0;3.0;7;00, PASTEUR AVENUE;M;4747405.0;-53741.0;490
201800027180;18;3;8;2320;5;2;1;1.0;3.0;7;1, MAINE;M;4747590.0;-54922.0;490
201800027190;18;3;15;735;5;2;1;1.0;7.0;7;GAULLE BOULEVARD CHARLES;M;4746962.0;-56102.0;490
201800027201;18;3;22;1344;1;2;2;1.0;2.0;353;JEAN JAURES RUE;M;4744270.0;-49542.0;490
201800027207;18;3;27;1400;1;2;1;1.0;7.0;7;1, GRAND MONTREJEAU;M;4746870.0;-52743.0;490
201800027211;18;3;28;1613;1;2;1;1.0;1.0;7;19, BEAUSSIER BOULEVARD;M;4747992.0;-59534.0;490
201800027213;18;3;24;930;1;2;6;1.0;7.0;7;VALLON;M;4746335.0;-60189.0;490
201800027217;18;3;24;1055;1;2;1;1.0;7.0;7;RALLIEMENT PLACE;M;4747156.0;-55202.0;490
201800027227;18;4;6;959;1;2;1;8.0;6.0;7;BESNADIERE;M;4747696.0;-54717.0;490
201800027234;18;4;10;1330;1;2;9;1.0;5.0;7;BARRE CITE ET RUE;M;4747204.0;-59254.0;490
201800027237;18;4;10;1750;1;2;1;8.0;6.0;7;DETRICHE BOULEVARD;M;4744644.0;-53365.0;490
201800027245;18;4;16;1323;1;2;1;1.0;6.0;15;MENDES FRANCE AVENUE PIE;M;4749834.0;-58226.0;490
201800027250;18;4;20;1703;1;2;1;1.0;6.0;353;LEFEVRE;M;4744346.0;-48877.0;490
201800027255;18;4;22;1815;1;2;1;1.0;6.0;7;RESISTANCE ET DEPORTATIO;M;4747053.0;-54757.0;490
201800027259;18;4;26;1712;1;2;1;1.0;2.0;7;LEROY PLACE;M;4746499.0;-54914.0;490
201800027260;18;4;26;1006;1;2;1;1.0;7.0;246;DAVID D'ANGERS;M;4743782.0;-53173.0;490
201800027269;18;4;27;1415;1;2;1;1.0;7.0;7;FOCH BOULEVARD;M;4746706.0;-55288.0;490
201800027274;18;5;5;1812;1;2;1;1.0;6.0;7;BICHON PLACE;M;4747910.0;-56463.0;490
201800027285;18;5;11;1414;1;2;6;1.0;6.0;7;GRAND LAUNAY;M;4746769.0;-59291.0;490
201800027286;18;5;11;1405;1;2;1;1.0;7.0;7;ROI RENE BOULEVARD;M;4746909.0;-55988.0;490
201800027290;18;5;16;1822;1;2;1;1.0;3.0;7;COMMERCE;M;4747508.0;-54997.0;490
201800027292;18;5;20;1555;1;2;1;1.0;7.0;7;LAREVELLIERE;M;4747173.0;-53702.0;490
201800027305;18;5;24;1732;1;2;1;1.0;3.0;7;BARDOUL;M;4747518.0;-54286.0;490
201800027306;18;5;24;2110;5;2;1;1.0;7.0;7;ROE;M;4747187.0;-55242.0;490
201800027308;18;5;25;1556;1;2;1;1.0;3.0;267;HERAUDIERES;M;4746357.0;-48937.0;490
201800027311;18;5;28;1159;1;2;2;1.0;3.0;246;BROSSE CHEMINE DE LA;M;4743912.0;-50555.0;490
201800027313;18;5;30;2250;5;2;1;2.0;3.0;7;PLANTAGENET;M;4747263.0;-55474.0;490
201800027314;18;5;30;1405;1;2;1;1.0;7.0;7;CARMES QUAI ET RUE;M;4747302.0;-56004.0;490
201800027319;18;6;5;1714;1;2;1;1.0;3.0;7;MADELEINE;M;4746253.0;-54031.0;490
201800027322;18;6;6;1139;1;2;2;2.0;3.0;7;ACADEMIE PLACE;M;4746779.0;-55899.0;490
201800027323;18;6;6;903;1;2;1;1.0;7.0;15;POMPIDOU AVENUE GEORGES;M;4749761.0;-59158.0;490
201800027336;18;6;15;1018;1;2;1;2.0;7.0;7;MICHELET;M;4746283.0;-54505.0;490
201800027338;18;6;15;1626;1;2;1;1.0;7.0;7;RABELAIS;M;4746228.0;-54734.0;490
201800027339;18;6;17;145;5;2;2;1.0;3.0;7;MEIGNANNE;M;4747892.0;-57007.0;490
201800027341;18;6;16;115;5;2;1;1.0;3.0;7;RABELAIS;M;4745824.0;-54469.0;490
201800027344;18;6;19;1802;1;2;1;1.0;3.0;267;ROMANERIE BOULEVARD;M;4748268.0;-50105.0;490
201800027345;18;6;20;1115;1;2;1;1.0;3.0;7;VOLNEY;M;4746010.0;-53732.0;490
201800027346;18;6;20;1612;1;2;1;1.0;7.0;7;LETANDUERE;M;4746386.0;-55335.0;490
201800027348;18;6;23;2124;1;2;1;1.0;3.0;7;JEAN XXIII AVENUE;M;4744981.0;-56667.0;490
201800027351;18;6;25;815;1;2;1;1.0;7.0;7;BARRE CITE ET RUE;M;4747209.0;-59081.0;490
201800027354;18;6;26;846;1;2;1;1.0;7.0;7;LEROY PLACE;M;4746512.0;-54889.0;490
201800027368;18;7;10;1025;1;1;6;1.0;3.0;7;MOULIN PONT ET PLACE;M;4748885.0;-54588.0;490
201800027370;18;7;11;1700;1;2;2;1.0;3.0;7;BLANCHOIN BOULEVARD;M;4744848.0;-53882.0;490
201800027374;18;7;21;2020;1;2;2;1.0;3.0;7;SAINT LEONARD;M;4746171.0;-53256.0;490
201800027375;18;7;21;1900;1;2;2;1.0;3.0;7;PASTEUR AVENUE;M;4747395.0;-53774.0;490
201800027377;18;7;29;1618;1;2;1;1.0;6.0;7;VERDUN PONT;M;4748041.0;-55235.0;490
201800027378;18;7;28;1203;1;2;1;1.0;4.0;246;JUIGNE ROUTE;M;4741341.0;-50248.0;490
201800027379;18;7;27;931;1;2;1;1.0;7.0;7;JAURES;M;4745708.0;-52336.0;490
201800027381;18;7;30;1727;1;2;1;1.0;7.0;7;MOURBEL;M;4747805.0;-58914.0;490
201800027383;18;8;1;1545;1;2;1;1.0;7.0;7;POISSONNERIE;M;4747330.0;-55530.0;490
201800027385;18;8;4;2135;4;2;1;1.0;6.0;7;FOCH BOULEVARD;M;4746916.0;-54928.0;490
201800027388;18;8;10;1805;1;2;1;1.0;7.0;7;LAC DE MAINE AVENUE;M;4746622.0;-59219.0;490
201800027396;18;8;18;2005;1;2;1;1.0;3.0;7;DE LATTRE DE TASSIGNY;M;4744823.0;-53844.0;490
201800027403;18;8;27;1124;1;2;1;1.0;7.0;267;MAURIAC;M;4747230.0;-48507.0;490
201800027406;18;9;5;1753;1;2;1;1.0;7.0;7;BEDIER BOULEVARD;M;4745134.0;-54742.0;490
201800027410;18;9;6;1430;1;2;1;1.0;7.0;15;MENDES FRANCE AVENUE PIE;M;4750728.0;-59116.0;490
201800027411;18;9;6;820;1;2;1;1.0;6.0;7;PASCAL RUE ET PASSAGE;M;4745821.0;-53873.0;490
201800027413;18;9;8;1230;1;2;1;1.0;6.0;7;PICOTIERE;M;4746637.0;-59809.0;490
201800027414;18;9;9;1230;1;2;1;1.0;7.0;7;BODINIER;M;4747261.0;-55403.0;490
201800027417;18;9;11;1645;1;2;1;1.0;2.0;7;GAIN ( LOUIS);M;4746981.0;-54127.0;490
201800027419;18;9;11;905;1;2;1;1.0;6.0;7;SAUMUROISE IMPASSE ET RU;M;4745657.0;-53133.0;490
201800027420;18;9;11;1921;1;2;1;1.0;6.0;7;STRASBOURG BOULEVARD;M;4745574.0;-55061.0;490
201800027421;18;9;12;1139;1;2;1;1.0;7.0;7;LETANDUERE;M;4746362.0;-55531.0;490
201800027422;18;9;12;1720;1;2;1;1.0;3.0;7;LAREVELLIERE;M;4747113.0;-52630.0;490
201800027424;18;9;14;1440;1;2;1;1.0;6.0;7;PAUL BERT;M;4746117.0;-54940.0;490
201800027433;18;9;19;1435;1;2;1;1.0;6.0;7;POELIERS RUE ET IMPASSE;M;4747306.0;-55102.0;490
201800027435;18;9;19;1729;1;2;1;1.0;6.0;7;BAUDRIERE;M;4747235.0;-55699.0;490
201800027437;18;9;20;2046;3;2;1;1.0;2.0;353;CHEVROLIER;M;4744907.0;-50343.0;490
201800027438;18;9;20;1550;1;2;1;2.0;7.0;7;BON PASTEUR BOULEVARD;M;4747031.0;-56961.0;490
201800027442;18;9;24;1815;1;2;1;1.0;6.0;7;BEAUSSIER BOULEVARD;M;4747459.0;-59973.0;490
201800027444;18;9;24;1314;1;2;1;1.0;6.0;7;SAINT JACQUES;M;4747383.0;-56960.0;490
201800027445;18;9;25;1000;1;2;1;1.0;3.0;7;BEDIER BOULEVARD;M;4745167.0;-54565.0;490
201800027449;18;9;27;1335;1;2;1;1.0;7.0;7;BASSE CHAINE PONT;M;4747321.0;-55821.0;490
201800027453;18;9;28;1248;1;1;1;1.0;7.0;7;DAVID D'ANGERS;M;4747112.0;-54935.0;490
201800027456;18;10;1;1616;1;2;1;1.0;7.0;7;LETANDUERE;M;4746361.0;-55530.0;490
201800027458;18;10;1;750;1;2;1;1.0;2.0;7;ARAGON AVENUE;M;4747040.0;-56860.0;490
201800027461;18;10;2;1435;1;2;1;1.0;7.0;7;CHATENAY AVENUE VICTOR;M;4748222.0;-52181.0;490
201800027463;18;10;3;1740;1;2;1;1.0;3.0;7;MOULIN BOULEVARD;M;4749240.0;-56508.0;490
201800027465;18;10;4;1840;1;2;1;1.0;3.0;7;DROITS DE L'HOMME;M;4747831.0;-54864.0;490
201800027466;18;10;6;1;5;2;2;1.0;2.0;7;LISE;M;4747220.0;-54147.0;490
201800027469;18;10;5;1640;1;2;1;1.0;6.0;7;TARIN;M;4746815.0;-54515.0;490
201800027470;18;10;8;1245;1;2;6;1.0;7.0;7;VOLNEY;M;4746464.0;-54851.0;490
201800027475;18;10;10;900;1;1;2;1.0;3.0;7;DAVIERS BOULEVARD;M;4747860.0;-55628.0;490
201800027483;18;10;13;1615;1;2;1;1.0;7.0;7;GAULLE BOULEVARD CHARLES;M;4746934.0;-56101.0;490
201800027484;18;10;13;1019;1;2;1;1.0;6.0;7;NOYERS;M;4746525.0;-53282.0;490
201800027485;18;10;15;816;1;2;1;1.0;3.0;7;CUL D'ANON;M;4747448.0;-51571.0;490
201800027488;18;10;17;1410;1;2;1;1.0;7.0;7;PRE PIGEON;M;4747706.0;-54121.0;490
201800027489;18;10;17;1810;1;2;1;1.0;7.0;7;VIGNE PLACE ET RUE;M;4747516.0;-58275.0;490
201800027494;18;10;22;1940;2;2;1;1.0;3.0;7;ORGEMONT;M;4745250.0;-54506.0;490
201800027496;18;10;24;1012;1;2;1;1.0;6.0;7;LEROY PLACE;M;4746508.0;-54885.0;490
201800027499;18;10;24;1550;1;2;1;1.0;7.0;7;LA BOETIE;M;4745564.0;-53134.0;490
201800027506;18;10;30;1017;1;2;6;1.0;7.0;7;LAFAYETTE PLACE;M;4746285.0;-55370.0;490
201800027510;18;11;1;1310;1;2;1;1.0;2.0;7;PAUL BERT;M;4746523.0;-54998.0;490
201800027512;18;11;5;730;2;2;1;8.0;6.0;7;BON PASTEUR BOULEVARD;M;4747329.0;-57887.0;490
201800027513;18;11;6;1534;1;2;1;1.0;3.0;7;DUPETIT THOUARS;M;4746252.0;-55245.0;490
201800027516;18;11;8;853;1;2;1;8.0;6.0;7;PAUL BERT;M;4746524.0;-54997.0;490
201800027520;18;11;12;2033;5;2;1;1.0;1.0;7;JUSTICES PLACE;M;4745336.0;-52594.0;490
201800027522;18;11;9;851;1;2;6;1.0;3.0;7;PATTON AVENUE;M;4747224.0;-61090.0;490
201800027529;18;11;14;1920;5;2;1;1.0;2.0;7;BODINIER;M;4747260.0;-55402.0;490
201800027537;18;11;24;1037;1;2;1;1.0;2.0;353;BAHONNEAU BOULEVARD;M;4744971.0;-48595.0;490
201800027539;18;11;26;1930;5;2;1;1.0;2.0;7;PASTEUR AVENUE;M;4747869.0;-52860.0;490
201800027541;18;11;29;933;1;2;1;1.0;1.0;15;CHAMP DES MARTYRS CHEMIN;M;4749050.0;-58218.0;490
201800027550;18;12;5;1803;1;2;1;3.0;7.0;7;SAINT LAUD;M;4747216.0;-55302.0;490
201800027558;18;12;12;815;4;2;1;1.0;3.0;7;CONTADES AVENUE;M;4746437.0;-55408.0;490
201800027560;18;12;16;2150;5;2;1;8.0;6.0;7;MAIL;M;4747436.0;-55230.0;490
201800027570;18;12;20;1517;1;2;2;1.0;3.0;7;ARAGON AVENUE;M;4747035.0;-56926.0;490
201800027573;18;12;21;2000;5;2;1;1.0;3.0;7;BIRGE BOULEVARD;M;4747399.0;-51956.0;490
201800027574;18;12;20;1027;1;2;1;1.0;3.0;246;GALLIENI AVENUE;M;4743703.0;-51487.0;490
201800027578;18;12;28;1203;1;2;1;1.0;3.0;267;COROT;M;4747223.0;-49326.0;490
201800027580;18;1;14;1215;1;2;3;1.0;3.0;99;SAINT CHRISTOPHE (RUE DE;M;4705446.0;-89912.0;490
201800027587;18;4;19;1055;1;2;1;1.0;2.0;99;RICHELIEU (BOULEVARD DE);M;4704423.0;-88475.0;490
201800027593;18;5;21;1845;1;1;1;1.0;6.0;99;HIPPODROME (AVENUE DE L';M;4701971.0;-88320.0;490
201800027605;18;8;4;1000;1;2;6;1.0;3.0;99;LEGION D'HONNEUR (PLACE);M;4704648.0;-87618.0;490
201800027606;18;8;8;800;1;1;1;1.0;6.0;99;HIPPODROME (AVENUE DE L';M;4702016.0;-88327.0;490
201800027640;18;6;28;800;1;2;2;1.0;6.0;328;LOUCHEUR (RUE);M;4724609.0;-7041.0;490
201800027641;18;7;17;1435;1;2;1;1.0;6.0;328;ROUEN (RUE DE);M;4726875.0;-6827.0;490
201800027655;18;9;25;750;2;2;2;1.0;3.0;328;RESISTANCE (PLACE DE LA);M;4726730.0;-7000.0;490
201800027659;18;11;22;735;5;2;1;5.0;3.0;328;DE GAULLE (AVENUE DU GEN;M;4726496.0;-7250.0;490
201800027663;18;12;5;815;5;2;6;1.0;3.0;328;RESISTANCE (PLACE DE LA);M;4726726.0;-7002.0;490
201800027677;18;1;28;850;1;2;6;1.0;3.0;173;000, QUERQUEVILLE (ROND;M;4966130.0;-168142.0;500
201800027678;18;1;26;1820;5;2;2;1.0;3.0;602;00, HUIT MAI 1945 (RUE D;M;4964951.0;-157000.0;500
201800027701;18;3;14;1720;1;2;2;1.0;3.0;129;BD GUILLAUME CONQUERANT;M;4964218.0;-163703.0;500
201800027727;18;5;14;1010;1;2;1;1.0;6.0;173;BD DE LA MER;M;4965973.0;-167548.0;500
201800027728;18;5;16;1715;1;2;3;1.0;6.0;173;THIVET ( avenue du );M;4963539.0;-165681.0;500
201800027735;18;5;23;1435;1;2;1;1.0;2.0;129;PARIS (AVENUE DE);M;4963001.0;-161794.0;500
201800027743;18;6;20;740;1;2;1;1.0;3.0;129;NAPOLEON (PLACE);M;4964236.0;-162259.0;500
201800027749;18;7;16;730;1;1;3;1.0;3.0;173;;M;4964574.0;-169227.0;500
201800027760;18;8;28;1450;1;2;1;1.0;2.0;129;LAVIEILLE (RUE FRANCOIS);M;4964114.0;-162564.0;500
201800027761;18;8;30;1745;1;2;3;1.0;3.0;129;BECQUEREL (RUE);M;4962844.0;-163964.0;500
201800027770;18;9;24;1830;1;2;1;1.0;6.0;173;MER (Bld de la );M;4965953.0;-167526.0;500
201800027784;18;10;17;1725;1;2;3;1.0;2.0;129;BECQUEREL (RUE);M;4962841.0;-163959.0;500
201800027800;18;11;14;745;2;2;6;1.0;3.0;129;THIVET (AVENUE);M;4963562.0;-165335.0;500
201800027808;18;11;21;1425;1;2;3;1.0;3.0;129;CALIGNY (QUAI DE);M;4963977.0;-162138.0;500
201800027830;18;12;21;1115;1;2;2;1.0;3.0;129;PLACE NAPOLEON;M;4964397.0;-162571.0;500
201800027865;18;12;3;1440;1;1;6;8.0;3.0;532;;M;4880956.0;-153702.0;500
201800027878;18;5;24;1235;1;1;6;1.0;3.0;502;RD POINT DE BAUDRE;M;4909777.0;-107662.0;500
201800027884;18;11;30;1315;1;2;1;1.0;3.0;502;LATTRE DE TASSIGNY (rue;M;4911036.0;-107520.0;500
201800027910;18;2;11;1415;1;2;1;1.0;6.0;230;ALLEE DE LA FORET;M;4903185.0;394151.0;510
201800027919;18;8;23;1715;1;2;1;1.0;3.0;230;RUE EDOUARD VAILLANT;M;4904810.0;397177.0;510
201800027925;18;1;1;1750;5;2;3;3.0;3.0;454;RUE DU GENERAL KOENIG;M;4922592.0;402121.0;510
201800027952;18;2;13;1135;1;2;1;7.0;6.0;454;80 BOULEVARD LUNDY;M;4926141.0;403102.0;510
201800027986;18;4;15;1655;1;2;1;1.0;3.0;454;AVENUE JEAN JAURES;M;4926209.0;405198.0;510
201800027990;18;4;19;1850;1;2;3;1.0;3.0;454;RUE EMILE ZOLA;M;4926820.0;402650.0;510
201800027995;18;4;24;1325;1;2;2;1.0;3.0;454;RUE JULES STAAT;M;4926527.0;405999.0;510
201800027997;18;4;26;1715;1;2;6;7.0;3.0;454;CHAUSSEE BOCQUAINE;M;4924472.0;402702.0;510
201800027998;18;4;27;2254;5;2;1;1.0;6.0;454;RUE CLOVIS CHEZEL;M;4924024.0;403245.0;510
201800028008;18;5;16;1250;1;2;2;1.0;1.0;454;BOULEVARD DU GEN LECLERC;M;4925722.0;402564.0;510
201800028010;18;5;18;1730;1;2;2;1.0;3.0;454;RUE DE NEUFCHATEL;M;4928445.0;402747.0;510
201800028020;18;5;29;755;1;2;6;1.0;1.0;454;AVENUE BONAPARTE;M;4923293.0;400695.0;510
201800028022;18;5;31;900;1;2;6;1.0;3.0;573;AVENUE BONAPARTE;M;4924836.0;399103.0;510
201800028023;18;5;31;1145;1;2;1;1.0;3.0;454;PLACE MAX ROUSSEAU;M;4926472.0;400999.0;510
201800028035;18;6;18;730;1;2;1;1.0;3.0;55;RUE HONORE GANTEAUME;M;4927323.0;404521.0;510
201800028040;18;6;21;1635;1;2;4;1.0;3.0;454;RUE DU CHAMP DE MARS;M;4926414.0;403929.0;510
201800028044;18;6;27;1655;1;2;1;1.0;3.0;454;AVENUE NATIONALE;M;4928332.0;401091.0;510
201800028050;18;6;29;1730;1;2;1;1.0;6.0;454;AVENUE DE PARIS;M;4924900.0;401539.0;510
201800028051;18;7;1;1450;1;2;7;1.0;1.0;454;PLACE COLIN;M;4925060.0;402015.0;510
201800028062;18;7;10;2310;5;2;2;1.0;3.0;454;RUE DE VESLE;M;4925373.0;402681.0;510
201800028067;18;7;18;850;1;2;7;1.0;3.0;454;PLACE ESTOURNELLES;M;4923232.0;403324.0;510
201800028095;18;9;2;1200;1;2;1;1.0;5.0;454;RUE LEON FAUCHER;M;4926959.0;404397.0;510
201800028097;18;9;5;815;1;2;6;1.0;2.0;454;PLACE DROITS DE L'HOMME;M;4924132.0;404559.0;510
201800028098;18;9;6;1715;1;2;2;8.0;3.0;172;RUE CHANZY;M;4922430.0;405178.0;510
201800028110;18;9;21;1755;1;2;1;1.0;3.0;454;PLACE DE LA REPUBLIQUE;M;4926112.0;403052.0;510
201800028116;18;9;26;800;1;2;1;1.0;2.0;454;RUE 16E ET 22E DRAGONS;M;4925340.0;404619.0;510
201800028117;18;9;27;1330;1;2;2;1.0;3.0;454;BOULEVARD DE LA PAIX;M;4925387.0;404082.0;510
201800028120;18;10;4;840;2;2;2;1.0;3.0;454;RUE SERGE JOUSSIER;M;4929292.0;401412.0;510
201800028163;18;11;20;2210;5;2;7;1.0;3.0;454;PLACE ARISTIDE BRIAND;M;4925730.0;403899.0;510
201800028173;18;11;28;1930;5;2;3;2.0;3.0;454;RUE CHANZY;M;4925125.0;403439.0;510
201800028183;18;12;17;1220;1;2;1;1.0;3.0;454;BOULEVARD PASTEUR;M;4924953.0;404284.0;510
201800028192;18;12;26;1815;5;2;6;1.0;3.0;454;ROUTE DE CHALONS;M;4923652.0;407139.0;510
201800028201;18;5;11;1430;1;2;6;1.0;3.0;121;FOCH (AVENUE);M;4811081.0;513294.0;520
201800028207;18;11;22;2040;5;2;1;1.0;1.0;121;ROBESPIERRE (RUE);M;4809882.0;514079.0;520
201800028210;18;1;22;1220;1;2;1;3.0;6.0;448;1, GAMBETTA (RUE);M;4863690.0;495010.0;520
201800028215;18;11;10;1440;1;2;1;2.0;2.0;448;BEREGOVOY (AVENUE PIERRE;M;4862758.0;495961.0;520
201800028217;18;11;14;1505;1;2;6;1.0;6.0;448;ROND POINT DE VERGY;M;4863026.0;493390.0;520
201800028222;18;1;15;1730;2;2;6;8.0;3.0;130;sans, COMBATTANTS D'AFRI;M;4807956.0;-80464.0;530
201800028224;18;1;20;1736;2;2;2;2.0;3.0;130;TRAPPISTINES ( BOULEVARD;M;4805984.0;-77592.0;530
201800028226;18;2;12;1125;1;2;1;1.0;3.0;130;sans, JOURDAN ( BOULEVAR;M;4806328.0;-74995.0;530
201800028229;18;3;28;820;1;2;9;1.0;3.0;130;5, DANIEL ( BOULEVARD LU;M;4805386.0;-79633.0;530
201800028236;18;6;20;1215;1;2;1;1.0;6.0;130;BRETAGNE ( RUE DE );M;4807070.0;-77657.0;530
201800028239;18;8;2;715;1;1;6;1.0;3.0;34;MANS ( ROUTE DU );M;4807286.0;-72984.0;530
201800028241;18;9;22;1835;2;2;1;2.0;7.0;130;PICHARDIERE (rue de la);M;4808803.0;80888.0;530
201800028243;18;10;5;1520;1;2;9;1.0;3.0;130;CHANZY ( AVENUE DE );M;4807108.0;-74584.0;530
201800028244;18;10;22;754;2;2;9;1.0;3.0;130;AURIOL ( RUE VINCENT );M;4805945.0;-78806.0;530
201800028247;18;12;20;1105;1;2;1;1.0;1.0;54;CENTRE ( RUE DU );M;4809930.0;-78996.0;530
201800028302;18;1;19;1925;3;2;3;2.0;6.0;547;AIGUILLETTES (BD 1 A 3);M;4867099.0;615701.0;540
201800028311;18;1;13;1655;1;2;1;1.0;6.0;395;96, LOBAU (BOULEVARD);M;4868408.0;619639.0;540
201800028314;18;1;27;1700;2;2;1;1.0;3.0;300;2, AULNOIS (RUE DES);M;4865509.0;622741.0;540
201800028333;18;2;17;1020;1;2;2;2.0;3.0;395;MOLITOR (RUE);M;4868558.0;619543.0;540
201800028352;18;3;12;1100;1;2;1;1.0;6.0;357;METZ (ROUTE DE);M;4870762.0;616658.0;540
201800028362;18;3;16;1853;5;2;4;1.0;6.0;578;MULLER (AVENUE PAUL);M;4865691.0;613256.0;540
201800028365;18;3;20;2010;5;2;1;1.0;2.0;395;25, LAXOU (Rue de);M;4868644.0;616416.0;540
201800028383;18;4;6;1215;1;2;3;1.0;6.0;395;FOCH (AVENUE 2 A 16-1 A;M;4868857.0;617357.0;540
201800028405;18;5;9;1050;1;2;1;1.0;1.0;395;STRASBOURG (AVENUE DE);M;4867816.0;619835.0;540
201800028415;18;5;21;1935;1;2;1;1.0;3.0;395;SAINT DIZIER (RUE 2 A 80;M;4868921.0;618363.0;540
201800028457;18;6;25;1237;1;2;1;1.0;6.0;395;PONTS (RUE DES 2 A 3;M;4868676.0;618304.0;540
201800028463;18;6;30;1817;1;2;2;1.0;3.0;395;KENNEDY (VIADUC);M;4868527.0;617575.0;540
201800028480;18;7;6;900;1;2;1;1.0;6.0;395;CARNOT (PLACE);M;4869429.0;617780.0;540
201800028487;18;7;22;2250;5;2;1;1.0;2.0;395;LIBERATION (AVENUE DE LA;M;4869739.0;615607.0;540
201800028491;18;7;24;1745;1;2;1;1.0;6.0;526;LANDERNEAU (RUE DE);M;4869740.0;620673.0;540
201800028503;18;8;1;1936;1;2;1;1.0;3.0;395;MEZIERES (RUE ALFRED);M;4870169.0;617128.0;540
201800028518;18;8;28;1730;1;2;1;1.0;6.0;578;MULLER (AVENUE PAUL);M;4865662.0;612997.0;540
201800028520;18;8;29;1625;1;2;1;2.0;3.0;578;MALRAUX (AVENUE ANDRE);M;4867174.0;615050.0;540
201800028523;18;8;30;1140;1;2;1;1.0;3.0;395;HAUSSONVILLE (BD D');M;4867454.0;616363.0;540
201800028525;18;9;4;2050;5;2;2;1.0;3.0;547;AIGUILLETTES (BD 1 A 3);M;4866664.0;616577.0;540
201800028562;18;10;7;1925;5;2;1;1.0;3.0;526;RD 2 BIS;M;4868010.0;622432.0;540
201800028579;18;11;22;1655;2;2;1;1.0;6.0;395;SAINT DIZIER (RUE 82 ET;M;4868888.0;618384.0;540
201800028581;18;12;3;947;1;2;1;1.0;3.0;395;SAINT DIZIER (RUE 82 ET;M;4868672.0;618545.0;540
201800028603;18;7;22;1830;1;2;3;1.0;6.0;431;FABVIER (RUE);M;4890200.0;605300.0;540
201800028615;18;12;18;1530;1;2;2;1.0;3.0;431;RD 657 CHAMPEY;M;4891962.0;606334.0;540
201800028624;18;11;3;1400;1;2;3;1.0;2.0;580;ROOSEVELT FRANKLIN (RUE);M;4947088.0;592768.0;540
201800028629;18;6;7;850;1;2;2;1.0;7.0;29;MAGINOT ( RUE ANDREE );M;4877476.0;515990.0;550
201800028630;18;6;8;916;1;1;1;1.0;7.0;29;PAS LE VACHE ( CHEMIN DU;M;4876279.0;519315.0;550
201800028647;18;1;7;1230;1;2;6;3.0;3.0;162;24, FORT BLOQUE (RUE DU);M;4773653.0;343251.0;560
201800028655;18;1;16;840;1;2;1;1.0;6.0;121;17, VERRIERE (RUE  INGEN;M;4773269.0;-337094.0;560
201800028663;18;1;23;749;5;2;1;2.0;2.0;121;14, QUEUDET ( AV RAYMOND;M;4776017.0;-339312.0;560
201800028668;18;1;25;1005;1;2;6;1.0;7.0;98;0, PEN MANE (RUE DE);M;4775944.0;-332649.0;560
201800028669;18;1;25;1808;5;2;2;1.0;3.0;121;8, CARNEL (RUE  DE );M;4774024.0;-336873.0;560
201800028671;18;1;29;750;5;2;2;1.0;3.0;121;14, PERRIERE ( AV DE LA;M;4773553.0;-336617.0;560
201800028687;18;3;9;1225;1;2;6;1.0;3.0;121;0, BIR-HAKEIM ( RD-PT );M;4773945.0;-337959.0;560
201800028688;18;3;11;1230;1;2;1;1.0;7.0;121;0, LE MAUX ( BD JEAN );M;4775711.0;-338723.0;560
201800028695;18;3;29;924;1;2;3;3.0;3.0;121;JEGOU Francois;M;4775951.0;-336746.0;560
201800028700;18;4;4;1640;1;2;1;1.0;6.0;121;LE POULICHET (RUE  JOSEP;M;4775293.0;-336124.0;560
201800028703;18;4;5;835;1;2;6;1.0;3.0;121;KERGUESTENEN (RUE  DE );M;4775255.0;-339119.0;560
201800028705;18;4;5;1735;1;2;1;1.0;6.0;121;BELGIQUE (RUE  DE );M;4776220.0;-339041.0;560
201800028710;18;4;16;1400;1;2;1;1.0;3.0;121;TOULLEC (RUE  FRANCOIS );M;4773240.0;-337977.0;560
201800028712;18;4;18;1255;1;2;1;1.0;7.0;83;4 rue H. Tazieff;M;4780038.0;-325719.0;560
201800028713;18;4;18;1415;1;2;1;1.0;2.0;121;BELGIQUE (RUE  DE );M;4776042.0;-338393.0;560
201800028722;18;5;2;1520;1;2;1;1.0;7.0;121;KERGUILLETTE (RUE  DE );M;4776476.0;-339190.0;560
201800028723;18;5;7;1440;1;2;3;1.0;3.0;162;KERVAM;M;4771722.0;-342325.0;560
201800028727;18;5;8;1800;1;2;1;1.0;2.0;162;GRAZU (RUE DU);M;4770333.0;-343208.0;560
201800028728;18;5;9;1110;1;2;6;1.0;3.0;121;RD 162 rue de Lanveur;M;4774436.0;-339527.0;560