Num_Acc;an;mois;jour;hrmn;lum;agg;int;atm;col;com;adr;gps;lat;long;dep
201800028730;18;5;10;2025;1;2;3;1.0;3.0;121;BELGIQUE (RUE  DE );M;4776035.0;-338389.0;560
201800028743;18;6;18;2005;1;2;6;1.0;6.0;98;NERUDA (AVENUE  PABLO );M;4776607.0;-332943.0;560
201800028745;18;6;21;1810;1;2;1;1.0;6.0;98;JAURES (RUE  JEAN );M;4776422.0;-336030.0;560
201800028747;18;6;23;1725;1;2;6;1.0;7.0;162;Rond Point du 19/03/1962;M;4773820.0;-343125.0;560
201800028750;18;6;27;1243;1;2;1;1.0;3.0;121;MULLER ( DU COLONEL JEAN;M;4776535.0;-339935.0;560
201800028753;18;7;5;1223;1;2;2;1.0;3.0;121;KERJULAUDE ( RUE DE );M;4774375.0;-338114.0;560
201800028755;18;7;7;952;1;2;1;1.0;3.0;162;CHASSEURS (RUE DES);M;4771765.0;-343616.0;560
201800028779;18;8;24;1240;1;2;1;1.0;7.0;83;rue de la Résistance;M;4782214.0;-324705.0;560
201800028782;18;8;28;1640;1;2;4;1.0;3.0;121;PERAULT Etienne (RUE );M;4774402.0;-336157.0;560
201800028785;18;9;2;140;5;2;6;1.0;7.0;121;CHAZELLES ( COURS LOUIS;M;4775705.0;-336459.0;560
201800028786;18;9;3;1242;1;2;6;1.0;3.0;98;Rond-point du Plessis;M;4775949.0;-332657.0;560
201800028792;18;9;6;1405;1;2;1;1.0;6.0;98;AV PRESIDENT ALLENDE;M;4775928.0;-332617.0;560
201800028793;18;9;7;2200;2;2;1;1.0;1.0;107;KERDONIS (RUE DE);M;4771816.0;-339214.0;560
201800028794;18;9;8;810;1;2;6;1.0;3.0;121;MARIENNE ( AV CAPITAINE;M;4774422.0;-339538.0;560
201800028797;18;9;13;1359;1;2;1;1.0;3.0;121;BLUM ( BD LEON );M;4774790.0;-337519.0;560
201800028803;18;9;20;830;1;2;1;1.0;6.0;121;BLUM ( BD LEON );M;4774866.0;-337413.0;560
201800028822;18;10;6;1330;1;2;6;2.0;3.0;121;JOFFRE ( BD MARECHAL );M;4775178.0;-336515.0;560
201800028825;18;10;9;735;5;2;1;1.0;6.0;83;TROTTIER (RUE);M;4780511.0;-327855.0;560
201800028826;18;10;9;1535;1;2;6;1.0;3.0;121;RP du PT KENNEDY;M;4776381.0;-337965.0;560
201800028829;18;10;11;1955;5;2;2;1.0;3.0;121;ASSEMBLEE-NATIONALE (RUE;M;4774881.0;-336297.0;560
201800028845;18;11;8;1210;1;2;6;1.0;3.0;121;SAINT-ARMEL (RUE  DE );M;4776308.0;-338378.0;560
201800028849;18;11;13;900;2;2;6;1.0;3.0;98;KESLER-DEVILLERS ( AV. );M;4776719.0;-333968.0;560
201800028867;18;12;3;1805;5;2;2;2.0;3.0;121;CHAZELLES (COURS LOUIS);M;4775370.0;-336230.0;560
201800028869;18;12;4;1655;1;2;2;2.0;3.0;121;BELGIQUE (RUE  DE );M;4775976.0;-338144.0;560
201800028876;18;12;18;1210;1;2;1;2.0;3.0;121;PERAULT (RUE );M;4774445.0;-336237.0;560
201800028878;18;12;19;1715;2;2;6;8.0;3.0;83;LIBERATION ( AV. DE LA );M;4780374.0;-326803.0;560
201800028883;18;12;20;735;5;2;6;2.0;3.0;121;BIR-HAKEIM ( RD-PT );M;4773924.0;-337959.0;560
201800028897;18;12;11;1130;1;1;1;1.0;3.0;230;boulevard du marais;M;4556085.0;-93391.0;170
201800028925;18;6;2;1215;1;2;7;1.0;2.0;260;JOFFRE (PLACE DU MAL);M;4765438.0;-275732.0;560
201800028926;18;6;5;1530;1;2;1;1.0;6.0;260;JUIN(AVENUE DU MARECHAL);M;4763627.0;-277238.0;560
201800028932;18;7;11;1530;1;2;3;1.0;3.0;260;SCAMARONI (RUE FRED);M;4765303.0;-276960.0;560
201800028933;18;7;12;1833;1;2;2;7.0;3.0;260;Av Victor Hugo;M;4766135.0;-275707.0;560
201800028942;18;9;9;1700;1;2;2;1.0;1.0;260;HUGO (AVENUE VICTOR);M;4766129.0;-275699.0;560
201800028950;18;10;18;1555;1;2;6;1.0;2.0;260;EVECHE(GIRATOIRE DE L');M;4765344.0;-274122.0;560
201800028953;18;12;12;1930;5;2;1;1.0;3.0;260;RESISTANCE (BLD DE LA);M;4765070.0;-278310.0;560
201800028963;18;8;20;1620;1;1;1;1.0;1.0;163;"VC 14 ""Les roches""";M;4756104.0;-21398.0;490
201800028990;18;9;21;1200;1;1;2;1.0;3.0;231;D11/Ch.LASSALE;M;4465291.0;-30436.0;330
201800029019;18;3;12;1632;1;1;6;8.0;3.0;143;CD9;M;4925877.0;608333.0;570
201800029024;18;7;4;2050;2;2;1;1.0;3.0;491;THOREZ (AVENUE MAURICE);M;4924974.0;604853.0;570
201800029028;18;8;13;1940;1;1;3;1.0;1.0;19;CD 54;M;4922009.0;605507.0;570
201800029031;18;10;7;1652;1;2;6;1.0;3.0;19;CD 112F;M;4924993.0;614402.0;570
201800029042;18;1;16;1845;4;2;1;2.0;3.0;463;91, MAZELLE (RUE );M;4911489.0;618416.0;570
201800029052;18;3;5;1750;1;2;3;1.0;3.0;463;R DES CAMPANULES;M;4907977.0;618706.0;570
201800029068;18;8;5;525;1;2;1;7.0;2.0;463;FORT GAMBETTA (RUE DU );M;4913187.0;618030.0;570
201800029071;18;10;25;1910;3;2;1;1.0;3.0;463;AMPHITHEATRE (AVENUE DE;M;4911110.0;618412.0;570
201800029078;18;5;5;1450;1;2;6;1.0;3.0;630;DIVISION LECLERC;M;4873520.0;706047.0;570
201800029087;18;8;17;1410;1;2;1;1.0;7.0;631;R DU CANAL;M;4911403.0;704799.0;570
201800029094;18;2;16;1015;1;2;1;1.0;3.0;757;1, POITIERS (RUE DE);M;4936513.0;620412.0;570
201800029111;18;5;31;1532;1;2;1;1.0;6.0;672;MERLIN (AVENUE) - PAIR;M;4900000.0;600000.0;570
201800029114;18;6;23;1640;1;2;1;1.0;3.0;672;METZ (ROUTE DE);M;4934262.0;616083.0;570
201800029126;18;8;17;1800;1;1;6;1.0;3.0;221;D 13;M;4934267.0;610928.0;570
201800029134;18;9;15;1125;1;2;1;1.0;6.0;672;AFRIQUE (CHAUSSEE D') -;M;4935841.0;614441.0;570
201800029138;18;10;17;1615;1;2;1;1.0;2.0;672;COURONNE (RUE DE LA);M;4935331.0;671568.0;570
201800029143;18;11;30;1345;1;2;1;1.0;3.0;672;REPUBLIQUE (PLACE DE LA);M;4935598.0;616393.0;570
201800029153;18;5;19;1405;1;1;2;1.0;3.0;293;D2160/chemin halage;M;4798821.0;263777.0;450
201800029183;18;1;26;935;1;2;6;1.0;3.0;297;lieu-dit    CHANTELOUP;M;4654583.0;25841.0;860
201800029211;18;5;25;2205;5;2;3;1.0;3.0;194;RUE ALBERT CAMUS;M;4698861.0;312717.0;580
201800029214;18;5;31;1215;1;2;2;1.0;3.0;194;CAMILLE BAYNAC;M;4698736.0;313270.0;580
201800029218;18;6;17;1126;1;2;6;1.0;7.0;194;MONTE CASSINO (ROND POIN;M;4698000.0;312000.0;580
201800029226;18;7;17;840;1;2;6;1.0;3.0;194;MONTE CASSINO (ROND POIN;M;4698819.0;312439.0;580
201800029243;18;10;10;1840;1;2;1;2.0;3.0;194;MARECHAL JUIN;M;4700094.0;315581.0;580
201800029249;18;12;6;815;1;2;3;1.0;3.0;194;CHAMEANE (PLACE);M;4699390.0;316530.0;580
201800029263;18;7;17;1239;1;1;1;1.0;3.0;116;RD 922;M;4914320.0;233190.0;950
201800029278;18;9;18;1515;1;1;1;1.0;3.0;313;CHEMIN DES 3 SOURCES;M;4912250.0;223330.0;950
201800029305;18;7;1;1720;1;2;2;1.0;1.0;431;ARMENTIERES  (RUE D' );M;5069784.0;285625.0;590
201800029349;18;1;15;1910;5;2;1;1.0;3.0;574;FAIDHERBE(RUE);M;5035585.0;328073.0;590
201800029352;18;2;22;1540;1;2;2;7.0;1.0;327;D (ALLEE - CITE DU NOUVE;M;5038598.0;315950.0;590
201800029357;18;3;7;1935;5;2;1;1.0;1.0;375;99 Route nationale;M;5043531.0;326181.0;590
201800029359;18;3;27;1725;1;2;6;1.0;3.0;178;1, JEANNE D'ARC (BOULEVA;M;5036497.0;306903.0;590
201800029379;18;9;7;2000;1;2;1;1.0;3.0;234;LATTRE DE TASSIGNY (RUE;M;5039794.0;307885.0;590
201800029391;18;11;8;1130;1;2;1;1.0;5.0;8;DELESTRAINT (RUE DU GENE;M;5033523.0;325007.0;590
201800029395;18;11;29;740;4;2;6;2.0;3.0;178;TOURNAI (ROUTE DE);M;5038086.0;309407.0;590
201800029406;18;4;22;1530;1;2;9;1.0;3.0;271;GENERAL DE GAULLE - AVEN;M;5101712.0;230257.0;590
201800029427;18;9;27;1905;2;2;2;7.0;1.0;273;LAMARTINE (BOULEVARD);M;5099110.0;212347.0;590
201800029429;18;10;2;1650;1;2;6;1.0;3.0;271;PETITE-SYNTHE - AVENUE;M;5101733.0;232086.0;590
201800029441;18;6;19;1645;1;2;3;1.0;3.0;295;D'HONDEGHEM;M;5072505.0;253413.0;590
201800029445;18;7;18;1500;1;2;3;1.0;2.0;295;AVENUE JEAN BART;M;5072898.0;253682.0;590
201800029450;18;1;11;440;3;1;1;5.0;6.0;328;ALLIANCE NORD OUEST BVD;M;5065576.0;302821.0;590
201800029465;18;2;14;930;1;2;1;1.0;6.0;350;151, HOOVER AVENUE DU PR;M;5062975.0;307797.0;590
201800029476;18;3;7;1800;1;2;1;1.0;6.0;350;133, DUNKERQUE AVENUE DE;M;5063456.0;303025.0;590
201800029495;18;5;9;1740;1;2;2;1.0;3.0;378;REPUBLIQUE AV DE LA (Nø8;M;5066667.0;308330.0;590
201800029522;18;6;8;1620;1;2;3;1.0;3.0;286;DAME RUE DU GENERAL;M;5060000.0;298000.0;590
201800029533;18;6;25;1948;1;2;1;1.0;2.0;350;GRAND BUT RUE DU;M;5064512.0;297450.0;590
201800029537;18;6;29;718;1;2;1;1.0;4.0;350;CORBUSIER AVENUE LE;M;5063933.0;307523.0;590
201800029541;18;6;14;1845;1;2;1;1.0;3.0;220;FERRER RUE;M;5061087.0;306443.0;590
201800029551;18;7;21;2105;1;1;6;1.0;3.0;9;ROUBAIX AVENUE DE;M;5065000.0;316000.0;590
201800029554;18;7;25;1800;1;2;1;1.0;5.0;378;REPUBLIQUE AV DE LA (Nø5;M;5065276.0;308345.0;590
201800029555;18;7;26;745;1;2;1;1.0;1.0;410;PASCAL BLAISE RUE;M;5063533.0;310225.0;590
201800029563;18;8;6;1015;1;2;3;1.0;3.0;350;BALLON RUE DU;M;5064560.0;307890.0;590
201800029564;18;8;7;2300;5;2;1;2.0;3.0;350;SALENGRO ROGER AVENUE;M;5062735.0;310864.0;590
201800029591;18;9;24;1635;1;2;1;1.0;3.0;350;SOLFERINO RUE Nø208-FIN-;M;5062595.0;306473.0;590
201800029598;18;9;21;1325;1;2;6;1.0;1.0;350;MONTEBELLO BOULEVARD Nø;M;5061868.0;304959.0;590
201800029599;18;10;4;1635;1;2;1;1.0;3.0;410;VOLTAIRE RUE;M;5063436.0;310774.0;590
201800029612;18;10;10;1200;1;2;3;1.0;2.0;410;DE GAULLE RUE DU GENERAL;M;5064256.0;309365.0;590
201800029617;18;10;28;900;1;2;2;1.0;1.0;386;PASTEUR RUE;M;5067356.0;305534.0;590
201800029621;18;11;3;2020;5;2;1;1.0;3.0;350;TOURNAI PONT DE;M;5062150.0;308741.0;590
201800029627;18;11;15;825;1;2;3;1.0;3.0;378;ROUGES BARRES RUE DE;M;5065168.0;309031.0;590
201800029631;18;11;9;2230;5;2;1;1.0;3.0;507;JAURES JEAN AVENUE.;M;5060694.0;307666.0;590
201800029647;18;12;11;1300;1;2;1;1.0;6.0;350;ARRAS RUE D;M;5061984.0;306501.0;590
201800029648;18;12;20;1540;1;2;2;2.0;3.0;350;DUNKERQUE AVENUE DE;M;5063051.0;303461.0;590
201800029649;18;12;22;915;2;2;1;8.0;3.0;350;NATIONALE RUE Nø2 - 178B;M;5063588.0;305982.0;590
201800029677;18;4;6;1820;1;2;3;1.0;3.0;299;DE GAULLE (AVENUE CHARLE;M;5066692.0;318419.0;590
201800029686;18;5;11;1300;1;2;1;1.0;3.0;512;GRAND CHEMIN (RUE DU);M;5069277.0;317803.0;590
201800029693;18;6;8;1010;1;2;2;1.0;3.0;163;DUBLED (RUE GUSTAVE);M;5067370.0;314540.0;590
201800029701;18;7;1;1630;1;2;1;1.0;4.0;650;CARNOT (RUE);M;5069697.0;320412.0;590
201800029717;18;8;21;530;5;2;3;1.0;3.0;512;DUNKERQUE (QUAI DE);M;5070461.0;316666.0;590
201800029730;18;11;8;1625;1;2;1;1.0;2.0;512;MOULIN (RUE JEAN);M;5068427.0;317667.0;590
201800029758;18;4;17;1900;1;2;3;1.0;3.0;599;BERTHELOT CHAUSSEE MARC;M;5072693.0;318261.0;590
201800029770;18;5;24;1750;1;1;9;3.0;3.0;656;LYS ( BOULEVARD DE LA );M;5075282.0;305235.0;590
201800029773;18;6;18;1650;1;2;1;1.0;6.0;90;FORT MONTAGNE (RUE);M;5070285.0;309059.0;590
201800029774;18;6;16;1130;1;2;2;1.0;6.0;279;(RUE DE) LILLE;M;5078295.0;312623.0;590
201800029794;18;12;10;1330;1;2;2;1.0;3.0;599;HALOT (RUE DU);M;5071110.0;314910.0;590
201800029811;18;1;19;1405;1;2;1;1.0;6.0;484;287 Avenue Jean Jaurès;M;5040023.0;365721.0;590
201800029825;18;3;15;2000;2;2;2;1.0;3.0;606;0, LEVASSEUR (RUE ROSALI;M;5036869.0;351480.0;590
201800029830;18;4;11;1405;1;1;1;1.0;7.0;603;GHESQUIERE (RUE);M;5031859.0;348126.0;590
201800029838;18;6;3;1150;1;2;3;1.0;3.0;606;REIMS (AVENUE DE);M;5034264.0;352591.0;590
201800029848;18;8;14;1100;1;2;6;1.0;3.0;606;MONS (RUE DE);M;5035925.0;352780.0;590
201800029849;18;9;24;1750;1;2;2;1.0;3.0;459;LENINE (RUE);M;5037111.0;347888.0;590
201800029850;18;9;1;1250;1;2;1;1.0;2.0;14;SPORTS (AVENUE DES);M;5036928.0;349614.0;590
201800029860;18;10;12;1300;1;2;1;1.0;6.0;544;JAURES (RUE JEAN);M;5037096.0;355641.0;590
201800029865;18;11;20;1450;1;2;1;1.0;3.0;606;FAIDHERBE (AVENUE);M;5035666.0;350473.0;590
201800029886;18;10;23;955;1;2;3;1.0;3.0;112;Raymon Poincaré;M;4790258.0;721649.0;680
201800029893;18;5;27;1145;1;1;3;1.0;3.0;43;Rte départementale 44;M;4785569.0;723726.0;680
201800029894;18;6;16;1830;1;1;1;1.0;7.0;381;Rte du col Amic;M;4787306.0;716862.0;680
201800029895;18;6;23;2355;5;2;1;1.0;7.0;156;9 R du tissage;M;4790559.0;723869.0;680
201800029898;18;7;16;1640;1;2;3;1.0;3.0;156;Rte départementale 4 bis;M;4790217.0;723889.0;680
201800029904;18;10;26;1630;1;1;1;1.0;3.0;260;d4b;M;4788310.0;726069.0;680
201800029919;18;6;9;1140;1;2;1;1.0;3.0;3;RUE DU CHATEAUNEUF;;;;430
201800029923;18;1;22;705;5;2;1;2.0;3.0;194;58 avenue de blois;M;4736553.0;172572.0;410
201800029927;18;4;14;1000;1;2;1;8.0;7.0;194;3 rue delaune;M;4734939.0;175605.0;410
201800029928;18;6;4;1800;1;2;1;8.0;2.0;194;180-176 rue du président;M;4735078.0;173935.0;410
201800029929;18;6;28;1900;1;2;2;1.0;5.0;194;Avenue des favignolles;M;4734701.0;175110.0;410
201800029930;18;7;27;1830;1;2;3;8.0;3.0;194;rue Joseph Gaveau;M;4737284.0;174949.0;410
201800029937;18;11;9;1600;1;2;1;1.0;3.0;194;AVENUE DE VILLEFRANCHE;M;4735068.0;174588.0;410
201800029956;18;4;20;1345;1;2;6;1.0;2.0;57;TILLOY (RUE DU);M;4944344.0;210117.0;600
201800029959;18;6;18;745;1;1;1;1.0;3.0;57;RD 901;M;4945461.0;209528.0;600
201800029974;18;10;9;1225;1;2;2;1.0;3.0;57;RUISSELETS (RUE DES);M;4944699.0;208503.0;600
201800029985;18;2;15;1240;1;2;6;2.0;3.0;190;Rond point de la Rougera;M;4852781.0;-209237.0;220
201800029989;18;5;6;1125;1;2;6;1.0;3.0;172;rue du pont;M;4852255.0;-223214.0;220
201800029993;18;6;30;2025;2;1;2;1.0;3.0;209;lieu dit la giclais;M;4857650.0;-216006.0;220
201800029994;18;7;21;1326;1;1;3;1.0;2.0;357;D786;M;4856568.0;-219493.0;220
201800030063;18;7;17;1950;1;2;3;1.0;3.0;175;LAENNEC (BOULEVARD);M;4924892.0;246519.0;600
201800030079;18;5;15;1400;1;2;3;1.0;3.0;43;Avenue de la gare;M;4400539.0;492325.0;840
201800030085;18;10;18;1340;1;2;6;1.0;3.0;88;Rond point ST-GILLES;M;4399731.0;506208.0;840
201800030117;18;8;30;835;1;2;6;1.0;3.0;397;FRESNAY (ROUTE DE);M;4842168.0;7960.0;610
201800030118;18;9;26;1200;1;2;6;1.0;3.0;1;REPUBLIQUE (BOULEVARD DE;M;4842324.0;8987.0;610
201800030119;18;9;30;1725;1;2;6;1.0;3.0;1;CLAUDE BERNARD (RUE );M;4843650.0;10493.0;610
201800030121;18;10;27;1455;1;2;6;1.0;3.0;1;MEZERAY (BOULEVARD);M;4843888.0;8325.0;610
201800030127;18;10;26;1210;1;2;1;1.0;6.0;6;AUVERGNE (RUE D');M;4875229.0;-2697.0;610
201800030128;18;10;10;1245;1;2;6;1.0;3.0;6;PETITS FOSSES (RUE DES);M;4874909.0;-1479.0;610
201800030142;18;7;13;1215;1;2;3;1.0;6.0;351;rue de la Charente;M;4562533.0;-2678.0;160
201800030161;18;8;11;1125;1;1;1;1.0;7.0;420;D111;M;4609904.0;-104827.0;170
201800030162;18;8;18;1000;1;2;1;7.0;3.0;413;RD 113 - Lieu dit les Bo;M;4608215.0;-107056.0;170
201800030163;18;10;3;1030;1;2;1;1.0;2.0;193;RUE NATIONALE - rd 939;M;4612727.0;-106169.0;170
201800030199;18;11;14;1345;1;2;1;1.0;2.0;263;EN BAS ( D' );M;5027869.0;271956.0;620
201800030217;18;7;21;1950;1;2;1;1.0;6.0;108;DOCTEUR QUETTIER;M;5041111.0;158697.0;620
201800030218;18;8;4;2320;5;2;2;1.0;3.0;108;IMPERATRICE;M;5040469.0;156316.0;620
201800030219;18;8;24;1655;1;2;2;1.0;3.0;108;ANGLAIS;M;5041026.0;158444.0;620
201800030227;18;4;7;1350;1;1;1;1.0;3.0;735;LILLE ( ROUTE DE ) OU PE;M;5051281.0;270104.0;620
201800030252;18;12;18;1615;1;1;6;8.0;3.0;126;CD 941;M;5051165.0;266101.0;620
201800030270;18;11;14;1010;1;2;1;9.0;6.0;893;SURCOUF ( Rue );M;5077669.0;160832.0;620
201800030319;18;10;6;1900;2;2;1;7.0;4.0;193;BERT (RUE P.);M;5095394.0;185634.0;620
201800030331;18;12;11;715;2;2;9;1.0;3.0;193;BERT (RUE P.);M;5095372.0;185578.0;620
201800030344;18;11;12;2125;3;1;1;1.0;2.0;724;RD 40e;M;5039643.0;290243.0;620
201800030348;18;10;15;740;2;2;1;1.0;6.0;907;SCHUMANN (BD );M;5048013.0;301266.0;620
201800030350;18;1;17;1750;2;2;1;1.0;3.0;523;70, LENS (R DE);M;5043333.0;285000.0;620
201800030370;18;3;29;1530;1;2;1;1.0;3.0;427;sans, MONTPENCHER (R);M;5042233.0;294803.0;620
201800030371;18;3;26;730;3;2;6;1.0;3.0;32;sans, ALLENDE (PL.SALVAD;M;5040944.0;275682.0;620
201800030376;18;4;21;1730;1;2;1;1.0;1.0;498;MANET (R Edouard);M;5042454.0;281097.0;620
201800030377;18;2;23;1355;1;2;1;1.0;3.0;724;DE GAULLE (DU GENERAL);M;5040371.0;290783.0;620
201800030379;18;5;2;1540;1;2;1;1.0;6.0;498;PICARD (R VICTOR);M;5043077.0;283196.0;620
201800030390;18;6;16;1815;1;2;2;1.0;3.0;386;VEDRINES (R );M;5045310.0;273717.0;620
201800030397;18;6;22;1600;1;1;2;1.0;3.0;573;RD165;M;5049416.0;290910.0;620
201800030411;18;6;17;1040;1;2;1;1.0;6.0;771;CORDIER (R SERAPHIN);M;5041952.0;286282.0;620
201800030412;18;7;2;1220;1;2;6;1.0;3.0;215;RD 919;M;5050565.0;297113.0;620
201800030433;18;8;3;1810;1;2;3;1.0;6.0;489;FERRY  ( rue Jules );M;5052559.0;255843.0;620
201800030449;18;1;21;1820;3;2;1;2.0;6.0;40;109, MENDES FRANCE (AVE;M;5073471.0;233337.0;620
201800030458;18;5;1;1605;1;2;1;1.0;6.0;826;CANCHE (BOULEVARD DE LA);M;5053092.0;159364.0;620
201800030462;18;9;20;1645;1;2;2;1.0;3.0;826;CHATEAU (AVENUE DU);M;5051603.0;160375.0;620
201800030478;18;7;9;930;1;2;9;1.0;3.0;113;AUGER (RUE);M;4578367.0;310898.0;630
201800030480;18;7;25;935;1;2;1;1.0;3.0;113;BLUM (AVENUE LEON);M;4577155.0;309408.0;630
201800030502;18;5;12;1340;1;2;3;1.0;3.0;224;CHATEAU D'EAU (RUE DU);M;4587165.0;312554.0;630
201800030510;18;11;8;845;1;2;3;1.0;6.0;300;ZOLA EMILE (AVENUE);M;4588377.0;310961.0;630
201800030533;18;2;27;1740;1;2;1;1.0;3.0;24;88 RUE DE HAUSQUETTE;M;4349320.0;-151029.0;640
201800030551;18;4;3;1015;1;2;6;1.0;3.0;102;GIRATOIRE DE MAIGNON;M;4346580.0;-149509.0;640
201800030553;18;4;15;1450;1;2;3;8.0;3.0;24;RUE DU MOULIN BARBOT;M;4350020.0;-153527.0;640
201800030554;18;4;18;1620;1;2;1;1.0;7.0;24;BOULEVARD DES PLAGES;M;4350030.0;-153903.0;640
201800030561;18;5;6;1150;1;2;6;1.0;3.0;24;BUTTE AUX CAILLES;M;4349670.0;-150879.0;640
201800030589;18;7;11;1440;1;2;3;1.0;3.0;24;AVENUE DES VAGUES;M;4349880.0;-154264.0;640
201800030598;18;8;12;1125;1;2;2;1.0;3.0;102;ALLEES MARINES;M;4349530.0;-147834.0;640
201800030603;18;8;21;1600;1;2;1;1.0;3.0;24;AVENUE DE L'ADOUR;M;4352710.0;-152123.0;640
201800030622;18;10;8;1425;1;2;1;1.0;3.0;102;BOUL D'ARITXAGUE;M;4349080.0;-149426.0;640
201800030630;18;11;2;1520;1;2;1;1.0;3.0;24;AVENUE LAROCHEFOUCAULD;M;4348770.0;-153599.0;640
201800030685;18;8;8;1105;1;2;9;1.0;3.0;122;AVENUE DE VERDUN;M;4348180.0;-155572.0;640
201800030689;18;8;21;1000;1;2;1;1.0;6.0;125;BERRUA;M;4343820.0;-158272.0;640
201800030692;18;8;26;1130;1;2;9;1.0;3.0;122;MAYOL DE SENILLOSA (BD);M;4348450.0;-154301.0;640
201800030711;18;1;2;435;5;2;6;2.0;3.0;284;AVENUE HENRI IV;M;4327870.0;-38851.0;640
201800030718;18;1;9;1828;5;2;1;1.0;2.0;445;AV DU GENERAL DE GAULLE;M;4330230.0;-35405.0;640
201800030720;18;1;10;730;5;2;1;1.0;3.0;445;200 AV JEAN MERMOZ;M;4331770.0;-37837.0;640
201800030721;18;1;10;1530;1;2;6;1.0;3.0;348;BOULEVARD DE L'EUROPE;M;4333710.0;-46063.0;640
201800030727;18;1;12;1003;1;2;6;2.0;3.0;445;RP ALLEES DE MORLAAS;M;4330780.0;-33918.0;640
201800030740;18;2;5;800;2;2;2;2.0;3.0;445;RUE PIERRE BONNARD;M;4331010.0;-36079.0;640
201800030745;18;2;12;1015;1;2;1;1.0;6.0;269;17RUE DE PEYREBLANQUE;M;4329760.0;-30382.0;640
201800030753;18;2;21;1150;1;2;1;2.0;3.0;445;6 RUE EMILE GARET;M;4330220.0;-36061.0;640
201800030761;18;3;14;1920;2;2;3;1.0;3.0;445;81 RUE CASTETNAU;M;4330030.0;-36607.0;640
201800030767;18;3;24;130;5;2;1;2.0;6.0;445;6 BIS RUE MARCA;M;4329460.0;-37716.0;640
201800030776;18;4;1;1520;1;2;9;1.0;3.0;445;RP COMBATANTS AFRIQUE NO;M;4333820.0;-37973.0;640
201800030792;18;4;30;1825;1;2;1;1.0;6.0;445;AVENUE ALFRED NOBEL;M;4330830.0;-32949.0;640
201800030793;18;5;4;905;1;2;9;2.0;3.0;445;BOUL D'ALSACE LORRAINE;M;4330280.0;-36161.0;640
201800030807;18;5;31;1035;1;2;3;8.0;3.0;445;BOULEV ALSACE LORRAINE;M;4330240.0;-36049.0;640
201800030814;18;6;8;1155;1;2;3;1.0;3.0;445;RUE BERLIOZ;M;4331190.0;-34588.0;640
201800030815;18;6;8;1910;1;2;6;1.0;3.0;445;YITZHAK RABIN;M;4330610.0;-33372.0;640
201800030817;18;6;9;1005;1;2;6;2.0;3.0;445;FRANCOIS MITTERAND;M;4333020.0;-35587.0;640
201800030825;18;6;21;1655;1;2;1;1.0;3.0;445;RUE DE CRAONNE;M;4330220.0;-36501.0;640
201800030827;18;6;23;2340;5;2;2;1.0;3.0;445;GAMBETTA;M;4329680.0;-36637.0;640
201800030828;18;6;24;1745;1;2;1;1.0;3.0;445;BOUL ALSACE LORRAINE;M;4330180.0;-35823.0;640
201800030829;18;6;25;930;1;2;3;1.0;3.0;445;AVENUE PEBOUE;M;4331040.0;-33238.0;640
201800030832;18;7;4;1807;1;2;1;1.0;1.0;445;JEAN MOULIN;M;4329410.0;-37530.0;640
201800030838;18;7;13;2253;5;2;9;1.0;1.0;445;RUE LOUIS BARTHOU;M;4329440.0;-36889.0;640
201800030844;18;7;27;2100;2;2;3;1.0;3.0;445;EMILE GARET;M;4329930.0;-36337.0;640
201800030845;18;7;27;1155;1;2;3;1.0;3.0;445;VICTOR LADEVEZE;M;4330740.0;-37531.0;640
201800030847;18;8;3;810;1;2;1;1.0;3.0;132;AV CORPS FRANC POMMIES;M;4330420.0;-31781.0;640
201800030850;18;8;7;1720;1;2;1;1.0;2.0;348;AVENUE DIDIER DAURAT;M;4332940.0;-37987.0;640
201800030852;18;8;9;859;1;2;1;1.0;3.0;335;BOULEVARD DE L'EUROPE;M;4331870.0;-43190.0;640
201800030854;18;8;16;955;1;2;1;1.0;3.0;445;AVENUE JEAN BIRAY;M;4329400.0;-37604.0;640
201800030856;18;8;20;725;2;2;3;1.0;3.0;445;NORMAN PRINCE;M;4330740.0;-34008.0;640
201800030861;18;8;31;907;1;2;1;1.0;4.0;445;LEON BERARD;M;4331210.0;-36727.0;640
201800030864;18;9;2;1710;1;2;6;1.0;2.0;445;ROND POINT DE LA COMMUNE;M;4331120.0;-36332.0;640
201800030865;18;9;3;1534;1;2;3;1.0;3.0;445;AV GENERAL DE GAULLE;M;4330120.0;-35917.0;640
201800030866;18;9;3;1635;1;2;1;1.0;3.0;445;EMILE GUICHENNE;M;4329930.0;-36455.0;640
201800030867;18;9;4;1940;1;2;1;1.0;1.0;284;GEORGES GUYNEMER;M;4329210.0;-39656.0;640
201800030870;18;9;7;800;1;2;3;8.0;3.0;445;TRESPOEY;M;4329850.0;-33557.0;640
201800030879;18;9;14;1905;1;2;1;1.0;3.0;445;BOUL D'ALSACE LORRAINE;M;4330560.0;-37509.0;640
201800030880;18;9;15;840;1;2;6;1.0;3.0;445;PLACE PEYROULET;M;4330400.0;-35612.0;640
201800030882;18;9;15;1820;1;2;9;9.0;3.0;445;COMBATTANTS D' INDOCHINE;M;4331820.0;-37833.0;640
201800030887;18;9;15;1140;1;2;6;1.0;3.0;132;CHEMIN DU HOURAT;M;4329890.0;-32184.0;640
201800030888;18;9;18;940;1;2;1;1.0;3.0;129;ROUTE DE BAYONNE;M;4330440.0;-40039.0;640