Num_Acc;an;mois;jour;hrmn;lum;agg;int;atm;col;com;adr;gps;lat;long;dep
201800030889;18;9;18;1800;1;2;1;1.0;2.0;445;RUE HENRI FAISANS;M;4330060.0;-36031.0;640
201800030891;18;9;20;1230;1;2;1;1.0;3.0;445;NORMAN PRINCE;M;4330560.0;-34505.0;640
201800030902;18;10;2;1012;1;2;1;1.0;3.0;445;RAYMOND DE CARBONNIERES;M;4330390.0;-35227.0;640
201800030905;18;10;3;845;1;2;3;7.0;3.0;445;LEON BLUM;M;4331420.0;-33316.0;640
201800030909;18;10;6;1515;1;2;9;1.0;3.0;445;JOSEPH DE PESQUIDOUX;M;4331440.0;-35285.0;640
201800030911;18;10;9;1445;1;2;6;1.0;6.0;445;AVENUE ALFRED NOBEL;M;4331880.0;-30804.0;640
201800030913;18;10;10;1030;1;2;1;1.0;3.0;445;JEAN MERMOZ;M;4331300.0;-37746.0;640
201800030917;18;10;16;1420;1;2;1;1.0;1.0;445;RUE DU MARECHAL JUIN;M;4330740.0;-36442.0;640
201800030920;18;10;22;1355;1;2;1;1.0;2.0;348;BOULEVARD DE L'EUROPE;M;4332300.0;-38950.0;640
201800030922;18;10;23;1625;1;2;3;1.0;3.0;445;HENRI FAISANS;M;4330090.0;-35969.0;640
201800030927;18;10;30;1700;1;2;2;1.0;3.0;132;GEORGES CLEMENCEAU;M;4328830.0;-35277.0;640
201800030936;18;11;16;710;5;2;2;1.0;1.0;445;ALLEES DE MORLAAS;M;4330300.0;-35216.0;640
201800030943;18;11;26;940;1;2;1;2.0;3.0;445;VOIE INTERNE UNIVERSITE;M;4331360.0;-36517.0;640
201800030956;18;12;7;1350;1;2;3;1.0;3.0;445;14 JUILLET DU;M;4328800.0;-38028.0;640
201800030962;18;12;13;1655;2;2;1;3.0;3.0;445;CATHERINE DE BOURBON;M;4332050.0;-35921.0;640
201800030968;18;12;24;725;5;2;1;1.0;3.0;445;RUE DU QUATORZE JUILLET;M;4329260.0;-37800.0;640
201800030977;18;1;24;1730;1;2;1;1.0;1.0;483;BOULEVARD ADOLPHE THIERS;M;4339090.0;-165922.0;640
201800030995;18;5;2;815;1;2;1;1.0;3.0;483;AVENUE P LARRAMENDY;M;4338370.0;-165994.0;640
201800030998;18;5;14;1230;1;2;1;1.0;2.0;260;RUE CHARLES DE GAULLE;M;4335400.0;-177974.0;640
201800031011;18;6;22;1120;1;2;1;1.0;3.0;260;RUE DE BEHOBIE;M;4334960.0;-177442.0;640
201800031018;18;7;11;1130;1;1;1;1.0;2.0;545;ROUTE DE LA CORNICHE;M;4338650.0;-171479.0;640
201800031024;18;7;15;1335;1;2;1;1.0;6.0;260;ROUTE DE LA CORNICHE;M;4339140.0;-168610.0;640
201800031029;18;7;31;1040;1;2;1;1.0;3.0;130;RUE SAN MARTIAL;M;4335430.0;-176888.0;640
201800031032;18;8;4;1445;1;2;1;1.0;3.0;260;PARKING DE LA GARE;M;4335290.0;-178145.0;640
201800031051;18;9;2;1015;1;2;1;1.0;6.0;545;ROUTE D' IBARDIN;M;4332890.0;-168221.0;640
201800031069;18;10;5;1850;1;2;1;7.0;2.0;545;RD810;M;4335980.0;-172726.0;640
201800031073;18;10;9;1448;1;1;1;1.0;6.0;545;CHEMIN D'AGORRETA;M;4337460.0;-168628.0;640
201800031100;18;7;12;1023;1;2;1;1.0;6.0;286;BASSE (RUE);M;4309684.0;-4667.0;650
201800031102;18;8;22;1807;1;2;1;1.0;3.0;286;ABADIE (Avenue Franois);M;4311198.0;-3596.0;650
201800031104;18;9;26;1048;1;2;3;1.0;3.0;286;VIZENS (AVENUE DE);M;4309914.0;-7663.0;650
201800031107;18;12;22;1315;1;2;1;1.0;3.0;286;DUPIERRIS (BOULEVARD GEO;M;4308862.0;-4920.0;650
201800031125;18;7;28;2250;5;2;5;1.0;1.0;440;HARMONIE (RUE DE L');M;4323194.0;7236.0;650
201800031127;18;8;7;1030;1;2;3;1.0;3.0;440;MAQUIS DE PAYOLLE (RUE D;M;4322190.0;8470.0;650
201800031132;18;10;3;1910;1;2;1;1.0;2.0;440;ALSACE LORRAINE (AVENUE);M;4324111.0;7367.0;650
201800031142;18;11;28;1920;5;2;2;1.0;6.0;440;ALSACE LORRAINE (AVENUE);M;4324461.0;7335.0;650
201800031151;18;6;26;1000;1;2;6;1.0;7.0;75;D628 ROND POINT Avenue d;M;4312813.0;133872.0;90
201800031166;18;7;18;820;1;1;1;1.0;2.0;218;d904;M;4585071.0;583413.0;730
201800031167;18;9;9;1030;1;1;1;1.0;4.0;218;départementale 991;M;4585719.0;584072.0;730
201800031187;18;2;8;1810;1;2;1;1.0;3.0;136;SAINT-ROCH (CHEMIN DE);M;4268860.0;291010.0;660
201800031191;18;2;12;750;1;2;1;1.0;6.0;136;., CLAIR (RENE);M;4269403.0;293593.0;660
201800031217;18;4;1;1840;1;2;1;1.0;6.0;136;BOURRAT BOULEVARD JEAN;M;4270052.0;290256.0;660
201800031224;18;4;15;1927;1;2;2;1.0;3.0;136;MESANGES (DES);M;4271365.0;288581.0;660
201800031225;18;4;15;1945;1;2;1;1.0;3.0;136;FLANDRES/DUNKERQUE (CARR;M;4268630.0;290671.0;660
201800031260;18;6;18;710;1;1;1;1.0;3.0;136;MAILLOLES (CHEMIN);M;4268303.0;287606.0;660
201800031262;18;6;18;730;1;1;1;1.0;6.0;136;D 616;M;4271042.0;287399.0;660
201800031280;18;7;10;2342;5;2;1;1.0;3.0;136;JOFFRE (AVENUE DU MARECH;M;4270680.0;289170.0;660
201800031282;18;7;13;1056;1;2;1;1.0;3.0;136;KENNEDY (BD JOHN-FITZGER;M;4268960.0;290280.0;660
201800031285;18;7;17;1840;1;2;1;1.0;3.0;136;ISABEY;M;4269212.0;291214.0;660
201800031306;18;9;3;1900;1;2;1;1.0;6.0;136;MAS-DONAT (DU);M;4270975.0;290365.0;660
201800031313;18;9;20;750;1;2;1;1.0;6.0;136;POU-DE-LES-COULOBRES (CH;M;4267964.0;291952.0;660
201800031318;18;10;1;1810;1;2;1;1.0;6.0;136;ALDUY (Paul);M;4268038.0;290320.0;660
201800031337;18;10;23;1726;1;1;1;1.0;2.0;136;Dpartementale  617;M;4270600.0;295300.0;660
201800031345;18;11;6;907;1;1;1;1.0;6.0;136;CASSIN (AVENUE RENE);M;4268121.0;289445.0;660
201800031369;18;12;13;745;2;2;1;1.0;3.0;136;SALANQUE (AVENUE DE);M;4272685.0;289935.0;660
201800031400;18;6;13;1230;1;2;1;1.0;1.0;149;boulevard riba rossa;M;4373471.0;730456.0;60
201800031421;18;12;4;1215;1;1;1;8.0;1.0;371;D135;M;4887617.0;732319.0;670
201800031429;18;5;16;1650;1;2;1;1.0;3.0;42;rue de l'an VI;M;4639416.0;-102427.0;850
201800031453;18;9;17;930;1;2;3;1.0;3.0;284;Avenue Bernard Chambenoi;M;4582556.0;-86432.0;170
201800031501;18;10;4;1520;1;1;1;1.0;2.0;182;CD384a;M;4861021.0;488551.0;520
201800031531;18;5;22;1540;1;2;3;3.0;3.0;180;PREFET LEZAY-MARNEZIA (R;M;4880187.0;778317.0;670
201800031534;18;7;17;1916;1;2;1;1.0;2.0;345;KALTENHOUSE (RUE DE);M;4879332.0;785095.0;670
201800031537;18;9;27;858;1;1;6;1.0;2.0;180;RD 29;M;4881430.0;781921.0;670
201800031542;18;11;26;1220;1;2;3;1.0;3.0;180;BISCHWILLER (ROUTE DE);M;4880726.0;780275.0;670
201800031561;18;11;13;735;2;1;1;1.0;2.0;221;PK 13+850;M;4682999.0;34990.0;860
201800031568;18;3;1;1930;3;1;1;1.0;2.0;114;D 4;M;4541310.0;477961.0;380
201800031593;18;7;20;855;1;2;6;1.0;3.0;72;rond point Jean Moulin;M;4348905.0;635443.0;830
201800031604;18;7;21;1445;1;2;1;1.0;1.0;350;34 rte de BORDEAUX;M;4516252.0;59720.0;240
201800031608;18;1;18;1754;5;2;2;3.0;3.0;462;00, SAINTE MARIE-AUX-MIN;M;4826318.0;744092.0;670
201800031609;18;3;8;1010;1;2;1;1.0;6.0;462;06, PRESIDENT POINCARE (;M;4825742.0;745393.0;670
201800031613;18;6;26;1202;1;2;2;1.0;3.0;462;HANS TIEFFENTHAL (RUE);M;4826285.0;743099.0;670
201800031614;18;6;27;908;1;2;2;7.0;3.0;462;PAUL DEROULEDE (RUE);M;4826050.0;745131.0;670
201800031617;18;7;26;2048;1;2;2;1.0;3.0;462;LOHMUHLE (ALLEE DE LA);M;;;670
201800031619;18;9;25;1036;1;2;3;7.0;3.0;462;ORTENBOURG (RUE DE L');M;4826500.0;743743.0;670
201800031622;18;1;1;540;5;2;2;2.0;3.0;482;0, NEUHOF (ROUTE);M;4855443.0;776622.0;670
201800031630;18;1;13;41;5;2;2;1.0;3.0;482;0, SCHLUTHFELD (PLACE DU;M;4856890.0;775165.0;670
201800031633;18;1;16;1305;1;2;1;1.0;6.0;482;0, CHARLES FREY (QUAI);M;4857872.0;774540.0;670
201800031639;18;1;19;1800;5;2;1;2.0;1.0;482;1, EUROPE (AVENUE DE L );M;4859376.0;777173.0;670
201800031648;18;1;31;1750;5;2;2;2.0;3.0;482;0, PAUL DEROULEDE (BOULE;M;4859199.0;776947.0;670
201800031649;18;1;31;2010;5;2;6;2.0;3.0;482;0, SCHIRMECK (ROUTE DE);M;4856053.0;769319.0;670
201800031658;18;2;12;105;5;2;2;1.0;3.0;482;0, BRUGES (RUE DE);M;4858590.0;777413.0;670
201800031663;18;2;13;1640;1;2;2;1.0;3.0;482;0, MARECHAL FOCH (RUE DU;M;4858930.0;774986.0;670
201800031675;18;3;8;550;5;2;4;2.0;3.0;482;THUMENAU (RUE DE LA);M;4857173.0;775493.0;670
201800031676;18;3;8;900;1;2;1;1.0;6.0;482;0, KIRSCHLEGER (RUE);M;4857665.0;774139.0;670
201800031677;18;3;9;100;5;2;1;1.0;1.0;482;305, SCHIRMECK (ROUTE DE;M;4856165.0;769580.0;670
201800031680;18;3;12;755;1;2;3;2.0;6.0;482;0, OBERELSAU (RUE DE L );M;4857076.0;771009.0;670
201800031686;18;3;16;2005;5;2;1;1.0;3.0;482;0, HERRENSCHMIDT (AVENUE;M;4859884.0;775290.0;670
201800031690;18;3;26;1900;1;2;3;1.0;3.0;482;0, REMPART (RUE DU);M;4858074.0;772763.0;670
201800031691;18;3;27;1350;1;2;3;1.0;3.0;43;0, PHILIPPE RUEFF (RUE);M;4861081.0;776645.0;670
201800031696;18;4;2;1435;1;2;1;1.0;3.0;482;DAHLENHEIM (RUE DE);M;4856430.0;770256.0;670
201800031699;18;4;5;1208;1;2;3;1.0;1.0;482;WALLONIE (RUE DE);M;4858197.0;777489.0;670
201800031700;18;4;5;1230;1;2;1;1.0;6.0;482;COLMAR (AVENUE DE);M;4856488.0;775235.0;670
201800031701;18;4;5;1500;1;2;1;1.0;3.0;482;MAGASINS (PETITE RUE DES;M;4858901.0;773892.0;670
201800031702;18;4;6;955;1;2;1;1.0;3.0;482;JACQUES KABLE (RUE);M;4859223.0;774398.0;670
201800031707;18;4;8;1515;1;2;1;1.0;3.0;482;DOCTEUR MAURICE FREYSZ (;M;4859979.0;778113.0;670
201800031708;18;4;8;1955;2;2;3;1.0;3.0;482;RHIN (AVENUE DU);M;4857425.0;777090.0;670
201800031709;18;4;9;858;1;2;1;1.0;2.0;482;COLMAR (AVENUE DE);M;4856167.0;775221.0;670
201800031715;18;4;13;1705;1;2;1;1.0;3.0;482;PLAINE DES BOUCHERS (RUE;M;4856180.0;773810.0;670
201800031726;18;4;24;1440;1;2;3;1.0;3.0;482;RHIN (ROUTE DU);M;4857134.0;779546.0;670
201800031733;18;5;6;1955;2;2;2;7.0;3.0;482;DUCS (RUE DES);M;4859108.0;771585.0;670
201800031739;18;5;15;1200;1;2;9;8.0;3.0;482;PLAINE DES BOUCHERS (RUE;M;4857113.0;773598.0;670
201800031741;18;5;15;1755;1;2;9;1.0;3.0;447;POMPIERS (RUE DES);M;4860629.0;775009.0;670
201800031742;18;5;15;1830;1;2;6;1.0;3.0;204;WANTZENAU (ROUTE DE LA);M;4863084.0;776449.0;670
201800031743;18;5;16;1700;1;2;9;1.0;3.0;482;ROMAINS (ROUTE DES);M;4857938.0;771543.0;670
201800031746;18;5;18;1255;1;2;3;1.0;3.0;482;NUEE BLEUE (RUE DE LA);M;4858556.0;774746.0;670
201800031747;18;5;23;1000;1;2;3;1.0;3.0;482;FINKMATT (QUAI);M;4858703.0;774653.0;670
201800031753;18;5;26;1020;1;2;6;1.0;3.0;482;ROTTERDAM (RUE DE);M;4858314.0;777873.0;670
201800031754;18;5;26;1210;1;2;3;1.0;3.0;482;SOULTZMATT (RUE DE);M;4856829.0;775440.0;670
201800031765;18;6;6;1505;1;2;3;1.0;3.0;482;PRESIDENT WILSON (BOULEV;M;4858603.0;773700.0;670
201800031766;18;6;7;840;1;2;1;8.0;3.0;482;ROMAINS (ROUTE DES);M;4857857.0;771040.0;670
201800031773;18;6;11;110;5;2;3;1.0;3.0;447;MAIRIE (RUE DE LA);M;4860422.0;774780.0;670
201800031775;18;6;12;1800;1;2;1;8.0;3.0;482;LAUSANNE (RUE DE);M;4857552.0;775578.0;670
201800031780;18;6;15;910;1;2;1;1.0;6.0;482;SAINTE MARGUERITE (RUE);M;4858125.0;773673.0;670
201800031786;18;6;20;730;1;2;1;1.0;1.0;482;ALPES (QUAI DES);M;4857472.0;776329.0;670
201800031788;18;6;21;1610;1;2;3;1.0;3.0;447;SELESTAT (RUE DE);M;4861013.0;773975.0;670
201800031791;18;6;23;1640;1;2;3;1.0;3.0;482;GEROLDSECK (RUE);M;4858220.0;771586.0;670
201800031793;18;6;24;1925;1;2;3;1.0;3.0;267;FRANOIS ARAGO (RUE);M;4854965.0;768602.0;670
201800031795;18;6;25;1815;1;2;1;1.0;3.0;482;OHMACHT (RUE);M;4859090.0;776493.0;670
201800031796;18;6;28;1200;1;2;1;6.0;6.0;482;COLMAR (AVENUE DE);M;4855682.0;774736.0;670
201800031804;18;7;2;1910;1;2;1;1.0;3.0;218;STRASBOURG (AVENUE DE);M;4854035.0;773437.0;670
201800031809;18;7;6;1605;1;2;1;1.0;3.0;482;PAPETERIE (RUE DE LA);M;4861002.0;778396.0;670
201800031819;18;7;12;845;1;2;1;1.0;3.0;218;ALFRED KASTLER (ROUTE);M;4854163.0;774018.0;670
201800031823;18;7;13;1245;1;2;3;1.0;3.0;43;BISCHWILLER (ROUTE DE);M;4861410.0;775212.0;670
201800031827;18;7;14;1229;1;2;1;1.0;3.0;482;SCHUTZENBERGER (AVENUE);M;4859514.0;775831.0;670
201800031828;18;7;14;1846;1;2;3;1.0;3.0;482;ROMAINS (ROUTE DES);M;4857830.0;770735.0;670
201800031829;18;7;16;1640;1;2;1;1.0;3.0;482;JACQUES KABLE (RUE);M;4859220.0;774413.0;670
201800031835;18;7;18;1810;1;2;1;1.0;1.0;482;COURSE (PETITE RUE DE LA;M;4858364.0;773547.0;670
201800031836;18;7;19;1820;1;2;1;1.0;3.0;482;SCHIRMECK (ROUTE DE);M;4857450.0;772494.0;670
201800031837;18;7;19;2000;1;2;3;1.0;3.0;43;ROBERTSAU (RUE DE LA);M;4861372.0;776623.0;670
201800031838;18;7;20;1610;1;2;1;1.0;3.0;482;VIENNE (ROUTE DE);M;4857493.0;775447.0;670
201800031841;18;7;24;1145;1;2;1;1.0;1.0;482;GENERAL OFFENSTEIN (RUE;M;4855492.0;775397.0;670
201800031842;18;7;25;1030;1;2;1;1.0;3.0;482;FRERES EBERTS (RUE DES);M;4855482.0;773950.0;670
201800031847;18;7;29;1630;1;2;1;1.0;6.0;204;WANTZENAU (ROUTE DE LA);M;4862762.0;775926.0;670
201800031851;18;7;31;1435;1;2;3;1.0;3.0;482;GENERAL OFFENSTEIN (RUE;M;4855430.0;775976.0;670
201800031859;18;8;8;1235;1;2;1;1.0;3.0;482;LA FONTAINE (BOULEVARD);M;4859117.0;770327.0;670
201800031861;18;8;9;1300;1;2;3;1.0;3.0;482;ETUDIANTS (RUE DES);M;4858407.0;774721.0;670
201800031863;18;8;10;1600;1;2;3;1.0;3.0;482;AUBERGE DE JEUNESSE (RUE;M;4857385.0;771945.0;670
201800031865;18;8;11;1730;1;2;1;1.0;3.0;482;ORBEY (RUE D );M;4856631.0;777314.0;670
201800031866;18;8;12;1036;1;2;3;1.0;3.0;482;MITTELHAUSBERGEN (ROUTE;M;4859784.0;771454.0;670
201800031873;18;8;18;1008;1;2;3;1.0;6.0;482;YPRES (RUE D );M;4858536.0;778018.0;670
201800031877;18;8;20;1725;1;2;1;1.0;6.0;482;MAIRE KUSS (RUE DU);M;4858381.0;773756.0;670
201800031881;18;8;22;1830;1;2;1;1.0;6.0;482;ROMAINS (ROUTE DES);M;4857818.0;770696.0;670
201800031882;18;8;23;1920;1;2;3;8.0;3.0;482;HAGUENAU (PLACE DE);M;4859173.0;774383.0;670
201800031886;18;8;27;1725;1;2;2;1.0;3.0;482;MITTELHAUSBERGEN (ROUTE;M;4859037.0;772875.0;670
201800031889;18;8;28;500;5;2;3;1.0;3.0;482;NEUHOF (ROUTE);M;4855463.0;776645.0;670
201800031890;18;8;28;1710;1;2;1;1.0;3.0;482;DOUANE (RUE DE LA);M;4857985.0;775033.0;670
201800031898;18;9;1;1120;1;1;1;1.0;6.0;218;FORT UHRICH (ROUTE DU);M;4851249.0;771843.0;670
201800031900;18;9;2;1510;1;2;1;2.0;1.0;482;HOCHFELDEN (RUE DE);M;4860333.0;772122.0;670
201800031905;18;9;5;1145;1;2;1;1.0;6.0;482;METZ (BOULEVARD DE);M;4858273.0;773298.0;670
201800031910;18;9;7;1820;1;2;3;1.0;3.0;447;BITCHE (RUE DE);M;4860950.0;775365.0;670
201800031915;18;9;10;757;1;2;1;1.0;3.0;267;OSTWALD (RUE D );M;4855113.0;769020.0;670
201800031917;18;9;11;755;1;2;1;1.0;3.0;482;MASSENET (RUE);M;4858832.0;777210.0;670
201800031920;18;9;11;1745;2;2;1;1.0;3.0;482;LA FONTAINE (BOULEVARD);M;4859098.0;770293.0;670
201800031922;18;9;15;1413;1;2;3;1.0;3.0;482;ROME (RUE DE);M;4857745.0;776647.0;670
201800031924;18;9;16;940;1;2;1;7.0;1.0;482;PRINTEMPS (ALLEE DU);M;4859775.0;776631.0;670
201800031927;18;9;18;855;1;2;3;1.0;3.0;482;SAINT ETIENNE (QUAI);M;4858386.0;775608.0;670
201800031930;18;9;20;940;1;2;3;1.0;3.0;482;RACINE (AVENUE);M;4859459.0;769990.0;670
201800031935;18;9;21;1620;1;2;1;2.0;3.0;482;SAINTE MARGUERITE (RUE);M;4858108.0;773437.0;670
201800031938;18;9;24;1530;1;2;1;1.0;3.0;482;JEAN JAURES (AVENUE);M;4856922.0;776374.0;670
201800031939;18;9;24;1745;1;2;3;1.0;3.0;482;PRESIDENT WILSON (BOULEV;M;4858549.0;773592.0;670
201800031940;18;9;25;845;1;2;3;1.0;1.0;482;FRANOIS MITTERRAND (AVE;M;4858389.0;769258.0;670
201800031941;18;9;25;1450;1;2;1;1.0;3.0;482;GENERAL KOENIG (QUAI DU);M;4857519.0;775440.0;670
201800031942;18;9;26;1450;1;2;1;1.0;3.0;482;SCHIRMECK (ROUTE DE);M;4856171.0;769709.0;670
201800031944;18;9;27;1720;1;2;1;7.0;3.0;447;MADRID (RUE DE);M;4860832.0;770958.0;670
201800031946;18;9;28;750;1;2;3;1.0;3.0;482;CARPE HAUTE (RUE DE LA);M;4859562.0;778650.0;670
201800031947;18;9;28;1500;1;2;1;1.0;6.0;482;FINKMATT (QUAI);M;4858740.0;774786.0;670
201800031950;18;10;1;720;1;2;3;1.0;3.0;482;RACINE (AVENUE);M;4859146.0;771178.0;670
201800031955;18;10;3;2107;5;2;3;1.0;6.0;482;MENAGERIE (RUE DE LA);M;4856878.0;777059.0;670
201800031957;18;10;4;1000;1;2;1;1.0;1.0;482;GEORGES WODLI (RUE);M;4858788.0;773778.0;670
201800031958;18;10;4;1617;1;2;1;1.0;2.0;447;BISCHWILLER (ROUTE DE);M;4860685.0;774906.0;670
201800031959;18;10;4;1850;2;2;9;1.0;6.0;482;HAGUENAU (PLACE DE);M;4859139.0;774388.0;670
201800031961;18;10;5;215;5;2;1;1.0;6.0;447;BISCHWILLER (ROUTE DE);M;4859665.0;774162.0;670
201800031963;18;10;5;1815;1;2;3;1.0;3.0;482;JOSEPH WEYDMANN (RUE);M;4854669.0;775541.0;670
201800031965;18;10;8;816;1;2;1;8.0;6.0;482;FINKWILLER (RUE);M;4857883.0;774211.0;670
201800031967;18;10;9;1835;2;2;1;1.0;7.0;482;SCHIRMECK (ROUTE DE);M;4857337.0;771935.0;670
201800031970;18;10;10;1610;1;2;1;1.0;3.0;482;SCHUTZENBERGER (AVENUE);M;4859516.0;775831.0;670
201800031973;18;10;11;1830;2;2;3;1.0;3.0;43;EUROPE (CARREFOUR DE L );M;4861593.0;772044.0;670
201800031974;18;10;12;1140;1;2;1;1.0;3.0;482;PEUPLIERS (PLACE DES);M;4861019.0;777728.0;670
201800031977;18;10;13;1515;1;2;3;1.0;3.0;482;JESUITES (RUE DES);M;4853940.0;776362.0;670
201800031981;18;10;17;1610;1;2;3;1.0;6.0;43;PHILIPPE RUEFF (RUE);M;4861096.0;776569.0;670
201800031982;18;10;18;850;1;2;1;1.0;2.0;482;LAUSANNE (RUE DE);M;4857578.0;775631.0;670
201800031983;18;10;18;1745;1;1;1;1.0;6.0;267;RIVIERE (ROUTE DE LA);M;4855590.0;769309.0;670
201800031989;18;10;25;1530;1;2;9;1.0;3.0;482;HAGUENAU (PLACE DE);M;4859210.0;774408.0;670
201800031993;18;10;29;1015;1;2;6;8.0;3.0;267;MARECHAL FOCH (RUE DU);M;4855443.0;767726.0;670
201800031997;18;10;31;1630;2;2;1;1.0;3.0;482;SCHIRMECK (ROUTE DE);M;4856891.0;771026.0;670
201800031999;18;11;2;1210;1;2;1;1.0;3.0;482;LAUSANNE (RUE DE);M;4857721.0;775821.0;670
201800032003;18;11;3;2155;5;2;1;1.0;6.0;482;ABREUVOIR (RUE DE L );M;4857906.0;776025.0;670
201800032004;18;11;5;1915;5;2;3;1.0;3.0;218;LYON (RTE DE);M;4852983.0;771124.0;670
201800032010;18;11;10;1800;5;2;3;8.0;3.0;482;BRIGADE ALSACE LORRAINE;M;4857756.0;775314.0;670
201800032015;18;11;14;1540;1;2;3;8.0;3.0;482;VOSGES (AVENUE DES);M;4858895.0;775085.0;670
201800032016;18;11;15;840;1;2;3;8.0;1.0;218;FOOTBALL (RUE DU);M;4858291.0;771328.0;670
201800032026;18;11;26;1341;1;2;1;8.0;6.0;482;MARSEILLAISE (AVENUE DE;M;4858565.0;775549.0;670
201800032028;18;11;27;1730;5;2;3;2.0;3.0;204;BRUMATH (ROUTE DE);M;4862016.0;773133.0;670
201800032030;18;11;30;855;1;2;3;2.0;3.0;482;GLOXIN (RUE);M;4858950.0;774521.0;670
201800032046;18;12;12;2050;5;2;3;1.0;3.0;482;Edmond Michelet (rue);M;4857448.0;776714.0;670
201800032048;18;12;15;1145;1;2;3;8.0;3.0;482;COPENHAGUE (RUE DE);M;4857977.0;776978.0;670
201800032052;18;12;18;1935;5;2;1;5.0;1.0;267;USINE (RUE DE L );M;4856423.0;769341.0;670
201800032054;18;12;20;1900;5;2;3;2.0;3.0;482;DETTWILLER (RUE DE);M;4859587.0;772146.0;670
201800032056;18;12;23;1135;1;2;1;2.0;6.0;482;SEBASTOPOL (RUE DE);M;4858671.0;774294.0;670
201800032061;18;4;19;1700;1;1;1;1.0;5.0;139;RD 52;M;4508540.0;508620.0;260
201800032066;18;7;31;915;1;1;1;7.0;2.0;77;RD 67;M;4515616.0;502692.0;260
201800032068;18;9;4;1945;2;2;3;1.0;1.0;140;Chemin du bourg;M;4512991.0;507821.0;260
201800032071;18;10;16;1600;1;1;6;1.0;3.0;323;Route des Chasses;M;4507303.0;511281.0;260
201800032079;18;3;28;1310;1;2;6;2.0;3.0;235;RD445;M;4863621.0;235996.0;910
201800032089;18;8;8;1025;1;2;2;1.0;3.0;265;rue concogne;M;5061532.0;221322.0;620
201800032097;18;1;6;12;5;2;2;2.0;3.0;66;02, INGERSHEIM (ROUTE D';M;4808133.0;735336.0;680
201800032099;18;1;5;1802;3;2;6;1.0;3.0;66;1, WINTZENHEIM (ROUTE DE;M;4806931.0;733142.0;680
201800032106;18;5;2;450;5;2;1;1.0;6.0;66;STANISLAS (RUE);M;4807821.0;735361.0;680
201800032107;18;4;28;1239;1;2;1;1.0;6.0;66;VIGNERONS (RUE DES);M;4807481.0;735951.0;680
201800032109;18;5;5;1959;1;2;9;1.0;3.0;66;BERLIN (RUE DE);M;4807300.0;732601.0;680
201800032119;18;7;24;1630;1;2;1;1.0;6.0;66;INGERSHEIM (ROUTE D');M;4808362.0;734923.0;680
201800032134;18;9;5;1219;1;2;1;1.0;7.0;66;EUROPE (AVENUE DE L');M;4807822.0;733310.0;680
201800032137;18;10;12;800;2;2;1;1.0;6.0;66;ST ELOI (RUE);M;4807975.0;736365.0;680
201800032140;18;11;13;702;2;2;1;1.0;6.0;66;GARE (RUE DE LA);M;4807450.0;734852.0;680
201800032141;18;12;5;1157;1;2;3;1.0;3.0;66;BLEICH (RUE DE LA);M;4807844.0;737258.0;680
201800032151;18;2;6;930;1;2;3;1.0;3.0;224;144, BELFORT (RUE DE);M;4773983.0;730260.0;680
201800032155;18;4;12;1630;1;2;3;1.0;6.0;224;HUBNER (RUE);M;4775549.0;733256.0;680
201800032160;18;5;29;1725;1;2;1;1.0;6.0;224;FOCH (AVENUE DU MARECHAL;M;4774509.0;734191.0;680
201800032165;18;7;9;842;1;2;2;1.0;1.0;224;STOESSEL (BOULEVARD CHAR;M;4774483.0;732744.0;680
201800032166;18;7;13;1455;1;2;1;1.0;3.0;224;STRASBOURG (RUE DE);M;4775448.0;733489.0;680
201800032170;18;9;29;1240;1;2;4;1.0;3.0;224;DIVISION BLINDEE (AVENUE;M;4773596.0;734072.0;680
201800032187;18;8;1;2210;5;2;6;3.0;3.0;297;CD 105;M;4759377.0;755533.0;680
201800032191;18;10;10;1337;1;2;6;1.0;3.0;297;CD 105;M;4759343.0;755459.0;680
201800032210;18;9;2;1045;1;2;9;1.0;1.0;244;23 avenue de verdun;M;4590216.0;519361.0;10
201800032222;18;7;10;1115;1;1;3;1.0;1.0;424;chemin de la volière;M;4588287.0;496905.0;10
201800032224;18;9;5;1400;1;1;1;1.0;3.0;443;chemin de genetay;M;4598515.0;507872.0;10
201800032234;18;1;2;1605;1;2;9;1.0;3.0;91;31, VICTOR HUGO ( R );M;4558935.0;477103.0;690
201800032236;18;1;30;1930;5;2;1;1.0;3.0;91;65, JEAN LIGONNET ( R );M;4559402.0;476995.0;690
201800032244;18;5;2;900;1;2;1;1.0;3.0;91;ROBESPIERRE ( R );M;4558618.0;477113.0;690
201800032258;18;10;22;1810;1;2;9;1.0;3.0;91;EMILE ZOLA ( R );M;4558477.0;476963.0;690
201800032259;18;10;23;1500;1;2;1;1.0;3.0;91;PROFESSEUR FLEMMING  (AV;M;4560018.0;476646.0;690
201800032280;18;5;4;1820;1;2;3;1.0;6.0;115;BELLEROCHE (rue);M;4598192.0;470553.0;690
201800032283;18;5;19;340;5;2;1;1.0;2.0;13;JOUX (avenue de);M;4600600.0;473160.0;690
201800032287;18;6;7;1825;1;2;6;1.0;3.0;264;BURDEAU BD;M;4599666.0;473000.0;690
201800032289;18;6;24;315;5;2;1;1.0;2.0;264;BURDEAU   BD ( HORS GEAN;M;4599528.0;472183.0;690
201800032303;18;9;7;1930;1;2;1;1.0;3.0;264;HERRIOT EDOUARD  AV;M;4597864.0;472580.0;690
201800032306;18;9;22;2000;3;2;1;1.0;5.0;13;CHAMBURCY (rue);M;4601596.0;470518.0;690