Num_Acc;an;mois;jour;hrmn;lum;agg;int;atm;col;com;adr;gps;lat;long;dep
201800032317;18;11;22;1835;2;2;1;8.0;3.0;264;BELLEVILLE (rue de);M;4599000.0;471000.0;690
201800032351;18;1;23;745;2;2;2;8.0;3.0;290;TEMPS MODERNES (DES);M;4570860.0;491920.0;690
201800032357;18;1;26;815;1;2;2;2.0;5.0;266;ALLIES    (Rue des);M;4577784.0;488155.0;690
201800032358;18;1;31;850;1;2;2;1.0;3.0;266;55, LOUIS GUERIN     (Ru;M;4577296.0;485975.0;690
201800032366;18;2;6;1905;5;2;6;2.0;3.0;282;., 18 JUIN 40 (DU);M;4577034.0;499287.0;690
201800032379;18;2;26;1810;2;2;3;1.0;3.0;266;32, JEAN JAURES      (Ru;M;4575700.0;488000.0;690
201800032399;18;3;19;1600;1;2;8;1.0;3.0;275;15, FRATERNITE (DE LA);M;4577242.0;495693.0;690
201800032401;18;3;23;1615;1;2;1;1.0;1.0;266;POUDRETTE     (Rue de la;M;4575659.0;492124.0;690
201800032414;18;4;6;710;1;2;1;1.0;3.0;266;GENAS    (Route de);M;4575185.0;490373.0;690
201800032466;18;6;2;1755;1;2;1;1.0;3.0;256;GEORGES DIMITROV;M;4577686.0;472294.0;690
201800032472;18;6;9;1730;1;2;3;1.0;3.0;266;COLIN     (Rue);M;4577326.0;487412.0;690
201800032474;18;6;9;1850;1;2;9;1.0;3.0;282;CLAUDE MONET;M;4576797.0;498909.0;690
201800032477;18;6;13;1840;1;2;2;1.0;3.0;266;EDOUARD VAILLANT      (R;M;4577818.0;487944.0;690
201800032481;18;6;20;700;1;2;1;1.0;6.0;266;MAISONS NEUVES   (Place;M;4575578.0;487640.0;690
201800032484;18;6;19;1720;1;2;2;1.0;3.0;266;EMILE ZOLA     (Cours);M;4576949.0;487955.0;690
201800032492;18;6;26;1945;1;2;1;1.0;3.0;266;GENAS    (Route de);M;4575494.0;487913.0;690
201800032506;18;7;12;1415;1;2;5;1.0;3.0;266;EMILE ZOLA     (Cours);M;4576335.0;491337.0;690
201800032522;18;8;3;2000;1;2;2;1.0;1.0;290;CONDORCET;M;4570480.0;491553.0;690
201800032530;18;8;20;830;1;2;2;1.0;3.0;266;ANTONIN PERRIN     (Rue);M;4575435.0;488567.0;690
201800032539;18;9;1;1210;1;2;2;1.0;3.0;256;FRANKLIN ROOSEVELT;M;4574975.0;493388.0;690
201800032551;18;9;11;1715;1;2;1;1.0;1.0;256;DROITS DE L'HOMME (DES);M;4577129.0;493237.0;690
201800032552;18;9;10;1615;1;2;3;1.0;3.0;282;RAMBION (DU);M;4576061.0;499792.0;690
201800032553;18;9;12;1430;1;2;2;1.0;3.0;266;LOUIS BECKER        (Rue;M;4576524.0;486989.0;690
201800032561;18;9;17;1640;1;2;1;1.0;3.0;266;MENS      (Alle du);M;4578074.0;490774.0;690
201800032572;18;9;25;1910;5;2;1;1.0;2.0;266;LEON BLUM      (Rue);M;4576424.0;491748.0;690
201800032576;18;9;27;845;1;2;1;7.0;3.0;282;POMMIER (DE);M;4577857.0;501862.0;690
201800032582;18;10;2;1400;1;2;3;1.0;3.0;290;PARILLY (DE);M;4571472.0;490590.0;690
201800032586;18;10;7;705;5;2;2;3.0;3.0;271;CHARLES DE GAULLE;M;4574486.0;493694.0;690
201800032590;18;10;11;640;5;2;6;2.0;3.0;266;MARENGO    (Place);M;4575973.0;487562.0;690
201800032599;18;10;16;1740;1;2;3;1.0;2.0;275;JEAN JAURES;M;4577105.0;496208.0;690
201800032609;18;10;20;1050;1;2;1;1.0;3.0;256;PAUL MARCELLIN;M;4578529.0;492902.0;690
201800032642;18;11;15;1515;1;2;9;1.0;3.0;282;8 MAI 1945 (DU);M;4577046.0;500123.0;690
201800032679;18;8;5;1220;1;2;9;1.0;1.0;21;village;M;4182326.0;902665.0;201
201800032692;18;1;12;1805;3;2;6;1.0;3.0;649;RUE JEAN JUIF;M;4872523.0;460502.0;510
201800032740;18;5;13;1625;1;2;1;1.0;1.0;140;RD 163 - Avenue HAM SOUS;M;4640004.0;71681.0;860
201800032744;18;9;8;1615;1;1;1;1.0;2.0;228;Lieu dit Le Marchis Pois;M;4638984.0;53544.0;860
201800032752;18;4;26;840;1;2;3;8.0;3.0;550;GIRARD (RUE JEAN GEORGES;M;4763013.0;614080.0;700
201800032765;18;3;3;1945;3;1;1;1.0;4.0;157;D5 PK 62 + 250;M;4595420.0;148063.0;870
201800032779;18;4;25;1910;1;2;1;1.0;1.0;204;rue de gouy;M;5039458.0;188339.0;620
201800032807;18;7;10;1550;1;1;1;1.0;2.0;83;Voie communale;M;4966642.0;505627.0;80
201800032809;18;9;27;2020;5;2;1;1.0;3.0;53;Av : de la dernière cart;M;4968273.0;497373.0;80
201800032815;18;5;26;1815;1;1;2;1.0;3.0;345;carrefour D112 & D115;M;4859373.0;626187.0;540
201800032820;18;11;3;1420;1;1;1;1.0;2.0;462;D116;M;4860141.0;634246.0;540
201800032821;18;11;8;1450;1;1;1;1.0;1.0;462;RD1D;M;4858402.0;637154.0;540
201800032834;18;1;23;1320;1;2;6;1.0;3.0;76;33, DELIRY (RUE PIERRE);M;4679396.0;485264.0;710
201800032837;18;3;26;1718;1;2;2;1.0;3.0;76;LEDRU ROLLIN (RUE);M;4678744.0;483873.0;710
201800032845;18;7;1;1625;1;2;2;1.0;3.0;76;SENTIERS (RUE );M;4679953.0;485620.0;710
201800032847;18;7;3;1100;1;2;1;1.0;3.0;76;AUTUN (RUE D');M;4678405.0;484941.0;710
201800032850;18;7;23;1720;1;2;1;1.0;6.0;76;OBELISQUE (PLACE DE L');M;4678410.0;485262.0;710
201800032856;18;9;25;1810;1;2;1;1.0;1.0;76;DELIRY (RUE PIERRE);M;4679814.0;484935.0;710
201800032864;18;1;22;915;1;2;6;2.0;6.0;153;MARCET (RUE BAPTISTE);M;4679505.0;443233.0;710
201800032874;18;7;4;1725;1;2;1;1.0;7.0;153;BRUYERES (RUE DES);M;4679780.0;445471.0;710
201800032878;18;7;25;903;1;2;1;1.0;3.0;153;MARECHAL FOCH (RUE);M;4680553.0;445878.0;710
201800032881;18;8;30;1805;1;1;1;1.0;2.0;540;HUIT MAI (AVENUE DU);M;4677557.0;444602.0;710
201800032908;18;6;29;1345;1;1;1;1.0;2.0;245;le casse;M;4824403.0;-188166.0;350
201800032914;18;2;6;640;3;2;1;2.0;2.0;497;GENERAL DE GAULLE (BOULE;M;4633940.0;484691.0;710
201800032922;18;6;5;1130;1;2;1;1.0;3.0;497;SENNECE (ROUTE DE);M;4633634.0;482713.0;710
201800032923;18;6;14;825;1;2;1;1.0;3.0;270;CASSIN (AVENUE RENE);M;4632646.0;482436.0;710
201800032933;18;8;2;1649;1;2;6;1.0;3.0;270;JAURES (QUAI);M;4630928.0;483749.0;710
201800032942;18;9;23;210;5;2;1;1.0;3.0;270;ROUTE DEPARTEMENTALE 906;M;4630278.0;483280.0;710
201800032949;18;10;14;1140;1;2;6;1.0;3.0;497;SENNECE (ROUTE DE);M;4633079.0;482878.0;710
201800032982;18;5;8;950;1;2;1;1.0;6.0;306;JEAN BOUVERI (RUE);M;4662249.0;436584.0;710
201800032996;18;7;10;950;1;2;1;1.0;3.0;499;JEAN PROST (RUE);M;4666281.0;429147.0;710
201800033010;18;8;21;1745;1;1;1;1.0;3.0;486;RD 974;M;4667501.0;436143.0;710
201800033024;18;10;17;1810;1;2;3;1.0;3.0;306;LUCY (RUE DE);M;4666634.0;432487.0;710
201800033051;18;12;15;1030;1;2;1;1.0;3.0;306;ALOUETTES (AVENUE DES);M;4669039.0;435624.0;710
201800033069;18;4;24;2025;1;1;2;1.0;3.0;263;la guillone;M;4434468.0;195287.0;120
201800033079;18;10;16;1455;1;2;4;1.0;3.0;300;Route de Toulonjac;M;4437327.0;201441.0;120
201800033093;18;2;2;1830;5;2;6;2.0;3.0;181;RHIN ET DANUBE (AV) Nø P;M;4802558.0;18164.0;720
201800033098;18;2;20;1155;1;2;1;2.0;6.0;181;70, FALCONET ETIENNE (RU;M;4796755.0;21487.0;720
201800033110;18;4;6;745;1;2;1;1.0;3.0;181;LORRAINE (RUE DE);M;4799549.0;19577.0;720
201800033115;18;4;20;1005;1;2;9;1.0;3.0;181;DEMORIEUX PT DE FER AU P;M;4799596.0;18668.0;720
201800033121;18;5;18;1900;1;2;3;1.0;3.0;181;EVENTAIL RUE DE L' Nø IM;M;4800437.0;20916.0;720
201800033135;18;7;4;1205;1;2;6;1.0;3.0;181;MARAIS (RUE DES) Nø IMP;M;4799400.0;21612.0;720
201800033140;18;7;27;2350;5;2;2;1.0;3.0;181;NATIONALE (RUE);M;4999942.0;19959.0;720
201800033141;18;7;28;2110;1;2;1;1.0;3.0;181;MAILLETS (RUE DES) IMP 3;M;4801262.0;20629.0;720
201800033147;18;8;14;1125;1;2;1;1.0;6.0;181;JAURES JEAN (AV) Nø PAIR;M;4798550.0;20933.0;720
201800033149;18;8;22;1420;1;2;1;1.0;2.0;181;VOLTAIRE (RUE) Nø PAIRS;M;4801299.0;18903.0;720
201800033155;18;9;10;2135;5;2;1;1.0;3.0;181;CUGNOT NICOLAS (BD);M;4798453.0;22280.0;720
201800033160;18;9;18;1900;1;2;3;1.0;3.0;181;Robert Jarry (Bd);M;4799600.0;19288.0;720
201800033180;18;10;22;1440;1;2;1;1.0;3.0;181;DEMORIEUX PAIRS-ROCADE A;M;4798363.0;17697.0;720
201800033192;18;11;10;1550;1;2;3;2.0;3.0;181;HEUZE OLIVIER AV Nø PAIR;M;4799469.0;17710.0;720
201800033196;18;11;16;755;2;2;3;5.0;3.0;181;JAURES JEAN (AV) Nø IMP;M;4799151.0;20572.0;720
201800033199;18;11;20;755;2;2;6;2.0;3.0;95;SAINT MICHEL (BD);M;4802426.0;20155.0;720
201800033210;18;12;2;2040;5;2;2;1.0;3.0;181;NATIONALE (RUE);M;4799941.0;19961.0;720
201800033214;18;12;10;855;1;2;6;1.0;3.0;181;GOUGEARD (RUE) Nø PAIRS;M;4800394.0;20245.0;720
201800033219;18;5;20;1010;1;1;1;2.0;1.0;43;départementale 14;M;4323983.0;634946.0;830
201800033226;18;3;24;1530;1;2;3;1.0;3.0;63;Intersection Rue des Amé;M;4758565.0;90338.0;370
201800033243;18;1;20;1315;1;2;6;2.0;3.0;8;HOPITAUX CARREFOUR DES;M;4569660.0;590752.0;730
201800033248;18;3;27;1735;2;2;6;2.0;3.0;8;GARE PLACE DE LA;M;4568811.0;590973.0;730
201800033251;18;7;12;930;1;2;1;1.0;3.0;8;LATTRE DE TASSIGNY BD;M;4569457.0;590152.0;730
201800033253;18;3;25;1015;1;2;2;1.0;3.0;11;AIDIER (CHEMIN D');M;4566390.0;636414.0;730
201800033256;18;6;21;836;1;2;3;1.0;3.0;11;DE GAULLE (AV) GILLY A W;M;4566386.0;636415.0;730
201800033259;18;7;26;915;1;2;2;1.0;3.0;11;CHARRETTE (CHEMIN DE LA);M;4566387.0;636414.0;730
201800033260;18;9;10;1110;1;2;5;9.0;1.0;11;TARENTAISE (AVENUE DE);M;4566831.0;639466.0;730
201800033264;18;12;12;1040;1;2;3;1.0;1.0;222;EPINE (AVENUE DE L');M;4557933.0;595065.0;730
201800033283;18;3;23;2130;5;2;1;1.0;3.0;65;0, CROIX D'OR (RUE);M;4556486.0;592408.0;730
201800033287;18;4;4;1215;1;2;3;1.0;3.0;29;avenue du Stade;M;4556382.0;594348.0;730
201800033293;18;4;20;1720;1;2;6;1.0;3.0;65;STADE (PLACE DU);M;4557225.0;591022.0;730
201800033296;18;5;3;820;1;2;1;8.0;1.0;65;RIZE (QUAI DE LA);M;4556755.0;593312.0;730
201800033297;18;5;11;1610;1;2;3;1.0;3.0;87;BORDEAUX HENRY (AVENUE);M;4556502.0;589349.0;730
201800033299;18;5;30;1430;1;2;3;1.0;3.0;29;VILETTE(ROUTE DE LA);M;4555109.0;594187.0;730
201800033304;18;6;22;1715;1;2;6;1.0;3.0;65;Chemin de Jacob;M;4556046.0;590785.0;730
201800033306;18;6;25;930;1;2;3;1.0;2.0;29;CLOS (MONTEE DU);M;4556051.0;594230.0;730
201800033321;18;8;18;1820;1;2;4;1.0;1.0;87;Rue Maurice Ravel;M;4557052.0;588879.0;730
201800033330;18;10;5;745;2;2;2;1.0;3.0;65;MONTS (BOULEVARD DES);M;4557507.0;593113.0;730
201800033331;18;10;5;910;1;2;2;1.0;3.0;65;LYON (AVENUE DE);M;4556294.0;590819.0;730
201800033335;18;10;31;755;2;2;2;8.0;3.0;31;SAINT SATURNIN (ROUTE DE;M;4558170.0;593630.0;730
201800033338;18;10;27;425;5;2;1;3.0;6.0;65;LYON (AVENUE DE);M;4556261.0;591049.0;730
201800033346;18;8;20;1520;1;1;3;1.0;1.0;31;route du tapis;M;4727477.0;17707.0;370
201800033353;18;1;14;745;2;2;6;1.0;6.0;10;45, NOVEL (AVENUE DE);M;4591476.0;612952.0;740
201800033368;18;4;10;1530;1;2;2;1.0;3.0;10;ROCADE (BOULEVARD DE LA);M;4591160.0;612145.0;740
201800033369;18;4;16;1740;1;2;3;1.0;3.0;10;CHAMBERY;M;4589835.0;611677.0;740
201800033370;18;4;18;1408;1;2;6;1.0;3.0;10;MAQUIS (CHEMIN DU);M;4592134.0;613332.0;740
201800033371;18;4;26;1805;1;2;2;1.0;6.0;10;FIER (BOULEVARD DU));M;4591200.0;611350.0;740
201800033381;18;6;12;1953;1;2;1;2.0;6.0;10;CARNOT (RUE);M;4590534.0;612393.0;740
201800033384;18;6;30;1530;1;2;9;1.0;3.0;93;CROISEE (DE LA);M;4589611.0;611127.0;740
201800033387;18;7;5;705;1;2;6;1.0;3.0;10;LYCEE (BOULEVARD DU)(BRO;M;4590594.0;612884.0;740
201800033391;18;7;27;845;1;2;6;1.0;3.0;10;LYCEE (BOULEVARD DU)(BRO;M;4590630.0;613120.0;740
201800033393;18;8;13;1315;1;2;1;1.0;3.0;10;CROIX ROUGE (CHEMIN DE L;M;4589477.0;611502.0;740
201800033412;18;1;12;835;1;2;6;1.0;3.0;12;ZOLA (RUE EMILE);M;4619378.0;622838.0;740
201800033417;18;1;17;1850;5;2;1;1.0;6.0;133;LIBERATION (RUE DE LA);M;4618800.0;621010.0;740
201800033433;18;2;16;1130;1;2;1;1.0;7.0;12;TOURNELLES (RUE DES);M;4619662.0;624243.0;740
201800033434;18;2;24;2025;5;2;6;1.0;3.0;12;29, RUE DE GENEVE;M;4619277.0;622907.0;740
201800033456;18;4;1;1000;1;2;6;1.0;3.0;298;EUROPE (AVENUE DE L');M;4617919.0;624496.0;740
201800033459;18;4;5;1710;1;2;1;2.0;6.0;12;50 RUE L'ILE DE FRANCE;M;4619090.0;624524.0;740
201800033463;18;4;13;555;5;2;1;1.0;3.0;8;RAVIER (RUE);M;4619961.0;622751.0;740
201800033465;18;4;19;830;1;2;1;7.0;6.0;133;JARDINS (RUE DES);M;4618398.0;621876.0;740
201800033468;18;4;23;1825;1;2;1;1.0;2.0;12;BONNEVILLE (ROUTE DE);M;;;740
201800033475;18;5;8;1105;1;2;1;1.0;2.0;12;FERRY (AVENUE JULES);M;4619105.0;623632.0;740
201800033481;18;5;23;1220;1;1;6;2.0;2.0;298;BONNEVILLE (ROUTE DE );M;4667700.0;624424.0;740
201800033492;18;6;8;1020;1;2;1;1.0;6.0;12;FAUCIGNY (RUE DU);M;4619409.0;623832.0;740
201800033498;18;6;28;1645;1;2;1;1.0;6.0;12;FAVRE (RUE DU DR CHARLES;M;4619803.0;623777.0;740
201800033499;18;7;2;900;1;2;2;1.0;6.0;12;FLORISSANT (AVENUE);M;4619895.0;624509.0;740
201800033500;18;7;3;1455;1;2;1;1.0;6.0;133;PEUPLIERS (IMPASSE DES);M;4618952.0;620956.0;740
201800033501;18;6;30;1530;1;2;1;1.0;7.0;118;SAINT-JULIEN (ROUTE DE);M;4617552.0;622220.0;740
201800033502;18;6;30;1110;1;2;1;1.0;7.0;12;CHARCOT (RUE J.B.);M;4818580.0;624990.0;740
201800033508;18;7;26;1735;1;2;3;1.0;3.0;118;CYCLAMENS (CHEMIN DE);M;4817823.0;622596.0;740
201800033519;18;8;23;640;2;2;1;1.0;6.0;12;18 AOUT 44 (RUE DU);M;4619414.0;625070.0;740
201800033522;18;8;29;817;1;2;1;7.0;3.0;12;BEULET (RUE DU);M;4619128.0;624273.0;740
201800033523;18;8;30;1440;1;2;3;8.0;3.0;118;SAINT-JULIEN (ROUTE DE);M;4617977.0;622835.0;740
201800033532;18;9;10;819;1;2;6;1.0;3.0;298;EUROPE (AVENUE DE L');M;4617711.0;624427.0;740
201800033548;18;10;8;1355;1;2;9;1.0;3.0;12;ROMAGNY (RUE DE);M;4619565.0;624431.0;740
201800033568;18;10;29;1640;1;2;1;2.0;7.0;133;GENEVE (RUE DE);M;4619189.0;620879.0;740
201800033585;18;11;25;1710;5;2;3;2.0;7.0;8;NEGOCIANTS (RUE DES);M;4619490.0;622767.0;740
201800033594;18;12;10;1500;1;2;1;2.0;7.0;12;BONNEVILLE (ROUTE DE);M;4618431.0;623765.0;740
201800033595;18;12;11;750;2;2;3;5.0;3.0;12;RISSE (RUE DU);M;4618432.0;624420.0;740
201800033607;18;9;11;820;1;2;3;1.0;1.0;244;lieu-dit la Voie - Saint;M;4736065.0;-100666.0;490
201800033615;18;5;19;850;1;1;1;7.0;4.0;199;Lieu dit L'Enfer;M;4868743.0;-146072.0;500
201800033637;18;6;8;1630;1;2;1;1.0;3.0;218;CHAPELLE (RUE DE LA);M;4639426.0;653471.0;740
201800033639;18;6;30;1350;1;2;1;1.0;6.0;281;SENEVULAZ (AVENUE DE);M;4635396.0;646918.0;740
201800033641;18;7;20;1225;1;2;3;1.0;5.0;281;SORBIERS (RUE DES);M;;;740
201800033647;18;10;6;1000;1;2;2;1.0;3.0;218;PAYS DE GAVOT (ROUTE DU);M;4638000.0;654000.0;740
201800033650;18;8;27;1105;1;1;1;1.0;6.0;291;D506;M;4238059.0;937740.0;202
201800033692;18;4;22;1128;1;2;6;1.0;3.0;259;ROUTE DE GANZEVILLE;M;4974763.0;40306.0;760
201800033694;18;5;22;1540;1;2;2;1.0;3.0;259;INONDATION ( RUE DE L');M;4975625.0;37939.0;760
201800033696;18;8;8;1935;1;2;2;1.0;3.0;259;BERIGNY (QUAI);M;4975949.0;37170.0;760
201800033736;18;3;9;1900;5;2;2;1.0;3.0;351;45 rue PAUL PAINLEVE;M;4951271.0;11068.0;760
201800033758;18;4;19;1422;1;1;6;1.0;2.0;270;rte SAINT BARTHELEMY;M;4955201.0;14599.0;760
201800033760;18;4;22;1340;1;2;2;1.0;3.0;351;GRAVILLE (BD DE);M;4949249.0;14847.0;760
201800033775;18;5;17;1846;1;2;1;1.0;7.0;351;RENE CANCE;M;4950374.0;14709.0;760
201800033778;18;5;21;1530;1;2;1;1.0;7.0;447;SAINT MARTIN DU MANOIR;M;4954334.0;19856.0;760
201800033808;18;7;3;1215;1;2;6;1.0;3.0;351;MAGASINS GENERAUX (RUE D;M;4949152.0;13325.0;760
201800033812;18;7;6;825;1;2;3;1.0;3.0;351;GEORGE V (QUAI);M;4949099.0;11120.0;760
201800033813;18;7;9;1640;1;2;6;1.0;3.0;351;FRISSARD (QUAI);M;4949143.0;13252.0;760
201800033842;18;9;17;905;1;2;1;1.0;3.0;351;GUILLAUME LE CONQUERANT;M;4950102.0;12048.0;760
201800033867;18;10;25;920;1;2;3;1.0;3.0;351;GRAND HAMEAU (Avenue du;M;4952034.0;11103.0;760
201800033906;18;12;13;1045;1;2;2;1.0;3.0;351;REPUBLIQUE (COURS DE LA);M;4949987.0;13005.0;760
201800033928;18;11;5;1600;1;2;1;1.0;3.0;575;CARNOT. RUE LAZARE;M;4937795.0;110784.0;760
201800033936;18;1;31;1245;1;2;3;2.0;3.0;681;25, ZOLA. RUE EMILE;M;4942048.0;108563.0;760
201800033965;18;4;11;1115;1;2;1;1.0;3.0;540;AVENUE bernard bicheray;M;4945067.0;105712.0;760
201800033979;18;5;2;1750;1;2;2;2.0;3.0;165;RUE GALILEE;M;4928214.0;102582.0;760
201800033989;18;5;23;1615;1;2;2;1.0;3.0;498;PREVERT. AVENUE JACQUES;M;4943006.0;106128.0;760
201800034018;18;7;10;810;1;2;1;1.0;3.0;540;ROUTE DE Neufchatel;M;4945160.0;109817.0;760
201800034033;18;7;27;1600;1;2;1;1.0;3.0;157;MAGASIN LECLERC (RUE DU;M;4945835.0;104438.0;760
201800034037;18;8;4;1145;1;2;2;1.0;2.0;540;RUE SAINT MAUR;M;4945124.0;108795.0;760
201800034048;18;8;20;745;1;2;2;1.0;3.0;540;SAINT JULIEN. RUE;M;4942388.0;106982.0;760
201800034057;18;9;7;750;1;2;1;1.0;3.0;540;MAILLOTS SARRAZINS. RUE;M;4943708.0;109768.0;760
201800034060;18;9;7;1125;1;2;6;1.0;2.0;540;DARNETAL. ROUTE DE;M;4943989.0;113114.0;760
201800034073;18;10;8;1620;1;2;3;1.0;6.0;540;ALSACE LORRAINE. RUE;M;4943424.0;107065.0;760
201800034076;18;10;11;1215;1;2;9;1.0;3.0;498;GIRARDIN. BOULEVARD STAN;M;4941315.0;106862.0;760
201800034079;18;10;12;750;5;2;2;1.0;3.0;681;RUE DE PARIS;M;4941224.0;109911.0;760
201800034110;18;11;20;1445;1;1;2;1.0;3.0;212;RN 31 (BOULEVARD DE LA P;M;4943724.0;114280.0;760
201800034123;18;11;30;2050;5;2;2;1.0;6.0;540;SOREL. RUE ALBERT;M;4942816.0;108431.0;760
201800034139;18;4;6;1600;1;1;1;1.0;2.0;479;RUELLE AUX LOUPS (CHEMIN;M;4886493.0;263390.0;770
201800034143;18;5;4;1145;1;2;3;1.0;2.0;55;REPUBLIQUE (AVENUE DE LA;M;4888202.0;262642.0;770
201800034154;18;6;19;1615;1;1;3;1.0;4.0;268;RD 93;M;4887624.0;282458.0;770
201800034156;18;10;3;2021;3;1;1;1.0;3.0;268;RD 93;M;4887447.0;282326.0;770
201800034170;18;6;20;1110;1;2;6;1.0;3.0;131;MARCEL CLAVIER (RUE);M;4880939.0;309035.0;770
201800034186;18;4;20;600;2;2;2;1.0;3.0;186;D210 - B.GENERAL LECLERC;M;4841297.0;270699.0;770
201800034187;18;4;22;1655;1;1;1;1.0;2.0;186;D301E2 - GARE THOMERY;M;4839532.0;276401.0;770
201800034196;18;8;31;940;1;2;6;1.0;3.0;442;D210 X D39;M;4842826.0;275123.0;770
201800034198;18;9;15;1620;1;1;1;1.0;2.0;186;RD116 PanONF  rte Butte;M;4848025.0;271737.0;770
201800034200;18;10;12;1535;1;2;1;1.0;3.0;186;GRANDE (RUE);M;4840500.0;270100.0;770
201800034213;18;3;27;1700;1;2;6;2.0;3.0;58;D35 X AV. GRAHAM BELL;M;4883500.0;270582.0;770
201800034239;18;7;15;2050;1;2;2;1.0;3.0;372;D334 X D418;M;4888211.0;270146.0;770
201800034244;18;9;10;1805;1;2;6;1.0;2.0;464;CLAYE  (RUE DE  );M;4889890.0;271309.0;770
201800034246;18;9;20;1835;1;1;1;1.0;2.0;237;D10;M;4882191.0;275498.0;770
201800034248;18;9;30;1415;1;2;3;1.0;1.0;372;D418 X RUE MAURICE LAINE;M;4888096.0;270125.0;770
201800034249;18;10;4;930;1;2;6;1.0;3.0;58;LA HAYE (BOULEVARD DE);M;4883215.0;272330.0;770
201800034256;18;10;24;715;5;2;1;1.0;2.0;464;CLAYE  (RUE DE  );M;4889834.0;271248.0;770
201800034269;18;12;13;1415;1;2;6;7.0;2.0;464;D418 X D105B;M;4889904.0;271323.0;770
201800034337;18;10;9;1700;1;1;1;1.0;1.0;528;VOISENON  (ROUTE DE);M;4857340.0;265381.0;770
201800034342;18;11;16;1455;1;2;1;1.0;3.0;288;JEANNE D'ARC  (PONT);M;4853700.0;265870.0;770
201800034344;18;12;11;1750;5;2;4;1.0;3.0;285;AV. MAURICE DAUVERGNE;M;4854504.0;264708.0;770
201800034365;18;6;3;1600;1;2;1;1.0;1.0;445;GRETA GARBO (RUE);M;4858412.0;258658.0;770
201800034371;18;8;5;1210;1;1;2;1.0;3.0;122;D48;M;4865724.0;261552.0;770
201800034374;18;9;14;1400;1;2;1;1.0;3.0;53;JEAN JAURES (BOULEVARD);M;4869286.0;260829.0;770
201800034384;18;12;20;1330;1;2;1;1.0;3.0;122;PABLO PICASSO(RUE);M;4865902.0;256358.0;770
201800034400;18;10;19;2010;3;2;9;1.0;6.0;305;COLLINE SAINT MARTIN (AV;M;4839850.0;296615.0;770
201800034412;18;6;18;750;1;2;3;1.0;3.0;458;D607 X FARNAULT (RUE);M;4818499.0;273368.0;770
201800034446;18;6;13;1725;1;2;3;1.0;2.0;146;PREMIER MAI (ALLEE DU);M;4882389.0;263568.0;770
201800034488;18;8;28;2000;2;2;1;1.0;3.0;373;PRES ST MARTIN (RUE DES);M;4879000.0;261000.0;770
201800034516;18;4;19;1825;1;2;1;1.0;3.0;118;MESSY (RUE DE);M;4894732.0;269071.0;770
201800034517;18;4;18;1650;1;1;3;1.0;3.0;118;DEPARTEMENTAL 212 (ROUTE;M;4895639.0;266534.0;770
201800034526;18;6;29;1515;1;2;2;1.0;3.0;294;VERDUN (AVENUE DE);M;4895531.0;259999.0;770
201800034538;18;8;2;102;5;2;3;1.0;6.0;294;ANDRE CARREZ (RUE);M;4897842.0;262567.0;770
201800034544;18;8;25;1530;1;1;1;8.0;2.0;332;D9 - R. DES TROIS VILLES;M;4900873.0;268118.0;770
201800034548;18;9;1;1100;1;2;9;1.0;7.0;118;DEPARTEMENTAL 212 (ROUTE;M;4894528.0;266739.0;770
201800034597;18;3;19;800;1;1;1;9.0;6.0;498;PONTOISE AV DE;M;4894414.0;206192.0;780
201800034598;18;4;25;1545;1;2;9;1.0;6.0;123;Mac Donald's;M;4894301.0;202941.0;780
201800034603;18;6;5;1950;1;2;1;1.0;3.0;642;MEULAN ROUTE DE CD154;M;4898404.0;196686.0;780
201800034608;18;6;26;1750;1;2;1;1.0;3.0;642;ROSIERS RUE DES;M;4898546.0;196901.0;780
201800034619;18;9;17;1800;1;2;1;1.0;2.0;498;VERSAILLES AV DE;M;4892674.0;204362.0;780
201800034665;18;1;6;44;5;2;1;9.0;7.0;401;ANNONCIADES (RUE DES);M;4900694.0;191856.0;780
201800034668;18;1;18;750;3;2;3;2.0;3.0;440;VERNEUIL (ROUTE DE);M;4899500.0;193354.0;780
201800034682;18;5;8;1900;1;2;9;1.0;6.0;440;MOLIERE (RUE);M;4898214.0;191636.0;780
201800034691;18;6;24;1920;1;2;1;1.0;3.0;440;JEAN CESSOU (RUE);M;4899173.0;191050.0;780
201800034698;18;10;14;1425;1;2;1;1.0;6.0;440;MARECHAL FOCH (AVENUE DU;M;4899242.0;190299.0;780
201800034710;18;8;10;900;1;1;1;2.0;6.0;674;GANDONNERIE (RUE DE LA);M;4882632.0;201094.0;780
201800034758;18;9;16;1320;1;1;1;1.0;3.0;251;CHEMIN DEPARTEMENTAL 98;M;4890001.0;209276.0;780
201800034760;18;9;26;1000;1;2;9;1.0;6.0;418;GABRIEL PERI (AVENUE);M;4892803.0;214322.0;780
201800034764;18;10;5;920;1;2;1;7.0;2.0;146;PONT DE CHATOU;M;4888819.0;221631.0;780
201800034778;18;12;14;850;1;2;6;1.0;3.0;650;PAGES (AVENUE DES);M;4890353.0;213560.0;780
201800034785;18;4;20;850;1;2;3;1.0;3.0;586;CHATOU Nø1 A 25 ET Nø2 A;M;4894163.0;218981.0;780
201800034789;18;5;29;1618;1;2;6;1.0;3.0;586;TOBROUK / PAIX;M;;;780
201800034791;18;6;20;1655;1;2;1;1.0;1.0;311;DENIS PAPIN (RUE);M;4893135.0;219456.0;780