Num_Acc;an;mois;jour;hrmn;lum;agg;int;atm;col;com;adr;gps;lat;long;dep
201800034822;18;5;29;1750;1;2;2;1.0;3.0;646;PARIS (AVENUE DE);M;4800000.0;216130.0;780
201800034828;18;6;13;2055;1;2;2;1.0;3.0;646;MARECHAL FOCH (RUE DU);M;4880882.0;213336.0;780
201800034829;18;6;19;1715;1;2;3;1.0;3.0;646;CARNOT (RUE);M;4880641.0;212656.0;780
201800034836;18;7;10;1840;1;2;1;1.0;3.0;646;PAROISSE (RUE DE LA);M;4880759.0;212683.0;780
201800034844;18;8;19;1805;1;2;2;1.0;3.0;646;REINE (BD DE LA);M;4880851.0;214001.0;780
201800034845;18;9;6;1050;1;2;1;1.0;3.0;646;Lagarde / Vauban;M;4880246.0;215297.0;780
201800034847;18;9;16;1310;1;1;1;1.0;4.0;524;bretelle A13;M;4883906.0;211125.0;780
201800034872;18;5;17;2000;1;2;3;1.0;3.0;191;21 RUE P.A. BAUGIER;M;4632765.0;-46612.0;790
201800034874;18;5;24;1835;1;2;1;1.0;3.0;191;222 RUE MARECHAL LECLERC;M;4633856.0;-44680.0;790
201800034875;18;5;25;825;1;2;3;1.0;1.0;191;RUE JEAN POMMIER;M;4631069.0;-47416.0;790
201800034882;18;8;21;845;1;2;7;1.0;2.0;191;PLACE DE LA COMEDIE;M;4632265.0;-46187.0;790
201800034883;18;8;24;1340;1;2;9;1.0;2.0;81;ROUTE DE PARIS;M;4633985.0;-40369.0;790
201800034889;18;9;19;1151;1;2;6;1.0;2.0;191;22 RUE MAZAGRAN;M;4631979.0;-45483.0;790
201800034891;18;10;23;1120;1;2;1;1.0;6.0;191;42 AVENUE PARIS;M;4632455.0;-45560.0;790
201800034971;18;1;26;1515;1;2;2;1.0;3.0;21;R DU MARCHE LANSELLES;M;4989602.0;229769.0;800
201800034977;18;2;2;1640;1;2;2;1.0;2.0;21;42, R DE L'ABLADENE;M;4988258.0;232182.0;800
201800034979;18;2;5;800;2;2;1;1.0;3.0;21;R DE SAVOIE;M;4991434.0;225644.0;800
201800034985;18;2;16;1350;1;2;1;1.0;2.0;21;203, BD DE CHATEAUDUN;M;4988557.0;227972.0;800
201800034991;18;2;23;1645;1;2;1;1.0;6.0;489;R LEON POIDEVIN;M;4987318.0;235568.0;800
201800034996;18;3;8;740;1;2;2;1.0;3.0;21;R GRESSET;M;4989389.0;229423.0;800
201800035002;18;3;15;1420;1;2;1;1.0;6.0;21;317, BD DE BAPAUME;M;4987957.0;230848.0;800
201800035014;18;3;30;830;1;2;1;1.0;1.0;21;281, R D'ELBEUF;M;4988703.0;226819.0;800
201800035020;18;4;4;1250;1;2;1;1.0;2.0;21;PORT D'AMONT;M;4989489.0;230836.0;800
201800035040;18;4;20;1924;1;2;1;1.0;1.0;164;R JEAN DUMESGES;M;4989624.0;233575.0;800
201800035044;18;4;25;1840;1;2;2;1.0;6.0;21;R TERRAL;M;4990867.0;229164.0;800
201800035045;18;4;25;1720;1;2;1;1.0;6.0;21;AV JULES VALLES;M;4991625.0;225033.0;800
201800035054;18;5;11;1755;1;2;1;1.0;6.0;21;R DES TROIS CAILLOUX;M;4989242.0;229985.0;800
201800035057;18;5;18;855;1;2;2;1.0;5.0;21;206, R RIOLAN;M;4988521.0;232036.0;800
201800035058;18;5;21;1635;1;2;2;1.0;3.0;21;18, QU DE L'ECLUSE;M;4990017.0;229437.0;800
201800035059;18;5;21;1215;1;2;1;1.0;3.0;21;7, BD DU PORT D'AVAL;M;4989869.0;229165.0;800
201800035063;18;5;31;828;1;2;1;1.0;3.0;21;R MARCHE LANSELLES;M;4989607.0;229773.0;800
201800035072;18;6;12;1435;1;2;1;1.0;2.0;21;45, R JULES BARNI;M;4988911.0;231066.0;800
201800035080;18;6;26;900;1;2;6;1.0;3.0;21;CARR DE LA LIBERATION;M;4988670.0;227888.0;800
201800035088;18;7;13;1400;1;2;1;1.0;3.0;21;62, R DE ABBE L'EPEE;M;4989964.0;231588.0;800
201800035104;18;8;9;1010;1;1;2;3.0;3.0;21;BD PORT D'AMONT;M;4989475.0;230906.0;800
201800035112;18;8;31;1715;1;2;1;1.0;5.0;21;PL MARECHAL FOCH;M;4989369.0;228523.0;800
201800035118;18;9;13;2035;5;2;2;1.0;3.0;21;R ROBERT LE COQ;M;4990221.0;227247.0;800
201800035126;18;9;22;1200;1;2;2;1.0;3.0;21;GRANDE RUE DE VEILLERE;M;4989824.0;229874.0;800
201800035129;18;9;26;1700;1;2;1;1.0;3.0;21;R CLAUDIUS SERRASSAINT;M;4989339.0;231100.0;800
201800035140;18;10;13;1045;1;1;1;1.0;2.0;131;R ALPHONSE TELLIER;M;4984149.0;238466.0;800
201800035143;18;10;17;920;1;2;1;1.0;3.0;21;84, R JULES BARNI;M;4988710.0;231551.0;800
201800035147;18;10;19;945;1;2;1;1.0;3.0;21;438, RTE DE ROUEN;M;4988608.0;227412.0;800
201800035148;18;10;23;1908;2;2;2;1.0;2.0;21;75, R DU CHATEAU MILAN;M;4990161.0;228423.0;800
201800035149;18;10;28;2050;5;2;3;1.0;3.0;21;37, BD BARABAN;M;4990030.0;230380.0;800
201800035154;18;11;8;1505;1;2;6;1.0;3.0;21;R D'ABBEVILLE;M;4990588.0;227124.0;800
201800035159;18;11;15;1700;1;2;3;1.0;3.0;21;R VICOMTE DE BRAGELONNE;M;4987268.0;230521.0;800
201800035163;18;11;16;1715;5;2;1;1.0;6.0;21;R LEON DUPONTREUE;M;4990572.0;231399.0;800
201800035164;18;11;18;1505;1;2;3;1.0;3.0;21;AV PAIX / R ALBERT CAMUS;M;4991167.0;230445.0;800
201800035172;18;11;30;1045;1;2;1;1.0;5.0;21;1, AV DU GENERAL FOY;M;4989318.0;228505.0;800
201800035176;18;12;6;817;1;2;1;1.0;3.0;21;133, R CAMILLE DESMOULIN;M;4988201.0;229876.0;800
201800035185;18;12;14;2030;5;2;2;1.0;3.0;21;BD FAIDHERBE / J CATELAS;M;4989650.0;228894.0;800
201800035206;18;7;30;513;3;2;1;1.0;7.0;4;SAINT SALVADOU (CH COTEA;M;4391333.0;216087.0;810
201800035207;18;8;3;740;1;2;1;1.0;1.0;4;LACOMBE (BD);M;4391969.0;213506.0;810
201800035210;18;8;20;1210;1;2;1;1.0;3.0;4;POUDRIERE (DE LA);M;4391957.0;213498.0;810
201800035246;18;3;6;745;1;2;6;1.0;3.0;33;LAFRANCAISE D45 (ROUTE D;M;4404508.0;111477.0;820
201800035283;18;6;26;750;1;2;6;1.0;6.0;121;GIRATOIRE DE LATTRE DE T;M;4401443.0;134735.0;820
201800035289;18;7;20;1651;1;2;4;1.0;6.0;121;FAUVETTES (RUE DES);M;4400506.0;136333.0;820
201800035292;18;8;11;710;1;2;1;1.0;7.0;121;COS (AVENUE DE);M;4404208.0;136790.0;820
201800035294;18;8;31;1110;1;2;2;1.0;3.0;121;GUIBERT (PLACE);M;4402017.0;135438.0;820
201800035299;18;9;23;1800;1;2;6;1.0;3.0;121;ALBI D 999 (AVENUE D');M;4400211.0;136966.0;820
201800035301;18;10;23;1700;1;2;2;1.0;3.0;121;CLEMENCEAU (RUE GEORGES);M;4401529.0;137871.0;820
201800035303;18;10;26;2230;5;2;1;1.0;3.0;121;rue du Colonel Christian;M;4402764.0;134559.0;820
201800035309;18;12;7;640;3;2;1;1.0;3.0;121;EUROPE (AVENUE DE L');M;4398045.0;133123.0;820
201800035318;18;4;29;1235;1;2;1;1.0;3.0;50;MURAIRE (BD COMTE);M;4353102.0;646573.0;830
201800035327;18;9;28;1810;1;2;1;1.0;6.0;50;ANCIENS COMBATTANTS A.F.;M;4353415.0;645806.0;830
201800035335;18;11;28;1920;3;1;1;1.0;2.0;50;SCAMARONI(AVENUE FRED);M;4352243.0;643318.0;830
201800035348;18;6;19;2100;1;1;1;1.0;3.0;61;RN7;M;4352138.0;688722.0;830
201800035354;18;8;15;1750;1;2;1;1.0;3.0;61;AVENUE EUGÔNE JOLY;M;4342472.0;673666.0;830
201800035378;18;4;28;1645;1;2;6;1.0;2.0;69;GIENS (ROUTE DE );M;4308051.0;614949.0;830
201800035403;18;7;29;1205;1;2;1;1.0;6.0;69;HUIT MAI (AVENUE DU);M;4311607.0;613147.0;830
201800035411;18;9;14;1230;1;2;3;1.0;6.0;69;QUINZIEME CORPS (RUE DU);M;4312189.0;614068.0;830
201800035433;18;5;10;1810;1;2;1;1.0;3.0;9;Bd DE LA LIBERATION;M;4314020.0;577110.0;830
201800035480;18;5;23;650;2;2;9;7.0;1.0;126;RD POINT DE PYROTECHNIE;M;4311809.0;588309.0;830
201800035488;18;9;21;1805;1;2;1;1.0;3.0;126;ANCIENS COMBATANTS D'IND;M;4310413.0;585354.0;830
201800035500;18;1;31;1740;2;2;1;1.0;3.0;137;AVE SAINT ROCH;M;4312968.0;592062.0;830
201800035508;18;2;19;640;5;2;1;2.0;2.0;62;AVENUE JEAN L'HERMINIER;M;4312863.0;601921.0;830
201800035536;18;5;9;1220;1;2;1;1.0;2.0;144;SAINTE CLAIRE (PARC);M;4313242.0;600600.0;830
201800035546;18;5;29;745;1;2;3;1.0;3.0;137;SEMORI (RUE BAPTISTIN);M;4312060.0;597578.0;830
201800035579;18;7;23;930;1;2;6;1.0;3.0;90;DELPHINIUMS (CHEMIN DES);M;4312141.0;584716.0;830
201800035581;18;7;28;2030;1;2;1;1.0;3.0;137;CASTILLON (RUE);M;4311180.0;593918.0;830
201800035586;18;8;24;1740;1;2;6;7.0;3.0;137;9EME D.I.C. (ROND POINT;M;4311851.0;594023.0;830
201800035592;18;9;11;1300;1;2;3;1.0;1.0;137;ROSERAIE (AVE DE LA);M;4312373.0;595718.0;830
201800035596;18;9;17;1700;1;2;4;1.0;3.0;137;DESCARTES (RUE / AVE);M;4312846.0;589186.0;830
201800035599;18;9;17;1700;1;2;6;1.0;3.0;137;DAVID (RUE);M;4313996.0;588860.0;830
201800035670;18;5;30;1755;1;2;1;1.0;6.0;7;Rpublique (rue de la );M;4394562.0;480566.0;840
201800035674;18;6;16;1425;1;1;9;1.0;3.0;11;ARAMON ROUTE D';M;4394766.0;478623.0;300
201800035676;18;6;28;825;1;2;6;1.0;3.0;11;TAVEL AVENUE DE;M;4396133.0;474868.0;300
201800035677;18;7;10;1000;1;2;9;1.0;2.0;351;GAMBETTA BOULEVARD LEON;M;4397560.0;478918.0;300
201800035685;18;10;16;1930;5;2;2;1.0;1.0;7;Rpublique (rue de la );M;4394554.0;480554.0;840
201800035687;18;10;29;1220;1;1;9;9.0;6.0;7;MARSEILLE (Route de );M;4392195.0;485805.0;840
201800035689;18;9;27;450;3;2;1;1.0;2.0;7;MORIERES (Route de );M;4395096.0;485169.0;840
201800035694;18;1;24;1955;5;2;1;1.0;6.0;31;HUGO AVENUE VICTOR;M;4404497.0;504848.0;840
201800035717;18;11;10;1600;1;2;2;8.0;1.0;87;SOURCES (RUE DES);M;4886272.0;228759.0;840
201800035737;18;4;22;1115;1;2;1;7.0;7.0;191;RUE CLAUDE CHAPPE;M;4670358.0;143084.0;850
201800035740;18;5;16;820;1;2;1;1.0;6.0;191;BD P. ET M. CURIE;M;4666669.0;143242.0;850
201800035744;18;6;10;1625;1;2;6;1.0;3.0;191;BOULEVARD GASTON GUITTON;M;4665981.0;-144028.0;850
201800035746;18;6;29;1515;1;2;9;7.0;3.0;191;RUE LAMARCK;M;4665433.0;-144576.0;850
201800035756;18;10;16;1815;1;2;9;1.0;3.0;191;CHEMIN DES LOUPS;M;4667715.0;-142455.0;850
201800035757;18;10;22;1545;1;2;1;1.0;3.0;191;RUE MONTREAL;M;4665497.0;-144591.0;850
201800035760;18;11;12;1830;2;2;1;1.0;1.0;191;BOULEVARD A. BRIAND;M;4666798.0;-143093.0;850
201800035767;18;12;7;1150;1;2;1;3.0;1.0;191;RUE GEORGES CLEMENCEAU;M;4667000.0;-142911.0;850
201800035778;18;3;8;1120;1;2;2;1.0;3.0;166;RUE DU MARECHAL FOCH;M;4653747.0;177638.0;850
201800035784;18;5;11;1340;1;2;2;1.0;3.0;194;RUE JOSEPH BENATIER;M;4650521.0;-180041.0;850
201800035799;18;7;24;855;1;2;1;1.0;2.0;194;ROUTE DE L'AUBRAIE;M;4651880.0;-180748.0;850
201800035804;18;8;26;900;1;2;2;1.0;3.0;60;BOULEVARD DU VENDEE GLOB;M;4649522.0;-175226.0;850
201800035806;18;9;5;1700;1;2;1;1.0;2.0;194;QUAI ERNES FRANQUEVILLE;M;4649748.0;-178657.0;850
201800035810;18;10;5;1910;1;1;1;1.0;6.0;60;PROMENADE EDOUARDHERRIOT;M;4647165.0;-174444.0;850
201800035811;18;10;9;1000;1;2;6;1.0;6.0;60;BOULEVARD VENDEE GLOBE;M;4649545.0;-175216.0;850
201800035819;18;12;21;745;5;2;1;2.0;2.0;166;RUE DES OEILLETS;M;4651341.0;-178247.0;850
201800035842;18;1;23;1930;2;2;2;2.0;1.0;194;FBG PONT  NEUF (RUE);M;4657818.0;35073.0;860
201800035843;18;1;25;1940;5;2;1;2.0;3.0;194;0, av. GUILLAUME POULLE;M;4656983.0;31506.0;860
201800035850;18;2;2;810;1;2;6;1.0;3.0;194;route   de   GENCAY;M;4657252.0;35896.0;860
201800035870;18;3;29;900;1;2;1;1.0;6.0;158;7,  POITIERS (RUE DE);M;4662766.0;30556.0;860
201800035902;18;6;18;945;1;2;1;1.0;3.0;27;LARNAY  (ROUTE DE);M;4660129.0;30493.0;860
201800035906;18;6;26;920;1;2;6;1.0;3.0;194;CHARLETTERIE (RUE DE LA);M;4659349.0;36708.0;860
201800035914;18;7;31;1030;1;2;1;7.0;3.0;194;BIGNOUX (RUE DE);M;4658429.0;39441.0;860
201800035917;18;8;10;1800;1;2;9;1.0;3.0;194;Route de Parthenay;M;4659894.0;32335.0;860
201800035956;18;11;21;1620;1;2;1;1.0;3.0;194;ALPHONSE DAUDET (RUE);M;4659247.0;36378.0;860
201800035959;18;11;15;1243;1;2;2;1.0;3.0;194;MAGENTA (RUE DE);M;4657833.0;33972.0;860
201800035960;18;11;15;1820;3;2;1;1.0;3.0;194;TISON (BOULEVARD);M;4657858.0;34023.0;860
201800035972;18;1;6;848;2;2;1;2.0;6.0;85;10, BELFORT (RUE DE);M;4584120.0;126182.0;870
201800035985;18;1;24;1711;1;2;3;1.0;3.0;85;69, LATTRE-DE-TASSIGNY (;M;4582490.0;127476.0;870
201800035988;18;1;22;1344;1;2;1;1.0;3.0;85;26, GAY-LUSSAC (COURS);M;4583630.0;126441.0;870
201800036082;18;5;23;1346;1;2;9;1.0;6.0;50;MAS-GIGOU (RUE DU);M;4586710.0;125917.0;870
201800036090;18;6;1;1700;1;2;1;1.0;6.0;85;LEOBARDY (AVE DU PROF JO;M;4580970.0;123534.0;870
201800036092;18;6;4;1731;1;2;1;1.0;6.0;85;BROGLIE (AVENUE LOUIS DE;M;4588490.0;128129.0;870
201800036103;18;6;14;835;1;2;2;1.0;3.0;85;AQUITAINE (RUE D');M;4582410.0;123827.0;870
201800036105;18;6;15;1939;1;1;1;1.0;2.0;85;GARIBALDI (AVENUE);M;4583420.0;126109.0;870
201800036120;18;7;4;1545;1;2;6;3.0;7.0;85;ARMAND (AVE Z.A.C;M;4586730.0;126936.0;870
201800036121;18;7;2;1722;1;2;1;1.0;7.0;114;RIMBAUD (ARTHUR-);M;4582840.0;130682.0;870
201800036123;18;7;8;1109;1;2;1;1.0;6.0;85;NAZARETH (RUE DE);M;4582410.0;125448.0;870
201800036138;18;7;29;1918;1;1;1;1.0;6.0;114;LAVAUD - LIEU DIT;M;4582290.0;131904.0;870
201800036146;18;8;7;908;1;2;1;1.0;3.0;85;GRAND-THEIL (RUE DU);M;4587600.0;128311.0;870
201800036150;18;8;13;2224;5;2;1;1.0;6.0;85;BEL AIR (BOULEVARD DE);M;4581990.0;124926.0;870
201800036152;18;8;18;1533;1;1;1;1.0;6.0;85;COMPOSTELLE (PLACE JACQU;M;4582950.0;127231.0;870
201800036164;18;8;29;1349;1;2;1;1.0;7.0;85;BLANC LOUIS (BOULEVARD);M;4582940.0;126248.0;870
201800036169;18;9;5;1630;1;2;3;1.0;3.0;85;RUBEN (AVENUE ERNEST);M;4582130.0;125164.0;870
201800036176;18;9;11;1741;1;2;1;1.0;6.0;85;GROSSEREIX (LIEU DIT);M;4589440.0;128909.0;870
201800036189;18;9;26;1737;1;2;1;1.0;3.0;75;RN 21;M;4579940.0;122753.0;870
201800036209;18;10;19;1731;1;2;3;1.0;3.0;85;RANSON (RUE LOUIS CASIMI;M;4582650.0;124299.0;870
201800036241;18;11;24;2055;5;2;2;1.0;3.0;85;PERRIN (RUE FRANCOIS);M;4582940.0;124469.0;870
201800036250;18;12;3;1919;2;1;1;3.0;2.0;75;RD79;M;4581910.0;118781.0;870
201800036256;18;12;7;1132;1;2;1;2.0;7.0;85;BENEDICTINS (AVENUE DES);M;4583260.0;126656.0;870
201800036280;18;7;25;1950;1;2;1;1.0;6.0;160;BLUM (AV. LEON);M;4818825.0;646425.0;880
201800036282;18;8;10;1720;1;2;1;1.0;3.0;87;DE GAULLE (RUE GENERAL-);M;4816534.0;643336.0;880
201800036285;18;9;27;1407;1;2;3;1.0;3.0;160;BLERIOT (RUE LOUIS-);M;4819980.0;645120.0;880
201800036290;18;11;20;1726;5;2;3;2.0;3.0;160;DOGNEVILLE (Q. DE);M;4818190.0;644710.0;880
201800036302;18;6;16;1530;1;2;3;1.0;6.0;413;Rue Marcel ROGE;M;4828213.0;695688.0;880
201800036303;18;6;19;1055;1;2;2;1.0;3.0;424;Rue de BROMPONT;M;4826800.0;697924.0;880
201800036304;18;7;10;2238;5;2;1;1.0;5.0;413;THIERS (RUE);M;4828861.0;694944.0;880
201800036325;18;10;8;1450;1;2;6;1.0;3.0;24;CHARLES DE GAULLE (AVENU;M;4780107.0;356770.0;890
201800036333;18;3;25;1547;1;1;4;1.0;3.0;387;1, PECHEURS (CHEMIN DES);M;4818588.0;327224.0;890
201800036340;18;6;28;1735;1;2;1;1.0;6.0;387;GARIBALDI (BOULEVARD DES;M;4819942.0;328244.0;890
201800036344;18;7;16;910;1;1;1;1.0;6.0;387;D606;M;4824348.0;325301.0;890
201800036354;18;1;16;1214;1;2;1;3.0;6.0;99;1, TURENNE (RUE DE);M;4766929.0;684212.0;900
201800036365;18;6;20;1015;1;2;9;1.0;6.0;32;REPUBLIQUE (RUE DE LA);M;4761560.0;685935.0;900
201800036369;18;7;10;1733;1;2;1;1.0;6.0;10;MOULIN (AVENUE JEAN);M;4764999.0;686286.0;900
201800036407;18;2;23;1030;1;1;1;1.0;3.0;457;RD19;M;4857545.0;227224.0;910
201800036418;18;4;14;1942;1;2;1;2.0;6.0;552;PARC (RUE DU);M;4859426.0;227118.0;910
201800036419;18;4;18;1830;1;2;1;1.0;3.0;103;DESSERTE INDUSTRIELLE  (;M;4859059.0;230199.0;910
201800036432;18;5;23;940;1;2;2;1.0;6.0;347;CENSIVE (RUE DE LA);M;4866054.0;228855.0;910
201800036470;18;9;1;1845;1;2;1;1.0;7.0;333;ROYAL (CHEMIN);M;4886272.0;228759.0;910
201800036479;18;9;20;850;1;2;1;1.0;7.0;103;COCHETS (RUE DES);M;4858789.0;229367.0;910
201800036513;18;11;18;1537;1;2;1;1.0;3.0;103;MORVAN (RUE DU);M;4858800.0;230500.0;910
201800036516;18;11;21;1840;2;2;1;1.0;5.0;457;FERTE ALAIS (ROUTE DE LA;M;4858300.0;225500.0;910
201800036539;18;5;18;1705;1;2;6;1.0;3.0;27;ALBERT SARRAULT (PLACE);M;4870890.0;238240.0;910
201800036585;18;4;3;815;1;2;1;1.0;3.0;114;MONTGERON (RUE DE);M;4869160.0;249360.0;910
201800036593;18;5;2;1525;1;2;1;1.0;2.0;215;QUINCY (RUE DE);M;4868630.0;251150.0;910
201800036594;18;5;5;1650;1;2;6;1.0;3.0;514;BRUNOY (RUE DE);M;4867835.0;252729.0;910
201800036618;18;12;7;1255;1;2;6;2.0;3.0;114;PIERRE PROST (AVENUE);M;4869000.0;249000.0;910
201800036621;18;3;16;1235;1;2;6;9.0;2.0;174;08 MAI 1945 (AVENUE);M;4861086.0;245334.0;910
201800036633;18;8;16;1825;1;2;2;1.0;3.0;174;rue gustave courbet;M;4861584.0;246587.0;910
201800036640;18;11;5;730;1;2;1;1.0;3.0;174;champlouis;M;4860923.0;248021.0;910
201800036678;18;9;30;1720;1;2;2;1.0;2.0;657;COLCHIQUE (RUE DU);M;4868867.0;244329.0;910
201800036687;18;1;5;1220;1;1;1;2.0;3.0;223;RD 63;M;4841457.0;219726.0;910
201800036705;18;4;20;2015;1;2;2;1.0;3.0;223;HAUT PAVE (RUE DU);M;4842988.0;214790.0;910
201800036721;18;6;15;1505;1;2;1;1.0;6.0;223;SAINT MICHEL (BOULEVARD);M;4844533.0;217067.0;910
201800036733;18;8;4;2235;4;2;1;1.0;7.0;223;CROIX DE VERNAILLES (RUE;M;4844000.0;216000.0;910
201800036736;18;9;6;920;1;2;1;1.0;2.0;223;JUIVERIE (RUE DE LA);M;4843373.0;216133.0;910
201800036746;18;10;16;1300;1;2;3;1.0;2.0;223;REPUBLIQUE (RUE DE LA);M;4843171.0;217015.0;910
201800036757;18;11;26;751;5;1;3;2.0;3.0;469;ARTONDU (ROUTE D') RD49;M;4841640.0;214807.0;910
201800036766;18;5;4;2245;5;2;2;1.0;3.0;521;GAMBETTA (AVENUE);M;4865609.0;241385.0;910
201800036772;18;5;23;830;1;2;1;1.0;2.0;228;MARECHAL LECLERC (BD);M;4862762.0;244692.0;910
201800036823;18;5;11;820;1;2;3;1.0;3.0;687;HUSSON (BOULEVARD);M;4867680.0;238041.0;910
201800036859;18;9;10;1810;1;2;3;1.0;1.0;687;GENERAL DE GAULLE (AVENU;M;4868135.0;237866.0;910
201800036860;18;9;21;700;5;2;6;2.0;1.0;286;PLESSIS (CHEMIN DU);M;4865047.0;238749.0;910
201800036867;18;10;4;1734;1;2;1;7.0;1.0;687;MARGOT (RUE);M;4867113.0;237149.0;910
201800036869;18;10;5;1300;1;2;2;1.0;3.0;434;FORET (AVENUE DE LA);M;4865178.0;236084.0;910
201800036911;18;7;19;1600;1;2;1;1.0;3.0;161;PIERRE BROSSOLETTE (AVEN;M;4869961.0;231114.0;910
201800036922;18;10;10;1315;1;2;1;1.0;3.0;161;LONGJUMEAU (route de);M;4871316.0;229806.0;910
201800036943;18;6;27;710;1;2;6;1.0;3.0;377;ALLENDE (AVENUE DU PRESI;M;4873000.0;226130.0;910
201800036948;18;9;13;2000;5;2;3;1.0;3.0;689;BIGOURDAN (RUE GUILLAUME;M;4873380.0;233510.0;910
201800036985;18;5;8;1010;1;2;1;1.0;1.0;421;CHATEAU (ROUTE FORESTIER;M;4869514.0;246495.0;910
201800036990;18;6;7;810;1;2;3;1.0;1.0;691;GOURGAUD(AVENUE);M;4873173.0;250855.0;910
201800036999;18;7;11;1640;1;2;2;1.0;3.0;691;RAYMOND POINCARE(RUE);M;4870993.0;249876.0;910
201800037001;18;8;17;1910;1;2;6;1.0;3.0;691;GAMBETTA(PLACE);M;4870122.0;248651.0;910
201800037018;18;11;12;1745;5;2;6;1.0;3.0;691;ROND POINT DU QUEBEC;M;4870690.0;249630.0;910
201800037033;18;12;4;1800;2;2;1;1.0;6.0;692;BERRY (AVENUE DU);M;4868271.0;216715.0;910
201800037035;18;1;5;730;5;2;6;1.0;3.0;477;STALINGRAD (AVENUE DE);M;4871420.0;225825.0;910
201800037038;18;3;25;715;5;2;1;1.0;3.0;477;54, GUTEMBERG (RUE);M;4871058.0;225265.0;910
201800037043;18;5;3;755;1;2;1;1.0;7.0;477;MARNIERES (rue des);M;4879117.0;228141.0;910
201800037049;18;6;25;1320;1;2;1;1.0;7.0;477;LOZERE (BOULEVARD DE);M;4870575.0;223094.0;910
201800037065;18;3;3;1930;3;2;1;1.0;3.0;549;JACQUES DUCLOS (AVENU;M;4863532.0;235358.0;910
201800037070;18;5;4;1218;1;2;6;1.0;3.0;549;PRESIDENT SALVADOR ALLEN;M;4864078.0;232590.0;910
201800037077;18;10;16;1035;1;2;6;2.0;3.0;549;JARDIN PUBLIC (RUE DU);M;4864876.0;231834.0;910
201800037079;18;10;9;1735;1;2;1;1.0;3.0;570;CONDORCET (AVENUE);M;4862249.0;232111.0;910
201800037125;18;10;31;1400;1;2;6;2.0;3.0;589;ARMEE LECLERC (AVENUE DE;M;4869176.0;234047.0;910
201800037157;18;7;6;1330;1;2;2;1.0;3.0;14;FONTENAY (RUE);M;4878489.0;230974.0;920
201800037163;18;8;2;745;1;2;1;1.0;3.0;2;RAYMON ARON (AVENUE);M;4876897.0;231127.0;920
201800037167;18;8;28;1900;1;2;1;1.0;3.0;2;DIVISION LECLERC (31 A 5;M;4875154.0;230459.0;920
201800037170;18;9;7;855;1;2;2;1.0;3.0;14;GENERAL LECLERC (AV.) (5;M;4878242.0;231643.0;920
201800037173;18;9;20;910;1;2;2;1.0;3.0;2;LEON BLUM (AVENUE);M;4876249.0;230267.0;920
201800037180;18;10;10;1838;1;2;6;1.0;3.0;2;ELEFTHEROUPOLIS;M;4876519.0;230594.0;920
201800037186;18;10;17;1705;1;2;1;1.0;6.0;14;FONTENAY (RUE);M;4878394.0;231372.0;920
201800037234;18;2;3;1755;1;2;1;1.0;6.0;4;6, HENIR BARBUSSE ( AVEN;M;;;920
201800037238;18;3;30;2350;5;2;1;1.0;6.0;4;21, NANTERRE ( DE 01 A 4;M;4890970.0;228033.0;920
201800037255;18;8;4;1300;1;2;3;1.0;3.0;4;MARNE   ( AVENUE DE LA );M;4890839.0;228461.0;920
201800037256;18;8;8;2050;2;2;2;1.0;2.0;4;VOLTAIRE ( BD );M;4891514.0;229359.0;920
201800037263;18;6;13;1900;1;2;1;1.0;6.0;4;60, ARGENTEUIL AV D';M;4891310.0;228432.0;920
201800037295;18;9;13;1740;1;2;1;1.0;7.0;4;FRERES CHAUSSON (RUE);M;4891627.0;228939.0;920
201800037341;18;10;19;1435;1;2;3;1.0;3.0;4;VOLTAIRE ( BD 16 A FIN );M;4891375.0;229546.0;920
201800037403;18;1;30;845;1;2;2;1.0;3.0;12;37, AGUESSEAU (RUE D') 1;M;;;920
201800037420;18;3;26;1940;2;2;3;1.0;3.0;12;ANDRE MORIZET (AVENUE) 1;M;4883586.0;223910.0;920
201800037422;18;4;5;1305;1;2;1;1.0;2.0;12;21, QUATRE SEPTEMBRE (QU;M;4884610.0;222705.0;920
201800037427;18;4;13;925;1;2;1;1.0;2.0;12;52, ANDRE MORIZET (AVENU;M;4883693.0;223655.0;920
201800037433;18;5;2;520;2;2;2;1.0;3.0;12;PIERRE GRENIER (AVENUE);M;4883205.0;225305.0;920
201800037438;18;5;13;2035;1;2;2;1.0;3.0;12;EDOUARD VAILLANT (AVENUE;M;4883465.0;224634.0;920
201800037459;18;6;27;1700;1;2;1;1.0;3.0;12;20, SAUSSIERE (RUE DE LA;M;4883879.0;224000.0;920
201800037479;18;8;23;1345;1;2;2;1.0;3.0;12;BELLEVUE (RUE DE) 1/71BI;M;4883543.0;223073.0;920
201800037484;18;9;8;1705;1;2;3;1.0;3.0;12;PIERRE GRENIER (AVENUE);M;4882687.0;224943.0;920
201800037499;18;10;4;955;2;2;1;1.0;3.0;75;VICTOR HUGO (AVENUE);M;4882210.0;228530.0;920
201800037505;18;10;13;1740;1;2;2;1.0;3.0;12;GENERAL LECLERC (AVENUE;M;4883186.0;223736.0;920
201800037545;18;5;24;815;1;2;3;1.0;3.0;19;RENOIR AUGUSTE (ALLEE);M;4876489.0;226539.0;920
201800037568;18;2;1;845;1;2;2;3.0;3.0;23;00, MOULIN DE PIERRE (RU;M;4880765.0;226395.0;920
201800037610;18;6;8;1640;1;2;1;1.0;1.0;23;54, GENERAL DE GAULLE (A;M;4879242.0;226842.0;920