Num_Acc;an;mois;jour;hrmn;lum;agg;int;atm;col;com;adr;gps;lat;long;dep
201800037621;18;6;30;230;5;2;9;1.0;2.0;23;39, CHATILLON (RUE DE);M;4880492.0;226879.0;920
201800037622;18;6;13;1810;1;2;4;1.0;6.0;23;0, PAUL ANDRILLON (RUE);M;4878026.0;222846.0;920
201800037628;18;6;29;1005;1;2;1;1.0;6.0;60;9, PAUL LANGEVIN (AVENUE;M;4878194.0;225273.0;920
201800037634;18;7;3;905;1;2;3;1.0;3.0;23;38, FLEURY (RUE DE);M;4881226.0;226194.0;920
201800037637;18;7;28;1430;1;2;1;1.0;2.0;23;HENRI BARBUSSE (AVENUE);M;4880699.0;225884.0;920
201800037658;18;12;5;2110;5;1;1;1.0;3.0;23;PIERRE LOUVRIER (RUE);M;4880509.0;227204.0;920
201800037667;18;1;5;1325;1;2;1;1.0;3.0;24;3, MADAME DE SANZILLON (;M;4890330.0;231363.0;920
201800037681;18;4;4;1320;1;2;2;1.0;3.0;24;60, CLICHY (QUAI DE) DE;M;4890766.0;229881.0;920
201800037688;18;4;28;1230;1;2;6;1.0;4.0;24;36, ASNIERES (ROUTE D');M;4890322.0;228989.0;920
201800037689;18;4;7;1150;1;2;1;1.0;3.0;24;16, LEON GAMBETTA (ALLEE;M;4890199.0;230909.0;920
201800037695;18;5;2;2125;5;2;2;2.0;3.0;24;95, VICTOR HUGO (BD);M;4890083.0;231546.0;920
201800037700;18;5;17;1730;1;2;1;1.0;3.0;24;44, MARTRE DE (4 A 54);M;4890023.0;230886.0;920
201800037708;18;8;6;1915;1;2;3;1.0;6.0;24;MARTRE DE (4 A 54);M;4886272.0;228759.0;920
201800037716;18;6;10;1855;1;2;2;1.0;3.0;24;67, JEAN JAURES (BD) DE;M;4890122.0;230506.0;920
201800037721;18;8;28;1550;1;2;2;1.0;2.0;24;LANDY (RUE DU) DE (1 A 1;M;4890436.0;230455.0;920
201800037724;18;9;8;1125;1;2;1;1.0;3.0;24;MARTRE (RUE) DE (59 A 10;M;4890531.0;230442.0;920
201800037743;18;11;14;1230;1;2;1;1.0;3.0;24;CASTERES (RUE);M;4889920.0;230333.0;920
201800037792;18;4;22;1910;1;2;1;1.0;1.0;25;44, CHARLES DE GAULLE (B;M;4892440.0;222000.0;920
201800037815;18;6;25;1720;1;2;2;1.0;1.0;25;ROUGET DE L'ISLE (RUE);M;4892440.0;225933.0;920
201800037830;18;7;17;1300;1;2;1;1.0;1.0;25;44, EDGARD QUINET (BD);M;;;920
201800037862;18;10;20;1800;2;2;1;1.0;6.0;25;MARECHAL JOFFRE (RUE DU);M;4891000.0;222000.0;920
201800037926;18;6;11;1840;1;2;1;3.0;3.0;26;111, SAINT-DENIS BD DE (;M;4889000.0;226000.0;920
201800037935;18;7;5;1805;1;2;1;1.0;1.0;26;6, SAINT THOMASEN ARGONN;M;4889904.0;226162.0;920
201800037942;18;7;22;1800;1;2;2;1.0;3.0;26;68, BEZONS (DE 23 A FIN);M;4892568.0;221584.0;920
201800037948;18;9;3;2025;5;2;1;1.0;2.0;26;SAINT-DENIS BD (120 A 17;M;4889921.0;226679.0;920
201800037950;18;8;1;1840;1;2;1;1.0;2.0;26;VERDUN (DE 62 A FIN);M;4890315.0;225801.0;920
201800037996;18;3;9;1830;2;2;1;2.0;6.0;26;PRÉSIDENT PAUL DOUMER (Q;M;4888770.0;225310.0;920
201800038006;18;8;24;915;1;2;1;1.0;7.0;62;LA GRANDE ARCHE;M;4889000.0;223000.0;920
201800038007;18;8;29;20;5;1;1;1.0;7.0;62;PARVIS (LE);M;4889247.0;223697.0;920
201800038012;18;11;9;1800;5;2;1;1.0;7.0;62;CARPEAUX (PLACE);M;4889000.0;223000.0;920
201800038049;18;10;20;1830;2;2;1;1.0;3.0;35;Verdun 1916 ( avenue de;M;4890659.0;223818.0;920
201800038053;18;11;8;1715;2;2;4;1.0;4.0;35;Château ( rue du );M;4890635.0;225558.0;920
201800038112;18;6;15;2130;5;2;1;1.0;2.0;36;0, MARCEL PAUL (AVENUE);M;4800000.0;220000.0;920
201800038123;18;7;12;1040;1;2;2;1.0;3.0;36;4, LOUIS ROCHE (AVENUE);M;4892343.0;232122.0;920
201800038144;18;10;3;1030;1;2;2;1.0;3.0;36;DIX NEUF  MARS 1962 (RUE;M;4891890.0;229917.0;920
201800038146;18;10;8;1940;5;2;1;1.0;6.0;36;LUCIEN LANTERNIER (AVENU;M;4893252.0;229159.0;920
201800038207;18;5;14;1915;1;2;4;2.0;3.0;40;11, ARCHES d'ISSY;M;4882277.0;226347.0;920
201800038208;18;5;16;1730;1;2;1;1.0;2.0;40;38, ARISTIDE BRIAND;M;4882100.0;225924.0;920
201800038222;18;8;27;1935;1;2;1;1.0;3.0;40;ROUGET DE L'ISLE;M;4882867.0;226493.0;920
201800038223;18;9;3;940;1;2;1;1.0;6.0;40;STALINGRAD (QUAI DE);M;4882835.0;226037.0;920
201800038226;18;9;19;1710;1;2;1;1.0;2.0;40;ERNEST RENAN;M;4882911.0;228282.0;920
201800038227;18;9;25;1044;1;2;1;1.0;6.0;40;GAMBETTA (BOULEVARD);M;4882734.0;227745.0;920
201800038234;18;10;15;1537;1;2;1;1.0;3.0;40;QUATRE SEPTEMBRE (DU);M;4882843.0;228571.0;920
201800038238;18;11;21;900;1;2;7;1.0;7.0;40;RESISTANCE (PLACE DE LA);M;4882118.0;225077.0;920
201800038272;18;4;14;1414;1;2;9;1.0;3.0;44;4, PDT WILSON(RUE)23A49;M;4889276.0;228547.0;920
201800038278;18;5;7;1945;1;2;1;1.0;3.0;44;160, VIC. HUGO(RUE)115A1;M;4889276.0;228547.0;920
201800038291;18;5;6;1200;1;2;1;1.0;6.0;44;4, CLAUDE MONET(ROND POI;M;4889276.0;228547.0;920
201800038292;18;5;27;1845;1;2;1;1.0;3.0;44;45, MICHELET(QUAI) 2 A 3;M;4889276.0;228547.0;920
201800038295;18;7;6;1650;1;2;1;1.0;2.0;44;87, J. GUESDE(RUE)71A101;M;4889276.0;228547.0;920
201800038297;18;6;5;1755;1;2;1;1.0;6.0;44;88 PDT WILSON(RUE)77A10;M;4889276.0;228547.0;920
201800038306;18;8;20;1015;1;2;4;1.0;1.0;44;VIC. HUGO(RUE)091A113 ET;M;4889753.0;229521.0;920
201800038307;18;8;21;1110;1;2;3;1.0;2.0;44;JEAN JAURES(RUE) 1A55 ET;M;4889228.0;229351.0;920
201800038321;18;9;8;1800;1;2;2;1.0;3.0;44;PDT WILSON(RUE) 2A24 ET;M;4889276.0;228547.0;920
201800038322;18;9;26;1245;1;2;2;1.0;3.0;44;MARIUS AUFAN(RUE) 69+ ET;M;4889495.0;228091.0;920
201800038323;18;10;2;1920;2;1;2;2.0;1.0;44;CAMILLE PELLETAN(RUE)17;M;4889597.0;229023.0;920
201800038357;18;3;14;1529;1;2;2;1.0;6.0;48;32, REPUBLIQUE (RUE DE L;M;4880790.0;223595.0;920
201800038375;18;7;1;950;1;2;2;1.0;3.0;48;., GENERAL LECLERC (PLAC;M;4881772.0;220428.0;920
201800038389;18;11;1;1900;5;2;1;2.0;3.0;48;MAL DE LATTRE DE TASSIGN;M;4878754.0;223418.0;920
201800038420;18;3;16;2005;5;2;1;2.0;7.0;20;36, BROSSOLETTE RUE PIER;M;4880103.0;228107.0;920
201800038439;18;5;28;1830;1;2;2;2.0;3.0;49;REPUBLIQUE AVENUE DE LA;M;4881835.0;231959.0;920
201800038483;18;9;18;825;1;2;9;1.0;3.0;49;PERIER RUE N°35 A 88 ET;M;4881437.0;231519.0;920
201800038485;18;9;21;1510;1;2;1;1.0;3.0;49;BRIAND AVENUE ARISTIDE N;M;4881254.0;232614.0;920
201800038509;18;11;10;1050;1;2;1;3.0;3.0;49;REPUBLIQUE AVENUE DE LA;M;4881513.0;231761.0;920
201800038515;18;11;29;1330;1;2;1;1.0;3.0;20;PARIS AVENUE DE N°2 A82;M;4880625.0;229215.0;920
201800038523;18;12;22;1130;1;2;1;1.0;3.0;20;VERDUN AVENUE DE N°2 A 2;M;4880340.0;228790.0;920
201800038530;18;1;13;1555;1;2;2;1.0;3.0;50;VIEUX PONT RUE DU;M;4888975.0;218680.0;920
201800038566;18;5;9;1655;1;2;1;1.0;2.0;50;113, AVENUE PABLO PICASS;M;4888858.0;222410.0;920
201800038581;18;6;1;1950;1;2;1;2.0;6.0;50;17, FAURE FELIX AVENUE;M;;;920
201800038588;18;6;20;1600;1;2;7;1.0;1.0;50;néant, PLACE PLAIN CHAMP;M;4889140.0;220025.0;920
201800038622;18;9;15;1345;1;2;1;1.0;1.0;50;LENINE VLADIMIR ILITCH A;M;4888800.0;219306.0;920
201800038629;18;10;5;1630;1;2;1;1.0;3.0;50;BALZAC HONORE DE BOULEVA;M;4889487.0;20937.0;920
201800038633;18;10;12;825;1;2;4;2.0;3.0;50;LEMAITRE THOMAS RUE;M;4888856.0;219391.0;920
201800038634;18;10;12;1345;1;2;1;8.0;6.0;50;COMMUNE DE PARIS AVENUE;M;4889000.0;219000.0;920
201800038643;18;11;4;1200;1;2;1;1.0;3.0;50;LENINE VLADIMIR ILITCH A;M;4888000.0;218000.0;920
201800038672;18;2;21;1815;2;2;1;1.0;6.0;51;112, ACHILLE PERETTI (AV;M;4888580.0;227047.0;920
201800038678;18;3;19;1230;1;2;1;8.0;3.0;51;90, MAURICE BARRES (BOUL;M;;;920
201800038699;18;5;25;1630;1;2;1;3.0;1.0;51;11, CHARTRES (RUE DE );M;4888007.0;279664.0;920
201800038711;18;9;5;915;1;2;1;1.0;3.0;51;ROULE (AVENUE DU, N° 29;M;4888224.0;227859.0;920
201800038721;18;10;10;805;1;2;1;1.0;3.0;51;ROULE (AVENUE DU, N° 29;M;;;920
201800038726;18;11;5;2245;5;2;3;1.0;3.0;51;GENERAL LECLERC (BOULEVA;M;4889025.0;226093.0;920
201800038740;18;2;2;950;1;2;1;1.0;6.0;62;34, VOILIN (RUE LUCIEN);M;4888202.0;223472.0;920
201800038752;18;5;4;1645;1;2;1;1.0;7.0;62;159, PDT WILSON (Avenue);M;4888456.0;222673.0;920
201800038759;18;6;15;830;1;2;1;1.0;2.0;62;10, PARMENTIER (RUE);M;4887779.0;223992.0;920
201800038762;18;6;26;2010;1;2;2;1.0;3.0;62;42, BAS-ROGERS (RUE DES);M;4888124.0;222643.0;920
201800038775;18;10;6;1740;1;2;2;1.0;3.0;62;PUTEAUX (PONT DE);M;4887000.0;224000.0;920
201800038816;18;5;24;840;1;2;2;1.0;6.0;63;****, JUIN (AVENUE DU MA;M;4888142.0;218412.0;920
201800038824;18;6;7;810;1;2;3;1.0;3.0;63;PEREIRE (RUE);M;4888946.0;217882.0;920
201800038826;18;6;8;745;1;2;3;1.0;3.0;63;DIX-HUIT ARPENTS (;M;4886469.0;218833.0;920
201800038838;18;7;26;750;1;2;6;1.0;3.0;63;BRU (PLACE DU DOCTEUR JE;M;4887615.0;220088.0;920
201800038845;18;9;18;1730;1;2;2;1.0;3.0;63;COLMAR (AVENUE DE);M;4888706.0;217946.0;920
201800038853;18;10;1;810;1;2;1;1.0;6.0;63;HOPITAL STELL (BOULEVARD;M;4887681.0;218631.0;920
201800038913;18;5;22;1335;1;2;2;1.0;3.0;64;DAILLY;M;4884587.0;221877.0;920
201800038927;18;6;23;1040;1;2;3;7.0;3.0;33;4, GUSTAVE LAMBERT;M;4884062.0;219357.0;920
201800038935;18;8;1;1005;1;1;1;1.0;6.0;64;PARC SAINT CLOUD;M;4882993.0;222148.0;920
201800038955;18;9;20;1330;1;2;6;1.0;3.0;76;LA CELLE SAINT CLOUD;M;4884663.0;216936.0;920
201800038967;18;10;23;1715;1;2;1;1.0;6.0;64;PARC SAINT CLOUD;M;4883541.0;221716.0;920
201800038979;18;12;17;2250;5;2;9;2.0;1.0;47;JARDY;M;4883199.0;215300.0;920
201800038985;18;2;2;840;1;2;1;2.0;3.0;72;PERI (PLACE GABRIEL);M;4882194.0;220661.0;920
201800038995;18;3;9;925;1;2;6;1.0;3.0;22;MANEYROL (RUE ALEXIS);M;4880051.0;218932.0;920
201800039006;18;4;23;805;1;2;1;1.0;6.0;72;48, GRANDE RUE;M;4882480.0;221378.0;920
201800039008;18;5;10;1255;1;2;1;1.0;6.0;72;1, GRANDE RUE;M;4882711.0;222347.0;920
201800039009;18;5;15;930;1;2;9;1.0;2.0;22;1332, SALENGRO (AVENUE R;M;4881014.0;219036.0;920
201800039024;18;7;21;115;5;2;6;1.0;7.0;72;Rond Point des Bruyèr;M;4881139.0;221147.0;920
201800039026;18;7;30;1832;1;2;1;1.0;3.0;77;SEVRES (RUE DE);M;4882690.0;218910.0;920
201800039028;18;7;23;1230;1;2;1;1.0;3.0;22;39, FRANCE (RUE ANATOLE);M;4880300.0;218837.0;920
201800039030;18;8;29;1350;1;2;1;2.0;6.0;22;FRANCE (RUE ANATOLE);M;4880361.0;218819.0;920
201800039038;18;10;3;2035;5;2;9;1.0;1.0;72;TROYON (RUE);M;4862677.0;222488.0;920
201800039039;18;10;4;810;1;2;6;1.0;3.0;72;LECLERC (AVENUE DE LA DI;M;;;920
201800039041;18;10;11;1555;1;2;9;1.0;7.0;22;SALENGRO (AVENUE ROGER);M;4881093.0;219156.0;920
201800039042;18;10;18;1725;1;2;1;1.0;2.0;72;GRANDE RUE;M;4882726.0;222271.0;920
201800039057;18;1;11;750;5;2;1;8.0;3.0;73;77, SELLIER (BOULEVARD H;M;4886625.0;222066.0;920
201800039097;18;11;8;1020;1;2;4;1.0;3.0;73;CHENES (RUE DES);M;4888100.0;222771.0;920
201800039114;18;1;22;850;1;2;1;2.0;3.0;46;37, Paul vaillant coutur;M;4881320.0;229680.0;920
201800039116;18;2;14;1445;1;2;1;1.0;2.0;46;8, BERANGER (RUE);M;4882129.0;230368.0;920
201800039123;18;4;3;840;2;2;1;1.0;7.0;75;34, ANTOINE FRATACCI (RU;M;4882104.0;228842.0;920
201800039126;18;4;10;1433;1;2;1;1.0;7.0;75;3, QUATRE SEPTEMBRE (RUE;M;4882672.0;228626.0;920
201800039128;18;3;21;750;2;2;2;1.0;3.0;46;1, GABRIEL PERI (BOULEVA;M;4881930.0;229540.0;920
201800039138;18;5;4;940;1;2;1;1.0;6.0;46;126, GABRIEL PERI;M;4881932.0;230464.0;920
201800039140;18;6;29;1100;1;2;2;1.0;7.0;75;1, FABIEN (BOULEVARD DU;M;4881420.0;227810.0;920
201800039142;18;6;26;835;1;2;2;1.0;3.0;75;1, FABIEN (BOULEVARD DU;M;4881332.0;227917.0;920
201800039143;18;6;22;830;1;2;3;1.0;3.0;75;1, GUY MOQUET (RUE);M;4881779.0;230169.0;920
201800039145;18;7;5;1010;1;2;1;1.0;7.0;75;16, RAYMOND MARCHERON (R;M;4881879.0;228596.0;920
201800039150;18;6;28;930;1;2;2;1.0;3.0;75;1, JULES GUESDE (RUE);M;4848426.0;216504.0;920
201800039151;18;7;10;1830;1;2;4;1.0;3.0;46;1, CAMELINAT;M;4848590.0;217425.0;920
201800039156;18;10;3;910;1;2;3;2.0;7.0;75;PIERRE BROSSOLETTE (AVEN;M;;;920
201800039159;18;10;6;40;5;2;3;1.0;3.0;75;PIERRE BROSSOLETTE (AVEN;M;4881172.0;230035.0;920
201800039160;18;10;4;950;1;2;3;1.0;3.0;75;VICTOR HUGO (AVENUE);M;4882219.0;228530.0;920
201800039161;18;10;9;1625;1;2;3;1.0;1.0;75;PAUL BERT (RUE);M;4881770.0;229566.0;920
201800039169;18;11;26;1825;5;2;2;1.0;3.0;75;ANTOINE FRATACCI (RUE);M;4882210.0;228534.0;920
201800039173;18;12;21;825;2;2;2;2.0;1.0;46;CAMELINAT;M;4881800.0;229225.0;920
201800039174;18;12;22;930;1;2;2;1.0;3.0;75;FABIEN (BOULEVARD DU COL;M;4881165.0;228068.0;920
201800039193;18;6;21;1940;1;2;1;1.0;3.0;78;104, VERDUN (AVENUE) (IM;M;4893485.0;232064.0;920
201800039222;18;2;3;1345;1;2;2;8.0;3.0;1;1, PRESIDENT ROOSEVELT (;M;4800000.0;230000.0;930
201800039229;18;2;22;1310;1;2;1;1.0;3.0;1;72, HENRI BARBUSSE (RUE);M;4890700.0;239000.0;930
201800039244;18;4;19;1700;1;2;2;1.0;6.0;1;REPUBLIQUE (AVENUE DE LA;M;;;930
201800039265;18;6;12;30;5;2;1;2.0;3.0;1;108, VICTOR HUGO (AVE);M;;;930
201800039267;18;6;18;1430;1;2;1;1.0;6.0;1;57, ANATOLE FRANCE  (BLD;M;4891931.0;238253.0;930
201800039283;18;7;29;1230;1;2;1;1.0;3.0;1;PONT BLANC.CHARLES TILLO;M;4891770.0;239363.0;930
201800039288;18;8;6;1825;1;2;1;1.0;3.0;1;GARDINOUX (RUE DES);M;4890653.0;237055.0;930
201800039333;18;12;17;2232;5;2;1;1.0;6.0;1;HAIE COQ (RUE DE LA ) 93;M;4890726.0;237295.0;930
201800039341;18;1;31;1020;1;2;9;3.0;3.0;5;ANATOLE FRANCE (AVENUE);M;4893947.0;249578.0;930
201800039347;18;3;7;1555;1;2;1;4.0;3.0;5;45, DIVISION LECLERC (RU;M;4892596.0;248667.0;930
201800039363;18;4;24;2110;5;2;1;1.0;6.0;5;EUGENE SCHUELLER (PASSAG;M;;;930
201800039377;18;5;28;1132;1;2;1;1.0;1.0;5;CHARLES GOUPPY (RUE);M;;;930
201800039401;18;7;22;1630;1;2;3;1.0;1.0;5;CLOCHER (AVENUE DU);M;;;930
201800039407;18;8;9;1815;1;2;1;1.0;3.0;5;JEAN CHARCOT [CD115] (RU;M;4896422.0;249144.0;930
201800039422;18;9;13;820;1;2;1;2.0;2.0;5;JACQUES DUCLOS [CD44] (R;M;;;930
201800039426;18;9;25;1750;1;2;1;1.0;6.0;5;MITRY [CD115] (RUE DE);M;;;930
201800039433;18;10;15;1800;1;2;6;1.0;3.0;5;MAXIMILIEN ROBESPIERRE (;M;;;930
201800039447;18;12;19;750;2;2;1;8.0;3.0;5;MITRY [CD115] (RUE DE);M;4894804.0;251327.0;930
201800039567;18;6;30;1645;1;2;1;1.0;1.0;8;165, PARIS (RUE DE);M;;;930
201800039578;18;9;8;1202;1;2;4;7.0;6.0;8;GROSLAY (CHEMIN DE) D20;M;4891042.0;247412.0;930
201800039630;18;5;4;1445;1;2;1;1.0;2.0;10;24, BLUM (AV. LEON);M;4891709.0;247952.0;930
201800039639;18;6;17;1944;1;2;3;1.0;1.0;10;SAINT-LOUIS PROLONGE (RU;M;;;930
201800039724;18;6;15;1503;1;2;4;1.0;6.0;14;VIEILLE MONTAGNE (CHEMIN;M;;;930
201800039734;18;7;15;2045;1;2;9;1.0;3.0;47;CLICHY (AVENUE DE);M;4890500.0;255880.0;930
201800039749;18;10;16;1840;1;2;2;1.0;3.0;47;GERANIUMS (AVENUE DES);M;4889894.0;255039.0;930
201800039750;18;10;18;1115;1;2;3;1.0;6.0;14;CHENE POINTU (ALLEE DU);M;4890304.0;254484.0;930
201800039808;18;6;24;1630;1;2;1;1.0;3.0;27;9, MOULIN-NEUF (RUE DU);M;4892768.0;238359.0;930
201800039900;18;7;8;1730;1;2;3;1.0;3.0;29;36, GEORGES MARIE;M;4893388.0;245104.0;930
201800039927;18;11;12;710;3;2;9;2.0;3.0;29;SAINT-STENAY;M;4891871.0;242159.0;930
201800039937;18;12;24;1510;1;2;2;1.0;3.0;29;BOIS DE GROSLAY (DES);M;4891759.0;246759.0;930
201800039946;18;1;30;1820;5;2;2;2.0;2.0;79;0, DIVISION LECLERC (AV);M;4894932.0;234193.0;930
201800039962;18;5;25;2005;2;2;2;2.0;3.0;31;132, JOFFRE (AVENUE);M;4896169.0;229530.0;930
201800040006;18;10;12;1900;5;2;3;1.0;3.0;31;DE LATTRE DE TASSIGNY (1;M;4895504.0;231199.0;930
201800040082;18;2;2;920;1;2;1;8.0;2.0;61;FAIDHERBE AVENUE;M;4888311.0;241136.0;930
201800040085;18;2;5;810;1;2;1;1.0;3.0;6;69, GAMBETTA AV.;M;4887050.0;241700.0;930
201800040145;18;12;6;1730;2;2;2;1.0;3.0;45;PARIS RUE DE;M;4886666.0;241667.0;930
201800040160;18;2;3;1910;5;2;2;2.0;3.0;46;73, PAUL BERT AVENUE;M;4892067.0;252056.0;930
201800040182;18;4;11;1620;1;2;1;1.0;3.0;46;47 BIS, JOSEPH NOIZE ALL;M;4892264.0;253607.0;930
201800040202;18;6;14;1620;1;2;2;1.0;3.0;46;0, ROGER SALENGRO BOULEV;M;4891148.0;252843.0;930
201800040213;18;7;23;1100;1;2;3;1.0;1.0;74;BOUCHER RUE ALEXANDRE;M;;;930
201800040233;18;10;1;925;1;2;1;1.0;3.0;46;LUCIE AUBRAC ALLEE;M;4893280.0;254410.0;930
201800040308;18;5;18;1805;1;2;3;1.0;3.0;48;148, THEOPHILE SUEUR (BO;M;4886032.0;246642.0;930
201800040335;18;7;24;1940;1;2;5;1.0;3.0;48;CHANZY (BOULEVARD);M;;;930
201800040337;18;8;3;1415;1;2;2;1.0;1.0;48;KLEBER (RUE);M;4885490.0;243494.0;930
201800040338;18;8;16;1055;1;2;8;1.0;6.0;48;CHANZY (BOULEVARD);M;4885000.0;243000.0;930
201800040425;18;7;2;920;1;2;1;1.0;3.0;49;9, PELOUSE (RUE);M;4846000.0;250000.0;930
201800040437;18;8;30;1850;1;2;3;1.0;1.0;50;PIERRE BROSSOLETTE (RUE);M;4885623.0;253731.0;930
201800040439;18;9;17;1500;1;2;1;1.0;3.0;50;JEAN JAURES (AVENUE) COT;M;4886540.0;256358.0;930
201800040459;18;12;19;1930;5;2;2;8.0;1.0;50;PAUL ET CAMILLE THOMOUX;M;4886507.0;252936.0;930
201800040487;18;7;19;1950;1;2;3;1.0;1.0;51;FERNAND LEGER (ALLEE);M;4884032.0;255690.0;930
201800040489;18;8;2;1815;1;2;1;1.0;3.0;51;MONGE;M;4884252.0;254567.0;930
201800040490;18;8;4;1100;1;2;2;1.0;1.0;51;MEDERIC (AVENUE);M;4882921.0;257012.0;930
201800040493;18;9;5;1435;1;2;1;1.0;3.0;51;MONT D'EST (BD);M;4884310.0;254470.0;930
201800040521;18;12;15;1540;1;2;1;2.0;3.0;51;UNIVERSITE;M;4883780.0;256760.0;930
201800040534;18;7;22;2245;5;2;1;1.0;2.0;53;ANATOLE FRANCE (RUE);M;4880000.0;244000.0;930
201800040544;18;9;8;2057;1;2;6;1.0;6.0;53;MARCEAU (AVENUE);M;4889201.0;246702.0;930
201800040590;18;4;16;1256;1;2;1;1.0;7.0;55;18, DELIZY (DU 15 AU 21;M;4889483.0;240963.0;930
201800040595;18;5;7;1820;1;2;3;1.0;3.0;55;33, JEAN LOLIVE (AVENUE);M;;;930
201800040603;18;6;15;805;1;2;1;1.0;6.0;55;24, DELIZY (DU 23 A FIN;M;4889597.0;240961.0;930
201800040606;18;6;27;1715;1;2;1;1.0;1.0;55;32, LATERAL AU CHEMIN DE;M;4889565.0;241500.0;930
201800040650;18;2;24;1904;5;2;1;1.0;3.0;77;0, RAINCY (AVENUE DU);M;4888826.0;251010.0;930
201800040692;18;7;13;912;1;2;3;1.0;2.0;77;31, ROSNY (AVENUE DE);M;4888510.0;250523.0;930
201800040697;18;8;9;940;1;2;7;2.0;3.0;77;GARE (PLACE DE LA);M;4888921.0;251105.0;930
201800040702;18;9;5;825;1;2;1;1.0;3.0;77;GALLIENI (AVENUE DU GENE;M;4889303.0;250347.0;930
201800040717;18;10;25;1600;1;2;1;1.0;6.0;77;VIEVIELLE (RUE MARC);M;4888000.0;251000.0;930
201800040826;18;2;21;1500;1;2;1;1.0;6.0;66;PORTE DE PARIS (PLACE);M;4893084.0;235640.0;930
201800040877;18;5;28;1245;1;2;3;1.0;3.0;66;WILSON (AVENUE DU PRESID;M;4892617.0;235642.0;930
201800040914;18;7;18;850;1;2;1;1.0;6.0;66;WILSON (AVENUE DU PRESID;M;4890196.0;235836.0;930
201800040938;18;9;14;1230;1;2;3;1.0;3.0;66;WILSON (AVENUE DU PRESID;M;4891283.0;235754.0;930
201800040945;18;9;25;1110;1;2;2;1.0;3.0;66;WILSON (AVENUE DU PRESID;M;4891078.0;235844.0;930
201800040962;18;10;16;1505;1;2;9;1.0;6.0;66;"""SEMBAT MARCEL (BD), NR";M;4893304.0;235113.0;930
201800040971;18;11;7;2045;5;2;5;1.0;1.0;66;PORTE DE PARIS (PLACE);M;4892946.0;235649.0;930
201800040977;18;11;13;2010;5;2;1;1.0;3.0;66;PROUDHON;M;4890648.0;236229.0;930
201800041023;18;4;24;810;1;2;3;1.0;1.0;70;54, CHARLES SCHMIDT(RUE);M;4890300.0;233400.0;930
201800041030;18;6;6;2030;1;2;1;2.0;1.0;70;2, CAPITAINE-GLARNER (AV;M;4890729.0;232620.0;930
201800041059;18;9;13;1430;1;2;1;1.0;1.0;70;CAPITAINE-GLARNER (AV);M;4890539.0;232789.0;930
201800041077;18;11;20;900;1;2;1;2.0;6.0;70;ALBERT-DHALENNE (RUE);M;4891000.0;233000.0;930
201800041095;18;6;5;822;1;2;1;3.0;2.0;71;17, ERNEST PIVOT (AVENUE;M;4892999.0;253000.0;930
201800041158;18;8;11;1400;1;2;3;1.0;6.0;72;AMIENS (RUE D') COTE DES;M;4895000.0;235000.0;930
201800041183;18;1;6;1645;1;2;1;1.0;2.0;78;NATIONS (AVENUE DES);M;4897374.0;250356.0;930
201800041231;18;5;18;2030;1;2;1;1.0;3.0;78;1, LAUTREC (ALLEE TOULOU;M;4895310.0;255185.0;930
201800041240;18;6;3;1142;1;1;6;1.0;3.0;73;NATIONS (AVENUE DES);M;4898369.0;252494.0;930
201800041273;18;9;11;1845;1;2;1;1.0;3.0;78;SARTRE (AVENUE JEAN-PAUL;M;;;930
201800041289;18;10;16;1840;2;2;3;1.0;2.0;78;LEDOUX (RUE CLAUDE NICOL;M;4896885.0;254535.0;930
201800041305;18;11;14;730;2;2;3;1.0;3.0;73;PAIX (AVENUE DE LA);M;4895096.0;256740.0;930
201800041324;18;12;17;1430;1;2;4;1.0;3.0;73;ROISSY (ROUTE DE);M;4898426.0;254906.0;930
201800041337;18;3;27;1615;1;2;1;2.0;2.0;2;6 RUE JOSEPH FRANCESCHI;M;4880522.0;242059.0;940
201800041350;18;6;28;1630;1;2;9;1.0;2.0;2;GENERAL CHARLES DE GAULL;M;4881454.0;241087.0;940
201800041352;18;8;4;1235;1;2;2;1.0;3.0;2;CHARLES DE GAULLE (R);M;4881447.0;241391.0;940
201800041358;18;10;17;1350;1;2;3;1.0;1.0;2;BLANQUI (QU);M;4880573.0;241082.0;940
201800041359;18;10;19;2010;5;2;3;1.0;3.0;2;VAILLANT COUTURIER (R);M;4880602.0;241861.0;940
201800041362;18;11;5;1845;5;2;1;1.0;3.0;2;VAILLANT COUTURIER (R);M;4880139.0;242180.0;940
201800041404;18;3;18;2215;5;2;1;2.0;2.0;47;121, RUE PAUL DOUMER;M;4870579.0;253122.0;940
201800041407;18;3;22;1400;1;2;3;1.0;2.0;44;VALENTON/MONNET;M;4874297.0;250073.0;940
201800041417;18;4;5;745;1;2;1;1.0;3.0;4;3 B, R DE PARIS;M;4874855.0;251309.0;940
201800041426;18;5;7;2000;1;2;1;1.0;7.0;71;8 AVENUE DU FORT;M;4876744.0;253289.0;940
201800041430;18;5;15;1815;1;2;3;1.0;3.0;48;AVENUE DU PARC;M;4873812.0;255243.0;940
201800041440;18;5;31;935;1;2;6;8.0;3.0;44;DESCARTES (AV);M;4874118.0;248042.0;940
201800041479;18;9;2;1215;1;2;1;1.0;3.0;71;QUEUE EN BRIE (RTE DE LA;M;4876351.0;253610.0;940
201800041492;18;10;4;1040;1;2;1;1.0;6.0;47;GENERAL LECLERC (R);M;4870160.0;254289.0;940
201800041500;18;10;16;1810;1;2;9;1.0;2.0;75;MANDRES (R DE);M;4871836.0;253469.0;940
201800041527;18;12;4;1340;1;2;1;1.0;7.0;71;PIERRE SEMARD (R);M;4876975.0;251615.0;940
201800041530;18;12;13;940;1;2;6;1.0;3.0;44;GABRIEL PERI (AV);M;4875668.0;248338.0;940
201800041555;18;3;9;1130;1;2;2;2.0;3.0;17;TREVISE / FAURE;M;4881118.0;255661.0;940
201800041574;18;6;2;300;5;2;1;1.0;3.0;17;RUE LOUIS TALAMONI;M;4881366.0;251015.0;940