Num_Acc;an;mois;jour;hrmn;lum;agg;int;atm;col;com;adr;gps;lat;long;dep
201800041588;18;8;1;1000;1;2;2;1.0;3.0;17;ORMEAUX (R DES);M;4881210.0;254792.0;940
201800041595;18;9;6;1745;1;2;1;1.0;6.0;17;CHARLES BAUDIN (AV);M;4881681.0;255388.0;940
201800041600;18;9;23;1750;2;2;1;6.0;3.0;17;MAURICE THOREZ (AV);M;4881264.0;253677.0;940
201800041603;18;10;3;1610;1;2;1;1.0;3.0;17;MUSSELBURGH (R DE);M;4880000.0;251900.0;940
201800041647;18;1;13;2110;5;2;2;1.0;3.0;69;CANADIENS/GRAVELLE;M;4881726.0;245892.0;940
201800041659;18;4;17;2210;5;2;1;1.0;7.0;18;ILE MARTINET;M;4881908.0;240576.0;940
201800041663;18;5;2;1035;1;2;1;1.0;6.0;18;50, PARIS (R DE);M;4882007.0;241560.0;940
201800041674;18;7;7;1120;1;2;1;1.0;3.0;18;15, BERCY (QU DE);M;4882563.0;239240.0;940
201800041676;18;7;11;1005;1;2;1;1.0;3.0;18;155, PARIS (R DE);M;4882700.0;240491.0;940
201800041683;18;8;31;949;1;2;1;1.0;2.0;69;VAL D OSNE (R DU);M;4881977.0;242653.0;940
201800041685;18;9;15;1110;1;2;1;1.0;6.0;41;DANIELLE CASANOVA (AV);M;4881300.0;238580.0;940
201800041688;18;10;2;920;1;2;1;1.0;3.0;18;PARIS (R DE);M;4882360.0;241030.0;940
201800041698;18;11;7;840;1;2;9;2.0;3.0;69;MARECHAL LECLERC (R DU);M;4881443.0;246237.0;940
201800041699;18;11;8;1720;5;2;2;1.0;3.0;69;VAL D OSNE (R DU);M;4882211.0;242331.0;940
201800041745;18;4;21;940;1;2;4;1.0;3.0;55;D'AMBOILE/NOISEAU;M;4878988.0;253169.0;940
201800041808;18;11;9;2320;5;2;3;1.0;1.0;60;JEAN JAURES (R);M;4878304.0;257830.0;940
201800041813;18;11;16;1040;1;2;7;8.0;7.0;79;JEAN MONNET (BD);M;4883191.0;253356.0;940
201800041839;18;1;29;1400;1;2;1;1.0;3.0;54;2, ANTOINE DE SAINT EXUP;M;4874733.0;241433.0;940
201800041841;18;1;31;1710;1;2;1;2.0;1.0;22;AVENUE LOUIS LUC;M;4876516.0;241190.0;940
201800041872;18;6;19;2240;5;2;1;1.0;3.0;22;APPEL DU DIX HUIT JUIN;M;4876579.0;241047.0;940
201800041880;18;8;6;1930;1;2;3;1.0;3.0;22;EDOUARD BRANLY (R);M;4875512.0;241970.0;940
201800041914;18;11;10;1516;1;2;3;8.0;3.0;22;VINGT CINQ AOUT 1944 (AV;M;4876309.0;240139.0;940
201800041923;18;12;4;1220;1;2;3;1.0;2.0;22;ALFORTVILLE (AV D);M;4876879.0;241375.0;940
201800041934;18;1;8;1528;1;2;6;7.0;3.0;11;MONNET/HOTTI (RP DUNANT);M;4875682.0;248330.0;940
201800041979;18;4;24;2125;5;2;3;1.0;1.0;28;POUSSIN/RADOT;M;4878366.0;244236.0;940
201800041996;18;5;28;650;1;2;1;1.0;3.0;28;37 B, VERDUN.(AVENUE DE);M;4879624.0;246351.0;940
201800042010;18;6;25;1810;1;2;1;1.0;3.0;28;12 RUE DU LAC;M;4877163.0;245867.0;940
201800042023;18;8;29;1640;1;2;3;1.0;3.0;28;HAUTE QUINTE(RUE DE LA);M;4877324.0;243978.0;940
201800042034;18;9;29;1145;1;2;9;1.0;3.0;28;FOCH(AVENUE DU MARECHAL);M;4878453.0;243657.0;940
201800042035;18;10;1;945;1;2;3;1.0;1.0;11;RHIN ET DANUBE(RUE DU);M;4877298.0;249076.0;940
201800042044;18;10;12;500;4;2;1;1.0;4.0;11;SEMARD(RUE PIERRE);M;4876130.0;248346.0;940
201800042057;18;11;22;1845;5;2;1;2.0;2.0;28;FOCH(AVENUE DU MARECHAL);M;4877258.0;243990.0;940
201800042074;18;1;8;1750;2;2;1;1.0;1.0;33;10, R DE LA MAISON ROUGE;M;4884981.0;246544.0;940
201800042082;18;3;29;815;1;2;2;1.0;3.0;33;VERDUN / BERT;M;4885120.0;247443.0;940
201800042092;18;6;14;2150;2;2;2;1.0;3.0;33;PARMENTIER (AV);M;4885361.0;245241.0;940
201800042096;18;7;7;2030;1;2;1;1.0;6.0;33;70, VERDUN (BD DE);M;4885390.0;246971.0;940
201800042112;18;11;17;1950;3;2;1;1.0;2.0;33;PARMENTIER (AV);M;4885274.0;244939.0;940
201800042129;18;1;29;900;1;2;1;2.0;2.0;76;66, R GUY MOCQUET;M;4879770.0;235768.0;940
201800042136;18;2;16;1335;1;2;2;1.0;1.0;3;COUTURIER/PERI;M;4880006.0;234276.0;940
201800042176;18;5;26;1530;1;2;2;8.0;3.0;43;47 RUE GABRIEL PERI;M;4881244.0;235317.0;940
201800042188;18;6;11;1915;1;2;3;3.0;3.0;76;1, PAUL ELUARD (R);M;4878580.0;237269.0;940
201800042237;18;2;1;1135;1;2;3;1.0;3.0;73;MYOSOTIS/TILLEULS;M;4875110.0;240293.0;940
201800042264;18;4;18;1520;1;2;2;1.0;3.0;34;14, ABREUVOIR / HERRIOT;M;4875598.0;232803.0;940
201800042267;18;4;23;2005;1;2;3;1.0;3.0;73;PAIX / MAI 1945;M;4875220.0;239910.0;940
201800042279;18;5;17;1445;1;2;1;1.0;6.0;34;50 AV DIVISION LECLERC;M;4875852.0;232468.0;940
201800042284;18;5;23;1810;1;2;3;1.0;7.0;21;40 RUE JULES BOHY;M;4877080.0;233752.0;940
201800042290;18;6;4;1830;1;2;1;1.0;3.0;73;., STALINGRAD - CAR DES;M;4877125.0;240094.0;940
201800042334;18;7;24;1030;1;2;2;1.0;3.0;73;2, FRATERNITE (R DE LA);M;4876641.0;238820.0;940
201800042359;18;9;14;1630;1;2;2;1.0;3.0;34;PASTEUR (BD);M;4875753.0;231645.0;940
201800042374;18;10;3;1800;1;2;9;1.0;3.0;21;JEAN MERMOZ (BD);M;4877176.0;233863.0;940
201800042379;18;10;5;120;5;2;1;1.0;3.0;73;PERREUX (R DU);M;4876610.0;239062.0;940
201800042399;18;11;14;700;2;2;4;1.0;3.0;65;PONT DES HALLES (R DU);M;4876003.0;234533.0;940
201800042458;18;5;15;1440;1;2;2;1.0;3.0;41;34, COLONEL FABIEN (BD D;M;4881459.0;240683.0;940
201800042479;18;7;4;930;1;2;1;1.0;3.0;41;48, JEAN COMPAGNON (QU);M;4881837.0;237506.0;940
201800042480;18;7;12;955;1;2;1;1.0;3.0;41;31, MARCEL BOYER (QU);M;4882199.0;239284.0;940
201800042486;18;7;27;1830;1;2;9;2.0;1.0;41;GALILEE (R);M;4881580.0;240320.0;940
201800042493;18;8;15;1810;1;2;2;1.0;3.0;41;DANIELLE CASANOVA (AV);M;4881570.0;238304.0;940
201800042506;18;9;15;1550;1;2;1;1.0;2.0;41;DANIELLE CASANOVA (AV);M;4881300.0;238580.0;940
201800042511;18;10;3;1430;1;2;2;1.0;3.0;41;GARE (R DE LA);M;4881542.0;239313.0;940
201800042546;18;3;27;1250;1;2;2;2.0;3.0;37;LECLERC / ALLENDE;M;4881294.0;234879.0;940
201800042558;18;8;31;1750;1;2;1;1.0;6.0;43;CONVENTION (R DE LA);M;4881352.0;235973.0;940
201800042559;18;9;3;810;1;2;1;1.0;3.0;76;MAXIME GORKI (BD);M;4879240.0;236975.0;940
201800042569;18;9;19;1840;2;2;1;1.0;3.0;76;CHEVILLY (R DE);M;4878625.0;235415.0;940
201800042573;18;9;27;905;1;2;3;1.0;3.0;3;PAUL BERT (R);M;4880634.0;232773.0;940
201800042582;18;10;11;750;1;2;1;1.0;7.0;76;MAXIME GORKI (BD);M;4879899.0;236707.0;940
201800042596;18;10;23;845;1;2;1;1.0;6.0;16;DUMOTEL (AV);M;4879157.0;233420.0;940
201800042622;18;11;27;2225;5;2;1;3.0;6.0;76;PARIS (AV DE);M;4879897.0;236559.0;940
201800042629;18;12;6;1810;5;2;1;2.0;2.0;3;MARX DORMOY (AV);M;4880948.0;232592.0;940
201800042668;18;5;8;1635;1;2;2;1.0;3.0;46;AVENUE BUSTEAU;M;4880563.0;243147.0;940
201800042689;18;8;10;1700;1;2;9;1.0;1.0;46;GENERAL DE GAULLE (AV DU;M;4880727.0;242566.0;940
201800042710;18;11;6;1720;2;2;3;1.0;3.0;46;PROFESSEUR CADIOT (AV DU;M;4880461.0;243258.0;940
201800042711;18;11;7;900;1;2;1;2.0;6.0;46;REPUBLIQUE (AV DE LA);M;4882204.0;243387.0;940
201800042716;18;11;14;810;1;2;3;1.0;3.0;46;HUIT MAI 1945 (R DU);M;4881300.0;243241.0;940
201800042736;18;1;29;905;1;2;1;8.0;2.0;42;20, R VAUTIER;M;4881627.0;247054.0;940
201800042740;18;3;10;1705;1;2;3;1.0;3.0;52;MARNE/CHARLES V;M;4883205.0;247650.0;940
201800042757;18;5;28;745;1;2;1;1.0;3.0;42;51, GENERAL GALLIENI (AV;M;4882011.0;248021.0;940
201800042772;18;8;26;1400;1;2;1;1.0;6.0;52;Victor Hugo (R);M;4883319.0;247625.0;940
201800042775;18;9;2;1950;2;2;2;1.0;3.0;52;STRASBOURG (BD DE);M;4884525.0;248918.0;940
201800042784;18;9;19;1915;1;2;1;1.0;6.0;42;GUINGUETTES (ALL DES);M;4883008.0;247506.0;940
201800042787;18;9;22;1850;1;2;1;1.0;6.0;52;STRASBOURG (BD DE);M;4883747.0;247728.0;940
201800042797;18;11;18;1945;3;2;1;1.0;3.0;58;ALSACE LORRAINE (BD D);M;4884868.0;249518.0;940
201800042801;18;12;25;1630;2;2;1;1.0;1.0;52;SOURCE (AV DE LA);M;4882887.0;246474.0;940
201800042811;18;1;15;1750;5;2;2;2.0;3.0;68;PILIERS / GARNIER;M;4879363.0;250892.0;940
201800042814;18;1;24;1250;1;2;2;1.0;2.0;68;DIDEROT / GUIMIER;M;4880210.0;248160.0;940
201800042833;18;3;14;1230;1;2;2;1.0;3.0;68;BONNEUIL / MARNE;M;4879160.0;250350.0;940
201800042838;18;4;3;1725;1;2;2;2.0;3.0;68;BERTEAUX/POLITZER;M;4881102.0;246933.0;940
201800042847;18;4;25;1020;1;2;3;1.0;3.0;68;MARINVILLE/CHAMPAGNE;M;4881025.0;247440.0;940
201800042849;18;4;27;1920;1;2;1;1.0;6.0;68;189, BD DE CRETEIL;M;4879785.0;250106.0;940
201800042856;18;5;12;1630;1;2;1;2.0;3.0;68;25 AVENUE DU BAC;M;4879660.0;250606.0;940
201800042864;18;5;30;1105;1;2;3;1.0;3.0;68;BONNEUIL (QU DE);M;4878455.0;249217.0;940
201800042874;18;6;16;1845;1;2;3;1.0;1.0;68;PILIERS (AV DES);M;4879269.0;251227.0;940
201800042876;18;6;20;1915;1;2;2;1.0;3.0;68;RABELAIS (BD);M;4880654.0;247878.0;940
201800042900;18;8;5;2250;5;2;3;1.0;2.0;68;PORT AU FOUARRE (QU DU);M;4880065.0;247029.0;940
201800042919;18;10;9;1400;1;2;2;1.0;3.0;68;DOCTEUR ROUX (R DU);M;4879000.0;249021.0;940
201800042936;18;11;17;1440;1;2;3;1.0;3.0;68;MURIERS (BD DES);M;4878910.0;250190.0;940
201800042942;18;12;10;1700;4;2;1;1.0;3.0;68;MIDI (AV DU);M;4880040.0;249912.0;940
201800042959;18;1;19;1117;1;2;3;2.0;3.0;77;LE FOLL / BERT;M;4872741.0;243913.0;940
201800042993;18;5;15;907;1;2;1;1.0;3.0;74;CHAMP SAINT-JULIEN (AV D;M;4874845.0;245688.0;940
201800042997;18;5;23;2015;2;2;1;1.0;3.0;78;12, AVENUE DE CHOISY;M;4874757.0;243677.0;940
201800042998;18;5;25;1745;1;2;1;1.0;3.0;78;138, VALENTON (AV DE);M;4873950.0;245688.0;940
201800043011;18;6;15;1900;1;2;1;1.0;3.0;74;COLONEL FABIEN (R);M;4874811.0;246756.0;940
201800043044;18;8;30;1950;1;1;1;1.0;3.0;74;HENRI BARBUSSE (AV);M;4877130.0;244013.0;940
201800043063;18;10;3;1820;1;2;3;1.0;3.0;78;HENRI DUNANT (R);M;4873233.0;244694.0;940
201800043071;18;10;18;850;1;2;3;1.0;1.0;1;RUE DU BAC;M;4872510.0;241850.0;940
201800043115;18;3;26;1255;1;2;3;1.0;3.0;80;FONTENAY / COMMUNES;M;4884877.0;242937.0;940
201800043138;18;7;9;1845;1;2;1;7.0;3.0;80;26-28, FONTENAY (R DE);M;4884700.0;244400.0;940
201800043158;18;10;16;1805;1;2;1;1.0;3.0;67;DAUMESNIL (AV);M;4883480.0;241880.0;940
201800043159;18;10;23;1735;1;2;1;1.0;6.0;67;AVENUE VICTOR HUGO;M;4884380.0;241630.0;940
201800043163;18;11;24;1100;1;2;1;8.0;3.0;80;RUE DEFRANCE;M;4884850.0;245407.0;940
201800043169;18;12;22;940;1;2;1;1.0;3.0;80;NOGENT (AV DE);M;4884400.0;243900.0;940
201800043171;18;1;10;735;2;2;1;2.0;3.0;81;8, PRESIDENT SALVADOR AL;M;4879607.0;241315.0;940
201800043172;18;1;11;750;5;2;3;8.0;1.0;81;ROBESPIERRE / FRANCAIS;M;4878951.0;238918.0;940
201800043196;18;3;24;1110;1;2;1;1.0;2.0;81;PAUL VAILLANT COUTURIER;M;4879421.0;239645.0;940
201800043205;18;4;15;1305;1;2;2;1.0;3.0;81;BARBUSSE / DEFRESNE;M;4879278.0;239128.0;940
201800043207;18;4;20;1230;1;2;1;1.0;3.0;81;41, AV P.V. COUTURIER;M;4879862.0;240036.0;940
201800043208;18;4;22;2025;1;2;1;1.0;3.0;81;82, AV ANATOLE FRANCE;M;4880616.0;240482.0;940
201800043244;18;8;5;1310;1;2;1;1.0;3.0;81;STALINGRAD (BD DE);M;4880146.0;237946.0;940
201800043253;18;9;2;1705;1;2;3;1.0;1.0;81;CHANZY (AV);M;4879913.0;240203.0;940
201800043254;18;9;3;1040;1;2;1;1.0;3.0;81;YOURI GAGARINE (AV);M;4878690.0;239020.0;940
201800043276;18;10;17;2225;5;2;3;1.0;3.0;81;CAMILLE GROULT (R);M;4878929.0;240110.0;940
201800043298;18;12;3;1505;1;2;1;2.0;3.0;81;PAUL VAILLANT COUTURIER;M;4879254.0;239514.0;940
201800043309;18;1;12;2030;5;2;1;1.0;1.0;63;AV GABRIEL PERI;M;4893410.0;220920.0;950
201800043312;18;2;18;900;1;2;6;1.0;3.0;18;ROUTE DE PONTOISE;M;4894990.0;220590.0;950
201800043329;18;6;3;1510;1;2;1;1.0;3.0;18;RUE D'EPINAY;M;4895430.0;228224.0;950
201800043347;18;8;31;1510;1;2;1;1.0;3.0;18;BOULEVARD JEAN ALLEMANE;M;4895210.0;225380.0;950
201800043373;18;5;7;1620;1;2;6;1.0;3.0;218;AVENUE DU GROS CHENE;M;4902450.0;211220.0;950
201800043380;18;7;12;1247;1;2;1;1.0;6.0;127;BD DE LA VIOSNE;M;4904240.0;207019.0;950
201800043388;18;10;5;1215;1;2;1;1.0;3.0;218;RUE DU COMMERCE;M;4901840.0;209860.0;950
201800043389;18;10;7;1030;1;2;1;2.0;5.0;74;AVENUE MARECHAL LECLERC;M;4901530.0;199940.0;950
201800043404;18;1;25;1020;1;2;1;1.0;2.0;598;AVENUE BEAUSEJOUR;M;4897620.0;230090.0;950
201800043408;18;11;18;1010;1;2;6;1.0;3.0;14;ROUTE DE MONTMORENCY;M;4899920.0;229360.0;950
201800043437;18;4;30;130;5;2;1;3.0;2.0;197;ROUTE SAINT-DENIS;M;4896190.0;232440.0;950
201800043444;18;5;28;1615;1;2;1;1.0;1.0;598;RUE BLEURY;M;4899690.0;230320.0;950
201800043457;18;9;2;1050;1;2;1;1.0;3.0;598;AV GENERAL  DE GAULLE;M;4898610.0;230010.0;950
201800043475;18;4;27;1510;1;2;2;1.0;3.0;426;RUE DE PARIS;M;4902310.0;229540.0;950
201800043477;18;4;25;1800;1;2;1;1.0;6.0;563;BVD ANDRE BREMONT;M;4900910.0;223750.0;950
201800043478;18;5;16;750;1;2;1;1.0;3.0;252;AVENUE DES MARAIS;M;4899890.0;221890.0;950
201800043479;18;5;16;900;1;2;2;1.0;2.0;219;RUE DE LA GARE;M;4898010.0;227010.0;950
201800043497;18;10;12;1600;1;2;2;1.0;2.0;607;BD TEMPS DES CERISES;M;4902070.0;222130.0;950
201800043498;18;10;13;1500;1;2;6;1.0;6.0;607;BD TEMPS DES CERISES;M;4902880.0;220950.0;950
201800043499;18;10;15;1555;1;2;6;1.0;3.0;607;BVD DU HUIT MAI 1945;M;4901040.0;221340.0;950
201800043510;18;5;8;1415;1;2;1;1.0;3.0;277;SQUARE DE LA GARENNE;M;4900090.0;242420.0;950
201800043545;18;4;24;1600;1;2;1;1.0;2.0;585;ROUTE DES REFUZNICKS;M;4898490.0;238330.0;950
201800043684;18;6;19;1026;1;1;1;1.0;2.0;4;T40;M;4193293.0;880897.0;201
201800043697;18;8;1;745;1;2;3;7.0;1.0;4;STEPHANOPOLI NICEPHORE;M;4190887.0;871532.0;201
201800045013;18;6;26;930;1;1;1;1.0;3.0;53;AUTOROUTE A3;M;4888403.0;246458.0;930
201800045746;18;3;4;645;3;1;1;2.0;6.0;43;A12 Y;M;;;780
201800046530;18;4;17;1850;1;1;6;1.0;3.0;549;RN 104;M;4862580.0;234200.0;910
201800046578;18;5;9;910;1;1;1;1.0;3.0;549;RN 104;M;4862628.0;234275.0;910
201800047242;18;7;24;1800;1;2;9;1.0;1.0;353;PIETRABUGNO - ROUTE DE;M;4271188.0;943455.0;202
201800047318;18;1;14;1455;1;2;2;1.0;3.0;382;GUILLOTIERE (DE LA);M;4575720.0;483692.0;690
201800047326;18;1;16;1210;1;2;1;1.0;3.0;34;400, CANUTS (DES);M;4578499.0;483263.0;690
201800047329;18;1;18;1035;1;2;3;1.0;3.0;382;37, BELLECOUR;M;4575881.0;483074.0;690
201800047344;18;1;23;910;1;2;1;1.0;7.0;385;CHEMIN NEUF (DU);M;4576085.0;482497.0;690
201800047353;18;1;30;850;1;2;1;8.0;6.0;382;CELESTINS (DES);M;4575929.0;482970.0;690
201800047361;18;2;4;905;1;2;1;1.0;7.0;149;72, GRANDE RUE;M;4571653.0;480962.0;690
201800047385;18;2;18;1650;1;2;3;8.0;3.0;382;3, CORDELIERS (DES);M;4576354.0;483733.0;690
201800047405;18;3;7;825;1;2;1;1.0;6.0;149;25, PIERRE SEMARD;M;4571700.0;481200.0;690
201800047410;18;3;10;2005;5;2;3;1.0;7.0;149;131, JEAN JAURES;M;4570960.0;482090.0;690
201800047412;18;3;12;815;1;2;1;2.0;3.0;382;JULES COURMONT;M;4576012.0;483786.0;690
201800047434;18;3;29;1910;1;2;1;1.0;3.0;382;PRESIDENT EDOUARD HERRIO;M;4576000.0;483000.0;690
201800047439;18;4;4;1940;2;2;2;2.0;3.0;382;JEAN MOULIN;M;4576355.0;483847.0;690
201800047446;18;4;8;1620;1;2;1;1.0;2.0;34;GEORGES CLEMENCEAU;M;4580923.0;484419.0;690
201800047450;18;4;11;1255;1;2;1;1.0;6.0;285;42 rue de l'égalité;M;4575395.0;506763.0;690
201800047452;18;4;11;2045;5;2;2;1.0;3.0;385;CHOULANS (DE);M;4575637.0;481512.0;690
201800047456;18;4;18;1230;1;2;9;1.0;1.0;381;ANDRE LASSAGNE;M;4576867.0;483778.0;690
201800047461;18;4;20;820;1;2;1;1.0;1.0;389;JAYR;M;4577480.0;480830.0;690
201800047474;18;4;25;1700;1;2;3;1.0;3.0;152;8 MAI 1945 (DU);M;4570060.0;482290.0;690
201800047476;18;4;30;2115;5;2;1;1.0;1.0;382;REPUBLIQUE (DE LA);M;4576199.0;483576.0;690
201800047484;18;5;4;745;2;2;3;1.0;1.0;389;PAUL SEDAILLIAN;M;4579471.0;482388.0;690
201800047501;18;5;19;510;5;2;1;1.0;3.0;382;BARRE (DE LA);M;4575761.0;483562.0;690
201800047511;18;5;23;2015;2;2;1;7.0;3.0;385;COMMANDANT CHARCOT (DU);M;4574327.0;483671.0;690
201800047516;18;5;25;420;5;2;3;1.0;3.0;381;JEAN MOULIN;M;4576616.0;483811.0;690
201800047524;18;5;29;750;1;2;9;1.0;1.0;34;BOUCLE (DE LA);M;4577947.0;484412.0;690
201800047528;18;5;30;1600;1;2;1;2.0;7.0;385;MACCHABEES (DES);M;4577245.0;481542.0;690
201800047529;18;5;30;1910;1;2;6;2.0;3.0;81;PROFESSEUR PAUL SANTY (D;M;4577393.0;477268.0;690
201800047535;18;6;5;900;1;2;1;1.0;3.0;385;CHEMIN NEUF (DU);M;4575832.0;482272.0;690
201800047539;18;6;7;2100;3;2;1;2.0;6.0;385;BONDY (DE);M;4576602.0;482884.0;690
201800047543;18;6;5;1200;1;2;1;1.0;6.0;382;AUVERGNE (D');M;4575381.0;483186.0;690
201800047550;18;6;15;1850;1;2;1;1.0;6.0;382;BELLECOUR;M;4575769.0;483418.0;690
201800047554;18;6;18;803;1;2;1;1.0;6.0;385;GENERAL EISENHOWER (DU);M;4575580.0;478225.0;690
201800047555;18;6;14;1840;1;2;7;1.0;3.0;382;JULES COURMONT;M;4576360.0;483840.0;690
201800047557;18;6;19;1443;1;2;1;1.0;3.0;385;TRAMASSAC;M;4576110.0;482600.0;690
201800047560;18;6;15;1230;1;2;1;1.0;6.0;382;REPUBLIQUE (DE LA);M;4576200.0;483575.0;690
201800047577;18;6;26;1300;1;2;1;1.0;3.0;384;CANUTS (DES);M;4577853.0;482787.0;690
201800047581;18;6;27;835;1;2;3;1.0;3.0;381;CHARTREUX (DES);M;4577197.0;482447.0;690
201800047582;18;6;28;820;1;2;1;1.0;2.0;381;JEAN MOULIN;M;4576656.0;483790.0;690
201800047584;18;6;28;2030;1;2;3;1.0;3.0;34;PIERRE BRUNIER;M;4579174.0;483760.0;690
201800047589;18;7;2;1525;1;2;1;1.0;1.0;389;ROSA PARKS;M;4578649.0;479498.0;690
201800047590;18;7;3;1540;1;2;1;1.0;3.0;381;LOUIS PRADEL;M;4576853.0;505764.0;690
201800047594;18;7;4;2259;3;2;3;1.0;3.0;382;CASIMIR PERIER;M;4574200.0;482000.0;690
201800047595;18;7;2;2030;1;2;1;1.0;3.0;385;ROMAIN ROLLAND;M;4576000.0;482800.0;690
201800047622;18;7;20;1815;1;2;1;2.0;5.0;389;DUCHERE (DE LA);M;4577918.0;479556.0;690
201800047672;18;9;10;845;1;2;1;1.0;6.0;34;GENERAL LECLERC;M;4580323.0;485970.0;690
201800047678;18;9;13;1845;1;2;3;1.0;1.0;382;COLONEL CHAMBONNET;M;4575883.0;483073.0;690
201800047683;18;9;14;1950;2;2;1;1.0;7.0;389;BARTHELEMY BUYER;M;4576355.0;479957.0;690
201800047693;18;9;18;1320;1;2;1;1.0;3.0;34;GENERAL DE GAULLE;M;4580458.0;485293.0;690
201800047706;18;9;22;1733;1;2;1;1.0;3.0;382;MARECHAL JOFFRE (DU);M;4575414.0;482556.0;690
201800047732;18;10;5;1940;5;2;2;1.0;5.0;385;FRANCOIS GENIN;M;4575440.0;479596.0;690
201800047741;18;10;11;1640;1;2;1;1.0;2.0;389;ARLOING;M;4577223.0;481102.0;690
201800047758;18;10;20;600;5;2;1;1.0;7.0;34;CHARDINY;M;4579749.0;485786.0;690
201800047759;18;10;20;1630;1;2;1;1.0;7.0;286;CHAMP ROY (DU);M;4583059.0;490743.0;690
201800047771;18;10;28;2230;5;2;1;2.0;2.0;381;ST VINCENT;M;4577081.0;481403.0;690
201800047802;18;11;16;1150;1;2;9;1.0;3.0;34;COSTE;M;4579030.0;483620.0;690
201800047820;18;11;28;2035;5;2;1;1.0;3.0;384;JOSEPH GILLET;M;4578792.0;481843.0;690
201800047848;18;12;10;853;1;2;1;1.0;6.0;385;BONDY (DE);M;4576670.0;482820.0;690
201800048013;18;1;9;835;1;2;1;1.0;6.0;386;25, VAUBAN;M;4576496.0;484430.0;690
201800048018;18;1;10;1300;1;2;1;2.0;6.0;383;47, LACASSAGNE;M;4575332.0;486866.0;690
201800048021;18;1;11;1530;1;2;2;1.0;3.0;387;JEAN MACE;M;4574665.0;484267.0;690
201800048025;18;1;12;1200;1;2;1;1.0;6.0;383;32, LAFAYETTE;M;4576354.0;484558.0;690
201800048031;18;1;15;1050;1;2;6;1.0;2.0;388;EDMOND MICHELET;M;4573214.0;487589.0;690
201800048050;18;1;26;725;5;2;2;3.0;3.0;383;VICTOR AUGAGNEUR;M;4576002.0;484088.0;690
201800048059;18;1;30;2050;3;2;3;1.0;3.0;387;152, GAMBETTA;M;4574992.0;485830.0;690
201800048064;18;2;1;1345;1;2;1;1.0;2.0;387;73, BERTHELOT;M;4574485.0;488431.0;690
201800048068;18;2;5;820;1;2;1;4.0;7.0;387;70, LECLERC;M;4573298.0;482300.0;690
201800048079;18;2;9;1200;1;2;3;1.0;3.0;387;69, MARSEILLE (DE);M;4574840.0;483803.0;690
201800048084;18;2;13;830;1;2;1;1.0;3.0;259;02, FRERES LAFRANCHI (DE;M;4571784.0;487241.0;690
201800048086;18;2;13;1015;1;2;1;1.0;3.0;387;JEAN JAURES;M;4574014.0;483831.0;690
201800048089;18;2;14;1240;1;2;1;1.0;3.0;388;45, MARYSE BASTIE;M;4573787.0;487411.0;690
201800048098;18;2;21;1735;1;2;1;1.0;3.0;388;246, VIENNE (DE);M;4572848.0;485362.0;690
201800048099;18;2;21;440;5;2;1;1.0;7.0;387;GAMBETTA;M;4575439.0;484511.0;690
201800048109;18;3;1;830;1;2;2;1.0;3.0;383;69, GAMBETTA;M;4575216.0;485226.0;690
201800048121;18;3;9;1045;1;2;1;1.0;6.0;383;15 BIS, DAUPHINE (DU);M;4575060.0;486510.0;690
201800048124;18;3;10;1650;1;2;1;1.0;3.0;387;133, SEBASTIEN GRYPHE;M;4574768.0;483880.0;690
201800048134;18;3;19;2235;5;2;2;1.0;3.0;383;CREQUI (DE);M;4575958.0;484783.0;690
201800048135;18;3;20;1345;1;2;1;8.0;3.0;383;GAMBETTA;M;4575394.0;484742.0;690
201800048150;18;3;24;1654;1;2;2;1.0;3.0;383;229, DUGUESCLIN;M;4575898.0;484918.0;690
201800048153;18;3;27;1050;1;2;1;1.0;6.0;383;135, FELIX FAURE;M;4575404.0;486233.0;690
201800048156;18;3;29;900;1;2;1;1.0;6.0;387;160, GUILLOTIERE (DE LA);M;4574960.0;485240.0;690
201800048171;18;4;8;1345;1;2;2;8.0;3.0;383;TURBIL;M;4575664.0;486837.0;690
201800048176;18;4;12;1820;1;2;1;1.0;2.0;383;ALBERT THOMAS;M;4574930.0;486071.0;690
201800048182;18;4;18;1500;1;2;1;1.0;6.0;383;GAMBETTA;M;4575800.0;485040.0;690
201800048186;18;4;20;2330;5;2;2;1.0;3.0;383;FELIX FAURE;M;4575291.0;485357.0;690
201800048188;18;4;21;1000;1;2;1;1.0;1.0;383;GAMBETTA;M;4575520.0;484349.0;690
201800048192;18;4;22;1800;1;2;1;1.0;1.0;383;VICTOR AUGAGNEUR;M;4575868.0;484091.0;690
201800048193;18;4;22;2130;5;2;1;1.0;1.0;387;GUILLOTIERE (DE LA);M;4574730.0;485860.0;690
201800048205;18;4;26;1730;1;2;3;1.0;3.0;387;GUILLOTIERE (DE LA);M;4575420.0;484363.0;690
201800048227;18;5;6;1630;1;2;2;1.0;3.0;383;FELIX FAURE;M;4575277.0;485206.0;690
201800048234;18;5;9;922;1;2;3;1.0;3.0;383;LAFAYETTE;M;4576358.0;484181.0;690
201800048243;18;5;14;850;1;2;2;2.0;3.0;386;STE GENEVIEVE;M;4576613.0;486481.0;690
201800048262;18;5;22;740;1;2;3;1.0;3.0;388;LOUIS CHAPUY;M;4574600.0;485937.0;690
201800048263;18;5;22;925;1;2;3;1.0;3.0;388;LAENNEC;M;4573689.0;488607.0;690
201800048273;18;5;25;820;1;2;1;1.0;3.0;259;CLOS VERGER (DU);M;4571751.0;489290.0;690
201800048278;18;5;27;808;1;2;2;2.0;3.0;387;JEAN JAURES;M;4572320.0;482862.0;690