Num_Acc;an;mois;jour;hrmn;lum;agg;int;atm;col;com;adr;gps;lat;long;dep
201800048284;18;5;30;920;1;2;1;1.0;6.0;387;GARIBALDI;M;4574532.0;484929.0;690
201800048285;18;5;30;1225;1;2;1;1.0;2.0;386;LAFAYETTE;M;4576362.0;486424.0;690
201800048290;18;6;1;850;1;2;2;1.0;3.0;383;FEUILLAT;M;4575186.0;487656.0;690
201800048302;18;6;5;930;1;2;3;1.0;3.0;387;YVES FARGES;M;4574039.0;483164.0;690
201800048306;18;6;6;750;1;2;2;1.0;3.0;386;SEZE (DE);M;4576850.0;485050.0;690
201800048309;18;6;7;1902;1;2;1;1.0;2.0;387;VIENNE (DE);M;4574151.0;485109.0;690
201800048310;18;6;8;820;1;2;1;8.0;3.0;383;FELIX FAURE;M;4575502.0;487138.0;690
201800048311;18;6;8;1615;1;2;1;1.0;6.0;383;ANDRE PHILIP;M;4575609.0;485146.0;690
201800048315;18;6;9;1820;1;2;9;1.0;3.0;388;SANTOS DUMONT;M;4574459.0;486109.0;690
201800048319;18;6;12;1850;1;2;2;3.0;3.0;383;SERVIENT;M;4576046.0;485052.0;690
201800048335;18;6;16;2015;1;2;2;1.0;3.0;387;GERLAND (DE);M;4573674.0;483971.0;690
201800048336;18;6;16;2315;5;2;5;1.0;3.0;383;PAUL BERT;M;4575710.0;486161.0;690
201800048340;18;6;18;1350;1;2;1;1.0;3.0;386;CHARLES DE GAULLE;M;4578547.0;485498.0;690
201800048341;18;6;18;1800;1;2;6;1.0;2.0;388;PROFESSEUR ROUX;M;4572833.0;485783.0;690
201800048347;18;6;20;1310;1;2;2;1.0;3.0;388;JEAN SARRAZIN;M;4573167.0;486718.0;690
201800048349;18;6;20;1900;1;2;2;1.0;3.0;387;GAMBETTA;M;4575318.0;484904.0;690
201800048351;18;6;20;2100;2;2;1;1.0;3.0;388;GENERAL FRERE (DU);M;4573500.0;487100.0;690
201800048360;18;6;25;1100;1;2;1;1.0;1.0;383;PAUL BERT;M;4575726.0;486228.0;690
201800048364;18;6;26;1340;1;2;2;1.0;3.0;388;ROCKEFELLER.;M;4574119.0;488523.0;690
201800048390;18;7;8;2255;5;2;2;1.0;1.0;388;ALBERT THOMAS;M;4574350.0;487695.0;690
201800048416;18;7;19;1600;1;2;1;1.0;3.0;383;GAMBETTA;M;4575127.0;485492.0;690
201800048429;18;7;18;2100;2;2;2;1.0;2.0;383;BONNEL (DE);M;4576205.0;485148.0;690
201800048441;18;7;31;1050;1;2;1;1.0;6.0;383;CREQUI (DE);M;4575353.0;484905.0;690
201800048442;18;7;31;1000;1;1;1;1.0;2.0;387;FILLON;M;4572042.0;482299.0;690
201800048443;18;8;1;2050;1;2;1;1.0;3.0;383;GAMBETTA;M;4575159.0;485361.0;690
201800048455;18;8;10;900;1;2;3;1.0;3.0;259;VAILLANT COUTURIER;M;4572665.0;485975.0;690
201800048461;18;8;14;2135;5;2;6;1.0;3.0;383;ALBERT THOMAS;M;4574300.0;487800.0;690
201800048466;18;8;4;2150;5;2;1;1.0;3.0;383;GAMBETTA;M;4575274.0;485039.0;690
201800048469;18;8;20;1810;1;2;2;1.0;3.0;386;JEAN BROQUIN;M;4576817.0;486318.0;690
201800048477;18;8;26;1810;1;2;3;1.0;3.0;388;JOSEPH CHAPELLE;M;4573328.0;486434.0;690
201800048478;18;8;26;2100;5;2;2;1.0;3.0;387;BERTHELOT;M;4574692.0;483685.0;690
201800048479;18;8;27;1105;1;2;1;1.0;2.0;386;GENERAL SARRAIL (DU);M;4576685.0;484149.0;690
201800048491;18;8;28;1330;1;2;1;1.0;2.0;387;JEAN JAURES;M;4573566.0;483638.0;690
201800048495;18;9;4;1215;1;2;2;1.0;1.0;383;EUGENIE;M;4574174.0;488825.0;690
201800048496;18;9;5;840;1;2;2;1.0;3.0;386;TETE D'OR (DE LA);M;4576754.0;485273.0;690
201800048510;18;9;11;1610;1;2;1;1.0;6.0;388;CHALLEMEL LACOUR;M;4572928.0;485107.0;690
201800048516;18;9;14;820;1;2;1;8.0;6.0;386;LAFAYETTE;M;4576363.0;486085.0;690
201800048518;18;9;14;2325;5;2;3;1.0;3.0;387;MARIE MADELEINE FOURCADE;M;4573739.0;483738.0;690
201800048519;18;9;15;1430;1;2;1;1.0;6.0;383;VICTOR AUGAGNEUR;M;4576230.0;484088.0;690
201800048530;18;9;19;1620;1;2;9;1.0;3.0;388;ETATS UNIS (DES);M;4572947.0;486732.0;690
201800048532;18;9;20;1700;1;2;9;1.0;1.0;387;FELIX FAURE;M;4575214.0;484716.0;690
201800048539;18;9;22;1220;1;2;9;1.0;3.0;259;IRENE JOLIOT CURIE;M;4571723.0;487679.0;690
201800048540;18;9;22;1645;1;2;2;1.0;3.0;387;MARC BLOCH;M;4574576.0;484792.0;690
201800048542;18;9;24;936;1;2;1;1.0;2.0;383;GAMBETTA;M;4575514.0;484352.0;690
201800048545;18;9;24;1930;5;2;1;1.0;6.0;383;LACASSAGNE;M;4575275.0;486962.0;690
201800048546;18;9;25;848;1;2;2;1.0;3.0;259;OSCHATZ (D');M;4569527.0;488020.0;690
201800048549;18;9;25;2205;5;2;2;1.0;3.0;388;GENERAL FRERE (DU);M;4572839.0;488150.0;690
201800048557;18;9;27;1445;1;2;1;1.0;3.0;383;GENAS (DE);M;4575496.0;487837.0;690
201800048559;18;9;25;1315;1;2;1;1.0;3.0;383;FRANCFORT;M;4576000.0;486000.0;690
201800048560;18;9;28;1200;1;2;2;1.0;3.0;387;GUILLOTIERE (DE LA);M;4575209.0;484663.0;690
201800048568;18;10;1;1545;1;2;2;8.0;3.0;383;ALBERT THOMAS;M;4574636.0;486892.0;690
201800048579;18;10;5;1745;1;2;2;1.0;1.0;387;LORTET;M;4574247.0;484007.0;690
201800048592;18;10;10;2205;5;2;2;3.0;3.0;383;BONNEL (DE);M;4576181.0;484650.0;690
201800048602;18;10;15;105;5;2;2;1.0;3.0;387;GAMBETTA;M;4575318.0;484904.0;690
201800048609;18;10;17;956;1;2;7;1.0;1.0;383;RONDE;M;4575338.0;489158.0;690
201800048615;18;10;18;1300;1;2;9;1.0;3.0;259;IRENE JOLIOT CURIE;M;4571958.0;487498.0;690
201800048618;18;10;18;2130;5;2;2;1.0;3.0;387;GARIBALDI;M;4575139.0;485344.0;690
201800048635;18;10;23;1845;2;2;2;1.0;3.0;383;BELLECOMBE (DE);M;4576202.0;486385.0;690
201800048637;18;10;22;1700;1;2;1;1.0;3.0;386;JULES FAVRE;M;4576800.0;485919.0;690
201800048660;18;11;2;1210;1;2;1;1.0;1.0;386;GENERAL SARRAIL (DU);M;4576413.0;484176.0;690
201800048664;18;11;5;1555;1;2;1;1.0;1.0;386;BELGES (DES);M;4576974.0;485746.0;690
201800048672;18;11;9;1320;1;2;2;1.0;6.0;383;PAUL BERT;M;4575650.0;484734.0;690
201800048680;18;11;12;1805;2;2;1;1.0;3.0;383;GEORGES POMPIDOU;M;4575925.0;486745.0;690
201800048700;18;11;22;2100;5;2;2;1.0;3.0;383;VILLETTE (DE LA);M;4576354.0;486251.0;690
201800048714;18;11;27;850;2;2;3;2.0;3.0;386;SERBIE (DE);M;4577227.0;484119.0;690
201800048716;18;11;28;1820;5;2;1;1.0;1.0;383;GARIBALDI;M;4575873.0;485219.0;690
201800048717;18;11;28;1915;5;2;1;1.0;1.0;388;EPARGNE (DE L');M;4574237.0;485832.0;690
201800048720;18;11;29;1210;1;1;1;1.0;6.0;383;VICTOR AUGAGNEUR;M;4576074.0;484105.0;690
201800048723;18;11;29;2220;5;2;3;1.0;2.0;386;GENERAL SARRAIL (DU);M;4576867.0;484111.0;690
201800048724;18;12;1;140;5;2;1;2.0;7.0;383;GENERAL MOUTON DUVERNET;M;4575398.0;486162.0;690
201800048726;18;12;1;1210;1;2;9;1.0;3.0;259;IRENE JOLIOT CURIE;M;4572416.0;487166.0;690
201800048736;18;12;7;745;2;2;1;1.0;3.0;386;ANATOLE FRANCE;M;4577161.0;485679.0;690
201800048743;18;12;11;550;5;2;5;1.0;3.0;259;IRENE JOLIOT CURIE;M;4571448.0;487954.0;690
201800048748;18;12;12;850;1;2;1;1.0;6.0;387;CHALLEMEL LACOUR;M;4572900.0;485000.0;690
201800048750;18;12;13;1355;1;2;1;1.0;3.0;386;VAUBAN;M;4576491.0;484319.0;690
201800048770;18;12;21;50;5;2;2;1.0;3.0;383;LAFAYETTE;M;4576360.0;484500.0;690
201800048772;18;12;21;920;1;2;2;3.0;1.0;383;GAMBETTA;M;4575625.0;484035.0;690
201800048773;18;12;21;1220;1;2;1;2.0;2.0;383;ABONDANCE (DE L');M;4575350.0;485140.0;690
201800048775;18;12;20;2320;5;2;1;2.0;1.0;386;MARECHAL DE SAXE;M;4575403.0;484700.0;690
201800049501;18;12;2;130;5;1;1;2.0;2.0;29;RD383   7.640 A 11.044;M;4574573.0;490653.0;690
201800050213;18;1;20;1300;1;2;2;2.0;6.0;101;12, QUAI FRANCOIS MITTER;M;4886010.0;233333.0;750
201800050217;18;1;30;1835;5;2;2;1.0;3.0;101;RUE ETIENNE MARCEL;M;4886530.0;234307.0;750
201800050225;18;2;19;1620;1;2;3;8.0;6.0;101;224, RUE DE RIVOLI;M;4886530.0;232728.0;750
201800050240;18;4;6;1540;1;2;2;1.0;3.0;101;172, RUE DE RIVOLI;M;4886270.0;233525.0;750
201800050241;18;4;12;1205;1;2;1;1.0;6.0;101;QUAI DES TUILERIES;M;4886230.0;232551.0;750
201800050252;18;4;30;853;1;2;2;2.0;3.0;101;25, RUE DE LA REYNIE;M;4886020.0;234826.0;750
201800050255;18;5;4;1950;1;2;2;1.0;3.0;101;RUE DE RIVOLI;M;4885990.0;234395.0;750
201800050257;18;5;9;1715;2;2;2;1.0;3.0;104;QUAI HENRI IV;M;4885080.0;236140.0;750
201800050258;18;5;12;1400;1;2;5;1.0;3.0;101;RUE DE RIVOLI;M;4886040.0;234232.0;750
201800050259;18;5;12;1600;1;2;1;2.0;7.0;101;14, QUAI DU LOUVRE;M;4885870.0;234139.0;750
201800050271;18;6;3;955;1;2;7;1.0;6.0;101;93, RUE DE RIVOLI;M;4886250.0;233607.0;750
201800050274;18;6;12;1900;1;2;1;1.0;6.0;109;13, RUE NOTRE DAME DE LO;M;4887760.0;233832.0;750
201800050278;18;6;17;2035;1;2;2;1.0;3.0;101;, RUE SAINT HONORE;M;4886740.0;232619.0;750
201800050285;18;6;29;2100;1;2;2;1.0;3.0;101;134, RUE DE RIVOLI;M;4886010.0;234337.0;750
201800050286;18;7;2;1130;1;2;1;1.0;2.0;101;234, RUE DE RIVOLI;M;4886540.0;232697.0;750
201800050289;18;7;6;1805;1;2;1;1.0;6.0;101;228, RUE DE RIVOLI;M;4886510.0;232799.0;750
201800050291;18;7;10;953;1;2;3;1.0;2.0;101;194 BIS, RUE DE RIVOLI;M;4886400.0;233134.0;750
201800050295;18;7;19;945;1;2;2;1.0;3.0;101;RUE DE RIVOLI;M;4886152.0;233916.0;750
201800050299;18;7;23;1140;1;2;7;1.0;6.0;101;PLACE DU CARROUSEL;M;4886089.0;233181.0;750
201800050302;18;8;1;1240;1;2;3;1.0;3.0;102;BOULEVARD DE BONNE NOUVE;M;4887047.0;234872.0;750
201800050303;18;8;2;1510;1;2;2;1.0;7.0;101;RUE ETIENNE MARCEL;M;4886379.0;234935.0;750
201800050306;18;8;13;1310;1;2;4;1.0;6.0;101;BOULEVARD DE LA MADELEIN;M;4886941.0;232546.0;750
201800050313;18;8;31;2105;5;2;2;1.0;3.0;109;RUE LA FAYETTE;M;;;750
201800050315;18;9;6;1140;1;2;1;1.0;3.0;103;RUE DE TURENNE;M;4886449.0;236467.0;750
201800050323;18;9;29;1320;1;2;2;1.0;6.0;103;RUE BEAUBOURG;M;4886000.0;235000.0;750
201800050324;18;9;30;1135;1;2;2;1.0;3.0;101;RUE DES PETITS CHAMPS;M;4886730.0;233460.0;750
201800050337;18;11;17;1200;1;2;2;1.0;3.0;101;RUE DE RIVOLI;M;4885854.0;234825.0;750
201800050338;18;11;22;905;1;2;2;8.0;3.0;101;RUE COQ HERON;M;4886400.0;234100.0;750
201800050340;18;11;28;750;5;2;2;2.0;3.0;101;BOULEVARD DU PALAIS;M;4885598.0;234635.0;750
201800050341;18;11;30;922;1;2;1;8.0;6.0;101;RUE SAINT HONORE;M;4886090.0;234519.0;750
201800050343;18;12;2;1515;1;2;3;2.0;6.0;101;RUE DE RIVOLI;M;4885933.0;234524.0;750
201800050355;18;2;1;1530;1;2;7;8.0;3.0;102;7, PLACE DE LA BOURSE;M;4886870.0;234133.0;750
201800050359;18;2;12;920;1;2;1;1.0;3.0;101;19, RUE DU LOUVRE;M;4886470.0;234275.0;750
201800050370;18;5;28;1920;2;2;2;3.0;3.0;102;111, RUE REAUMUR;M;4886820.0;234361.0;750
201800050371;18;6;12;1923;1;2;1;1.0;6.0;104;27, RUE DE TURENNE;M;4885640.0;236422.0;750
201800050372;18;6;14;1950;1;2;2;1.0;3.0;102;, BOULEVARD DE SEBASTOPO;M;4886620.0;235251.0;750
201800050373;18;6;16;1350;1;2;1;1.0;3.0;103;40, RUE PASTOURELLE;M;4886310.0;235876.0;750
201800050375;18;6;19;1255;1;2;2;1.0;6.0;102;10, RUE SAINT AUGUSTIN;M;4886890.0;233667.0;750
201800050381;18;8;17;1035;1;2;2;1.0;6.0;102;RUE DE TURBIGO;M;4880000.0;234000.0;750
201800050385;18;9;4;910;1;2;3;1.0;6.0;102;RUE DUSSOUBS;M;;;750
201800050388;18;9;21;925;1;2;3;8.0;7.0;103;BOULEVARD BEAUMARCHAIS;M;4886066.0;236730.0;750
201800050389;18;9;27;1320;1;2;1;1.0;2.0;102;BOULEVARD SAINT DENIS;M;4886947.0;235290.0;750
201800050392;18;10;5;1730;1;2;7;1.0;3.0;102;PLACE DE L OPERA;M;4887024.0;233256.0;750
201800050400;18;11;2;2040;5;2;1;1.0;6.0;102;RUE DU MAIL;M;4886665.0;234192.0;750
201800050401;18;11;2;1350;1;2;3;1.0;6.0;103;BOULEVARD BEAUMARCHAIS;M;4885685.0;236797.0;750
201800050409;18;12;13;900;1;2;1;1.0;6.0;103;RUE DES FILLES DU CALVAI;M;4886230.0;236510.0;750
201800050426;18;2;16;1420;1;2;2;1.0;3.0;103;13, RUE AUX OURS;M;4886320.0;235164.0;750
201800050429;18;3;7;700;5;2;2;2.0;3.0;103;, BOULEVARD DE SEBASTOPO;M;4886340.0;235094.0;750
201800050430;18;3;7;835;1;2;2;2.0;3.0;103;BOULEVARD DE SEBASTOPOL;M;4886340.0;235094.0;750
201800050436;18;3;29;640;5;2;2;1.0;3.0;103;92, BOULEVARD DE SEBASTO;M;4886620.0;235251.0;750
201800050439;18;4;5;2040;5;2;7;1.0;3.0;103;23, PLACE DE LA REPUBLIQ;M;4886800.0;236223.0;750
201800050440;18;4;6;2200;5;2;3;1.0;3.0;103;53, RUE DE TURENNE;M;4885810.0;236446.0;750
201800050442;18;4;16;1940;1;2;2;1.0;7.0;103;167, RUE DU TEMPLE;M;4886470.0;235967.0;750
201800050451;18;5;3;845;1;2;1;1.0;2.0;103;60, RUE VIEILLE DU TEMPL;M;4885900.0;235922.0;750
201800050452;18;5;9;1550;1;2;7;1.0;3.0;103;23, PLACE DE LA REPUBLIQ;M;4886800.0;236223.0;750
201800050453;18;5;9;2015;2;2;3;1.0;3.0;104;40, QUAI DES CELESTINS;M;4885290.0;235896.0;750
201800050454;18;5;14;1240;1;2;2;8.0;3.0;103;46, RUE DE BRETAGNE;M;4886340.0;236151.0;750
201800050459;18;6;4;2140;5;2;2;1.0;3.0;103;01, RUE DES ARCHIVES;M;4886120.0;235819.0;750
201800050466;18;7;3;1250;1;2;3;1.0;2.0;103;77, RUE DE TURBIGO;M;4886640.0;236039.0;750
201800050468;18;7;18;2015;1;2;1;1.0;2.0;103;RUE DU VERTBOIS;M;;;750
201800050472;18;8;12;630;2;2;3;1.0;3.0;103;BOULEVARD BEAUMARCHAIS;M;4886029.0;236704.0;750
201800050473;18;8;15;1415;1;2;2;1.0;6.0;104;RUE DES FRANCS BOURGEOIS;M;4885731.0;236134.0;750
201800050478;18;9;17;7;5;2;2;1.0;6.0;103;RUE DE TURENNE;M;4885814.0;236444.0;750
201800050481;18;9;26;1735;1;2;2;1.0;6.0;103;RUE REAUMUR;M;4886474.0;235934.0;750
201800050484;18;10;4;2341;5;2;3;1.0;6.0;103;BOULEVARD SAINT DENIS;M;4886800.0;235500.0;750
201800050490;18;10;22;1420;1;2;1;8.0;6.0;103;RUE FROISSART;M;4886163.0;236558.0;750
201800050494;18;10;28;1940;5;2;2;1.0;3.0;104;QUAI DES CELESTINS;M;4885000.0;235000.0;750
201800050499;18;11;6;1414;1;2;1;1.0;3.0;103;BOULEVARD DU TEMPLE;M;;;750
201800050502;18;11;18;1535;1;2;3;1.0;3.0;103;RUE DE TURENNE;M;4886172.0;236467.0;750
201800050506;18;12;5;2230;5;2;4;2.0;3.0;101;RUE SAINT HONORE;M;4886318.0;233552.0;750
201800050509;18;12;18;1635;1;2;5;1.0;3.0;103;RUE DE TURENNE;M;4886000.0;237000.0;750
201800050525;18;2;2;955;1;2;2;1.0;3.0;104;RUE DE RIVOLI;M;4885750.0;235141.0;750
201800050532;18;3;6;1908;5;2;2;2.0;6.0;104;QUAI DE L HOTEL DE VILLE;M;4885440.0;235494.0;750
201800050535;18;3;23;1045;1;2;1;1.0;6.0;103;7, BOULEVARD SAINT MARTI;M;4886810.0;236131.0;750
201800050558;18;6;1;1750;1;2;1;1.0;2.0;102;87, RUE REAUMUR;M;4886730.0;234774.0;750
201800050561;18;6;5;1825;1;2;2;8.0;6.0;104;2, BOULEVARD DE SEBASTOP;M;4885850.0;234820.0;750
201800050569;18;6;20;850;1;2;3;1.0;6.0;102;19, BOULEVARD SAINT DENI;M;4886970.0;235262.0;750
201800050571;18;6;29;845;1;2;3;1.0;6.0;104;2, AVENUE VICTORIA;M;4885680.0;235104.0;750
201800050577;18;7;4;650;1;2;3;1.0;3.0;104;57, RUE SAINT MARTIN;M;4885900.0;235021.0;750
201800050608;18;9;20;2020;5;2;1;1.0;3.0;104;BOULEVARD DE SEBASTOPOL;M;4886000.0;229000.0;750
201800050609;18;10;4;1835;1;2;2;1.0;1.0;101;BOULEVARD DU PALAIS;M;4886000.0;233300.0;750
201800050612;18;10;10;1235;1;2;1;1.0;6.0;104;RUE DE LA CITE;M;4360853.0;143589.0;750
201800050615;18;10;16;1650;1;2;2;1.0;6.0;104;RUE DES FRANCS BOURGEOIS;M;4885640.0;236420.0;750
201800050619;18;10;29;1410;1;2;3;8.0;6.0;104;RUE DE RIVOLI;M;4885821.0;234905.0;750
201800050624;18;11;16;745;1;2;3;8.0;3.0;104;RUE DE RIVOLI;M;4885692.0;235375.0;750
201800050632;18;12;7;2215;5;2;1;1.0;3.0;103;RUE DES FRANCS BOURGEOIS;M;;;750
201800050634;18;12;12;1530;1;2;1;1.0;6.0;104;RUE SAINT ANTOINE;M;4885498.0;236106.0;750
201800050655;18;1;30;1310;1;2;1;2.0;6.0;105;5, RUE BERTHOLLET;M;4883980.0;234587.0;750
201800050661;18;2;23;1440;1;2;4;1.0;2.0;105;100, RUE MONGE;M;4883980.0;235131.0;750
201800050666;18;3;8;1500;1;2;7;2.0;6.0;105;49, BOULEVARD SAINT MICH;M;4884880.0;234172.0;750
201800050675;18;4;9;1723;1;2;7;2.0;6.0;105;2, PLACE DE LA SORBONNE;M;4884850.0;234280.0;750
201800050684;18;5;3;1915;1;2;2;1.0;6.0;105;10, RUE BUFFON;M;4884120.0;235596.0;750
201800050695;18;6;5;1405;1;2;1;1.0;3.0;105;63, BOULEVARD SAINT MICH;M;4884760.0;234094.0;750
201800050697;18;6;10;1446;1;2;2;1.0;6.0;105;69, BOULEVARD SAINT GERM;M;4885080.0;234548.0;750
201800050701;18;6;19;1905;1;2;2;1.0;3.0;105;17, RUE MONGE;M;4884810.0;235040.0;750
201800050702;18;6;21;851;1;2;2;1.0;3.0;105;55, QUAI DE LA TOURNELLE;M;4885110.0;235127.0;750
201800050706;18;7;5;300;5;2;3;1.0;2.0;105;21, QUAI DE MONTEBELLO;M;4885270.0;234762.0;750
201800050708;18;7;9;1327;1;2;2;1.0;6.0;105;22, BOULEVARD SAINT MICH;M;4885140.0;234314.0;750
201800050713;18;7;25;1050;1;2;3;1.0;2.0;105;RUE DES FOSSES SAINT BER;M;4884890.0;235537.0;750
201800050717;18;8;11;1225;1;2;2;1.0;3.0;105;RUE DU PETIT PONT;M;;;750
201800050719;18;9;3;1140;1;2;2;1.0;3.0;105;BOULEVARD DE PORT ROYAL;M;;;750
201800050722;18;9;9;45;5;2;2;1.0;6.0;105;PONT DE SULLY;M;4884947.0;235682.0;750
201800050728;18;9;18;1656;1;2;4;1.0;3.0;105;RUE MONGE;M;4884831.0;235044.0;750
201800050731;18;10;1;1821;1;2;1;1.0;3.0;105;BOULEVARD DE PORT ROYAL;M;;;750
201800050737;18;10;15;835;1;2;2;1.0;3.0;105;BOULEVARD SAINT GERMAIN;M;4885000.0;234000.0;750
201800050738;18;10;15;1825;1;2;3;1.0;6.0;105;RUE DE LA MONTAGNE SAINT;M;4884000.0;234000.0;750
201800050747;18;11;12;1045;1;2;2;2.0;6.0;105;RUE DES ECOLES;M;4884800.0;235000.0;750
201800050750;18;11;24;1345;1;2;7;1.0;3.0;105;RUE SAINT JACQUES;M;4884940.0;234479.0;750
201800050751;18;11;29;930;1;2;4;8.0;6.0;105;RUE SAINT JACQUES;M;4884400.0;234100.0;750
201800050756;18;1;17;2130;5;2;4;1.0;2.0;106;82, RUE D ASSAS;M;4884430.0;233299.0;750
201800050758;18;1;24;1712;1;2;5;1.0;3.0;106;1, RUE DU CHERCHE MIDI;M;4885210.0;232976.0;750
201800050768;18;3;16;2000;2;2;2;8.0;6.0;106;58, RUE DE VAUGIRARD;M;4884870.0;233263.0;750
201800050772;18;4;9;845;1;2;2;1.0;2.0;106;108, BOULEVARD DU MONTPA;M;4884200.0;232960.0;750
201800050774;18;4;12;930;1;2;2;1.0;3.0;106;112, BOULEVARD RASPAIL;M;4884520.0;232855.0;750
201800050775;18;4;14;1720;1;2;1;1.0;2.0;106;80, RUE DE RENNES;M;4885070.0;233027.0;750
201800050776;18;4;19;930;1;2;1;1.0;3.0;106;03, AVENUE DE L OBSERVAT;M;4884380.0;233751.0;750
201800050778;18;5;8;1530;1;2;1;1.0;2.0;106;119, RUE DE RENNES;M;4884760.0;232746.0;750
201800050781;18;5;24;1752;1;2;3;1.0;3.0;106;9, QUAI MALAQUAIS;M;4885770.0;233536.0;750
201800050794;18;9;4;1110;1;2;7;1.0;2.0;106;PLACE SAINT SULPICE;M;4885100.0;233300.0;750
201800050795;18;9;7;2215;5;2;3;1.0;3.0;106;RUE D ASSAS;M;4884232.0;233490.0;750
201800050801;18;9;20;1050;1;2;2;1.0;3.0;106;RUE DE VAUGIRARD;M;4884600.0;232400.0;750
201800050802;18;9;24;2330;5;2;4;1.0;3.0;106;RUE DE RENNES;M;4884733.0;232682.0;750
201800050804;18;9;27;2102;5;2;4;1.0;3.0;106;RUE HAUTEFEUILLE;M;4885097.0;234100.0;750
201800050811;18;10;25;1408;1;2;2;1.0;3.0;106;RUE DE RENNES;M;4800000.0;232800.0;750
201800050819;18;12;13;1811;5;2;2;1.0;6.0;106;RUE DE VAUGIRARD;M;4884000.0;233000.0;750
201800050821;18;1;12;1600;2;2;5;8.0;3.0;107;52, RUE DU BAC;M;4885600.0;232588.0;750
201800050830;18;2;3;1440;1;2;7;3.0;3.0;107;RUE DE GRENELLE;M;4885840.0;231365.0;750
201800050845;18;3;17;1205;1;2;1;2.0;3.0;107;AVENUE JOSEPH BOUVARD;M;4885720.0;229927.0;750
201800050851;18;3;29;700;2;2;4;1.0;3.0;107;207, BOULEVARD SAINT GER;M;4885630.0;232545.0;750
201800050861;18;4;6;1905;1;2;1;1.0;1.0;107;PORT DU GROS CAILLOU;M;4886300.0;230966.0;750
201800050868;18;4;24;922;1;2;2;7.0;3.0;107;AVENUE DE TOURVILLE;M;4885400.0;230953.0;750
201800050877;18;5;7;2030;2;2;3;1.0;3.0;107;RUE DE VARENNE;M;4885540.0;231803.0;750
201800050885;18;6;12;1415;1;2;2;1.0;3.0;107;200, BOULEVARD SAINT GER;M;4885480.0;232918.0;750
201800050892;18;6;22;910;1;2;3;1.0;3.0;107;109, RUE SAINT DOMINIQUE;M;4885950.0;230628.0;750
201800050893;18;6;22;1115;1;2;3;1.0;3.0;107;QUAI BRANLY;M;4885750.0;229103.0;750
201800050894;18;6;25;1605;1;2;3;1.0;3.0;107;QUAI D ORSAY;M;4886280.0;231163.0;750
201800050901;18;7;5;2205;5;2;3;1.0;3.0;106;RUE DES GRANDS AUGUSTINS;M;4885440.0;234068.0;750
201800050916;18;8;8;1840;1;2;2;1.0;3.0;107;QUAI BRANLY;M;;;750
201800050923;18;9;4;1140;1;2;1;1.0;2.0;107;QUAI ANATOLE FRANCE;M;;;750
201800050925;18;9;7;1700;1;2;2;1.0;3.0;107;AVENUE DU MARECHAL GALLI;M;4886110.0;231316.0;750
201800050931;18;9;26;850;1;2;2;1.0;3.0;107;BOULEVARD SAINT GERMAIN;M;;;750
201800050936;18;10;12;1732;1;2;1;1.0;2.0;107;QUAI D ORSAY;M;4886289.0;231643.0;750
201800050939;18;10;26;1200;1;2;2;1.0;3.0;108;PONT DE LA CONCORDE;M;4800000.0;231997.0;750
201800050940;18;10;26;1355;1;2;2;1.0;3.0;107;RUE DES SAINTS PERES;M;4885257.0;232917.0;750
201800050953;18;12;4;1840;5;2;2;1.0;3.0;107;RUE DES SAINTS PERES;M;4885698.0;233215.0;750
201800050958;18;12;9;1125;1;2;2;2.0;3.0;107;PLACE DE L ECOLE MILITAI;M;;;750
201800050971;18;1;8;935;1;2;1;1.0;3.0;108;PLACE DE LA CONCORDE;M;4886640.0;232347.0;750
201800051017;18;3;16;900;1;2;1;1.0;3.0;108;26, RUE CAMBACERES;M;4887380.0;231770.0;750
201800051056;18;4;25;1330;1;2;2;1.0;2.0;108;6, RUE DU FAUBOURG SAINT;M;4886840.0;232324.0;750
201800051063;18;5;8;1130;1;2;1;1.0;2.0;108;272, RUE DU FAUBOURG SAI;M;4887770.0;229857.0;750
201800051069;18;5;11;1400;1;2;3;1.0;3.0;108;30, AVENUE DE WAGRAM;M;4887670.0;229716.0;750
201800051073;18;5;16;1025;1;2;1;8.0;3.0;108;36, AVENUE GEORGE V;M;4886920.0;230107.0;750
201800051082;18;5;28;1930;2;2;7;3.0;3.0;108;PLACE DE L ALMA;M;4886440.0;230185.0;750
201800051087;18;5;31;1830;1;2;3;1.0;3.0;108;116, AVENUE DES CHAMPS E;M;4887200.0;230045.0;750
201800051093;18;6;5;2020;1;2;7;1.0;2.0;108;PLACE DE RIO DE JANEIRO;M;4887750.0;230971.0;750
201800051096;18;6;8;1101;1;2;3;1.0;3.0;108;100, RUE LA BOETIE;M;4887220.0;230905.0;750
201800051132;18;7;2;1355;1;2;7;1.0;3.0;108;4, PLACE DE LA CONCORDE;M;4886660.0;232190.0;750
201800051135;18;7;4;925;1;2;2;1.0;2.0;108;RUE DE MIROMESNIL;M;4887290.0;231595.0;750
201800051141;18;7;9;1710;1;2;1;1.0;2.0;108;AVENUE DES CHAMPS ELYSEE;M;4886730.0;231523.0;750
201800051151;18;7;19;1515;1;2;1;1.0;2.0;108;AVENUE DES CHAMPS ELYSEE;M;;;750
201800051176;18;8;31;1930;1;2;7;1.0;3.0;108;PLACE DE LA CONCORDE;M;4886625.0;232115.0;750
201800051187;18;9;11;1900;1;2;2;7.0;3.0;108;BOULEVARD HAUSSMANN;M;4887505.0;230903.0;750