Num_Acc;an;mois;jour;hrmn;lum;agg;int;atm;col;com;adr;gps;lat;long;dep
201800054522;18;9;4;1920;1;2;7;1.0;3.0;119;BOULEVARD SERURIER;M;4888994.0;239583.0;750
201800054526;18;9;9;225;5;2;2;1.0;7.0;119;RUE DE BELLEVILLE;M;4887649.0;239278.0;750
201800054531;18;9;15;130;5;2;3;1.0;6.0;119;RUE DE BELLEVILLE;M;4889229.0;237615.0;750
201800054550;18;9;28;845;1;2;4;1.0;7.0;110;RUE DE L AQUEDUC;M;4888050.0;236015.0;750
201800054564;18;10;8;1945;5;2;1;1.0;6.0;119;RUE DE BELLEVILLE;M;4887000.0;237000.0;750
201800054567;18;10;11;1820;2;2;3;1.0;2.0;119;RUE DE MEAUX;M;4888097.0;237357.0;750
201800054571;18;10;16;1820;2;2;2;1.0;3.0;119;RUE DE BELLEVILLE;M;;;750
201800054572;18;10;17;1002;1;2;2;1.0;3.0;119;BOULEVARD DE LA VILLETTE;M;4888000.0;237000.0;750
201800054573;18;10;21;1230;1;2;1;1.0;6.0;119;RUE DE LA VILLETTE;M;;;750
201800054581;18;10;31;1020;1;2;3;1.0;6.0;119;RUE MANIN;M;;;750
201800054582;18;10;31;1715;5;2;3;2.0;6.0;119;AVENUE DE LAUMIERE;M;4888345.0;238106.0;750
201800054613;18;11;30;1900;5;2;7;1.0;3.0;119;PLACE AUGUSTE BARON;M;4890021.0;238875.0;750
201800054627;18;12;10;1500;1;2;2;2.0;3.0;119;RUE DE CRIMEE;M;4889513.0;237224.0;750
201800054633;18;12;14;1450;1;2;3;1.0;6.0;119;RUE MATHIS;M;4889120.0;237367.0;750
201800054634;18;12;16;2310;5;2;5;3.0;3.0;119;BOULEVARD SERURIER;M;4888253.0;240135.0;750
201800054636;18;12;22;1800;5;2;1;8.0;3.0;119;AVENUE DE FLANDRE;M;4888896.0;237439.0;750
201800054639;18;1;11;1515;1;2;3;8.0;3.0;120;101, RUE DE MENILMONTANT;M;4886910.0;239141.0;750
201800054640;18;1;13;2025;5;2;1;1.0;6.0;120;113, RUE DE MENILMONTANT;M;4886930.0;239260.0;750
201800054652;18;1;24;1800;2;2;3;1.0;3.0;120;RUE DES PYRENEES;M;4887110.0;239302.0;750
201800054661;18;2;3;1835;5;2;1;2.0;3.0;120;37, AVENUE GAMBETTA;M;4886430.0;239290.0;750
201800054676;18;3;6;950;1;2;2;1.0;3.0;120;23, AVENUE DE LA PORTE D;M;4884660.0;241598.0;750
201800054677;18;3;7;2040;5;2;3;1.0;6.0;120;42, RUE DE MENILMONTANT;M;4886790.0;238657.0;750
201800054691;18;4;13;855;1;2;2;1.0;3.0;120;110, BOULEVARD DE CHARON;M;4885440.0;239613.0;750
201800054693;18;4;15;120;5;2;1;1.0;6.0;111;25, AVENUE DE LA REPUBLI;M;4886580.0;237168.0;750
201800054698;18;4;20;815;1;2;7;1.0;2.0;120;PLACE GAMBETTA;M;4886490.0;239810.0;750
201800054705;18;4;24;1745;1;2;7;1.0;3.0;120;4, PLACE GAMBETTA;M;4886470.0;239862.0;750
201800054713;18;5;6;1845;1;2;2;1.0;3.0;120;347, RUE DES PYRENEES;M;4887200.0;239184.0;750
201800054721;18;5;18;1;5;2;1;1.0;3.0;120;139, RUE DES PYRENEES;M;4885840.0;240297.0;750
201800054722;18;5;18;1515;1;2;3;1.0;3.0;120;RUE DU COMMANDANT L HERM;M;4884840.0;241633.0;750
201800054725;18;5;19;2050;1;2;3;1.0;3.0;120;27, RUE DES PYRENEES;M;4884940.0;240649.0;750
201800054736;18;6;1;1420;1;2;6;8.0;5.0;120;AVENUE DE LA PORTE DE VI;M;4884700.0;241503.0;750
201800054738;18;6;3;1715;1;2;3;1.0;3.0;120;73, RUE SAINT BLAISE;M;4885670.0;240925.0;750
201800054739;18;6;4;1220;1;2;1;1.0;7.0;120;2, AVENUE DU PROFESSEUR;M;4885510.0;241529.0;750
201800054741;18;6;5;1810;1;2;1;1.0;6.0;120;89, AVENUE GAMBETTA;M;4886590.0;239931.0;750
201800054758;18;7;4;305;5;2;7;1.0;6.0;120;AVENUE DE LA PORTE DE BA;M;4886450.0;240858.0;750
201800054761;18;7;10;1505;1;2;6;1.0;6.0;120;AVENUE DE LA PORTE DE VI;M;4884700.0;241119.0;750
201800054764;18;7;12;2250;5;2;2;1.0;6.0;120;2, BOULEVARD DE BELLEVIL;M;4886710.0;238325.0;750
201800054776;18;7;26;1740;1;2;2;1.0;3.0;120;RUE PELLEPORT;M;4886351.0;240396.0;750
201800054785;18;8;15;1120;1;2;1;1.0;3.0;120;AVENUE DE LA PORTE DE BA;M;4886464.0;240959.0;750
201800054786;18;8;18;1545;1;2;1;7.0;6.0;120;RUE D AVRON;M;;;750
201800054798;18;9;12;2050;5;2;3;1.0;3.0;120;RUE DES FOUGERES;M;4887128.0;241075.0;750
201800054803;18;9;18;1255;1;2;2;1.0;3.0;120;RUE DE BAGNOLET;M;4885759.0;239942.0;750
201800054806;18;9;21;1445;1;2;2;1.0;3.0;120;RUE DE LA REUNION;M;4885399.0;240262.0;750
201800054810;18;9;24;1630;1;2;1;1.0;6.0;120;AVENUE GAMBETTA;M;;;750
201800054813;18;9;29;1942;5;2;2;1.0;3.0;120;RUE DE BELLEVILLE;M;;;750
201800054832;18;10;22;2045;5;2;2;1.0;3.0;120;AVENUE DE LA PORTE DE MO;M;4885350.0;241092.0;750
201800054844;18;11;3;2000;2;2;1;1.0;6.0;120;RUE DE BAGNOLET;M;4885000.0;239000.0;750
201800054846;18;11;6;1030;1;2;2;1.0;3.0;120;RUE DE MENILMONTANT;M;;;750
201800054850;18;11;9;1045;1;2;1;1.0;6.0;120;RUE DE BAGNOLET;M;4885676.0;239584.0;750
201800054872;18;12;30;255;5;2;3;2.0;3.0;120;RUE DE MENILMONTANT;M;4886915.0;239155.0;750
201800054875;18;11;2;1940;5;2;2;1.0;3.0;105;RUE DES ECOLES;M;4884861.0;234852.0;750
201800054879;18;11;14;1927;5;2;2;1.0;6.0;105;PONT DE SULLY;M;4884940.0;236000.0;750
201800054881;18;11;19;2040;5;2;6;1.0;2.0;105;RUE THOUIN;M;;;750
201800054883;18;12;3;923;1;2;3;1.0;1.0;113;BOULEVARD SAINT MARCEL;M;4883705.0;235335.0;750
201800054885;18;12;21;1230;1;2;1;1.0;6.0;105;RUE CENSIER;M;;;750
201800054892;18;1;12;1050;1;2;4;8.0;3.0;105;117, RUE MONGE;M;4883980.0;235131.0;750
201800054907;18;1;24;740;5;2;2;8.0;6.0;116;AVENUE FOCH;M;4887220.0;228466.0;750
201800054913;18;1;30;827;1;2;2;1.0;5.0;106;RUE DE VAUGIRARD;M;4884780.0;232953.0;750
201800054957;18;3;17;1801;5;2;7;4.0;3.0;119;PLACE DE LA BATAILLE DE;M;4888280.0;237033.0;750
201800054972;18;4;12;927;1;2;2;1.0;6.0;102;73, RUE REAUMUR;M;4886690.0;234943.0;750
201800054981;18;4;19;1719;1;2;5;1.0;1.0;119;RUE DE BELLEVILLE;M;4887720.0;240668.0;750
201800054982;18;4;20;924;1;2;5;1.0;3.0;107;QUAI D ORSAY;M;4886270.0;231902.0;750
201800054983;18;4;21;1734;1;2;1;1.0;3.0;119;AVENUE DE LA PORTE DU PR;M;4887970.0;240157.0;750
201800054987;18;4;22;2045;2;2;2;1.0;3.0;116;AVENUE DE L HIPPODROME;M;4885850.0;224489.0;750
201800055017;18;5;20;1350;1;2;1;1.0;6.0;114;AVENUE DE LA PORTE DE MO;M;4882150.0;232162.0;750
201800055024;18;5;28;1136;1;2;1;1.0;6.0;112;308, RUE DE CHARENTON;M;4883480.0;239337.0;750
201800055030;18;6;3;205;5;2;1;1.0;7.0;113;48, BOULEVARD AUGUSTE BL;M;4882990.0;235013.0;750
201800055039;18;6;13;733;1;2;2;1.0;3.0;112;RUE TRAVERSIERE;M;4884470.0;236914.0;750
201800055045;18;6;19;1700;1;2;1;1.0;2.0;116;ROUTE DE SEVRES A NEUILL;M;4885250.0;223682.0;750
201800055047;18;6;21;1720;1;2;2;1.0;6.0;107;AVENUE DE LA MOTTE PICQU;M;4885720.0;230990.0;750
201800055079;18;7;20;1228;1;2;2;8.0;3.0;114;BOULEVARD ROMAIN ROLLAND;M;;;750
201800055101;18;8;24;1750;1;2;2;8.0;3.0;101;RUE DE ROHAN;M;4886326.0;233519.0;750
201800055125;18;9;16;1730;1;2;2;1.0;6.0;115;QUAI ANDRE CITROEN;M;4884617.0;227692.0;750
201800055127;18;9;17;2350;5;2;2;1.0;3.0;105;BOULEVARD DE L HOPITAL;M;4883804.0;236038.0;750
201800055134;18;9;24;902;1;2;1;1.0;3.0;116;QUAI SAINT EXUPERY;M;4883437.0;226174.0;750
201800055135;18;9;25;1235;1;2;1;1.0;2.0;117;BOULEVARD DU FORT DE VAU;M;;;750
201800055139;18;9;27;2125;5;2;1;1.0;3.0;120;RUE DE BELLEVILLE;M;4887530.0;239466.0;750
201800055158;18;10;18;1756;1;2;2;1.0;6.0;103;BOULEVARD DE SEBASTOPOL;M;;;750
201800055197;18;12;2;1835;5;2;3;2.0;6.0;103;RUE SAINT GILLES;M;4885792.0;236602.0;750
201800055200;18;12;5;1430;1;2;2;1.0;3.0;113;RUE NEUVE TOLBIAC;M;;;750
201800055202;18;12;7;2247;5;2;1;1.0;1.0;116;AVENUE DU PRESIDENT WILS;M;;;750
201800055208;18;12;17;1344;1;2;2;1.0;3.0;120;BOULEVARD DE CHARONNE;M;;;750
201800055210;18;12;18;2339;5;2;1;2.0;6.0;120;RUE BISSON;M;;;750
201800055774;18;5;12;2300;5;2;3;1.0;1.0;230;rue joseph lagrosilliere;A;1474361.0;6000000.0;972
201800055781;18;1;24;1635;1;1;1;1.0;7.0;228;rue de la Foret;A;1477475.0;6103479.0;972
201800055809;18;4;14;2355;3;1;1;1.0;7.0;111;RN 02 - Leroux;A;1627461.0;6180399.0;971
201800055817;18;2;25;800;1;1;1;1.0;2.0;107;RN1 coté salée bananier;A;1599464.0;6160910.0;971
201800055819;18;3;23;1930;5;2;3;1.0;3.0;114;Carrefour D6 / D33 Ste C;A;1613455.0;6157209.0;971
201800055832;18;11;21;1430;1;1;4;1.0;3.0;107;Rue de moravie;A;1607401.0;6158682.0;971
201800055903;18;7;19;1548;1;2;3;1.0;3.0;117;intersection route de bo;A;1629289.0;6134836.0;971
201800055930;18;7;14;920;1;1;1;1.0;5.0;125;D118 lieu-dit LA COULEE;A;1625773.0;6127312.0;971
201800055931;18;7;15;815;1;1;1;1.0;2.0;125;RD 118;A;1625871.0;6126315.0;971
201800055933;18;8;5;1640;1;2;1;1.0;3.0;125;Avenue Mahatma GhHANDI e;A;1625065.0;6127994.0;971
201800055934;18;8;16;1645;1;2;6;1.0;3.0;125;carrefour av Luther King;A;1625698.0;6127531.0;971
201800055941;18;1;6;1855;3;2;1;1.0;1.0;128;RD114, section Douville;A;1626305.0;6137457.0;971
201800056000;18;6;25;755;1;2;1;1.0;3.0;304;AVENUE DE PARIACABO;G;515573.0;5265920.0;973
201800056001;18;7;3;1030;1;2;1;1.0;1.0;304;chemin départementale n°;G;517468.0;5265273.0;973
201800056010;18;1;28;1030;1;2;1;1.0;3.0;312;32 rue Elie Castor;G;537744.0;5295511.0;973
201800056016;18;5;31;720;1;2;1;2.0;3.0;308;rue henri Sulny;G;389401.0;5180280.0;973
201800056019;18;2;8;1245;1;2;1;1.0;1.0;311;avenue Paul Castaing;G;549136.0;5401888.0;973
201800056068;18;12;1;638;1;2;6;1.0;1.0;418;Rond Point de Gillot;R;2089755.0;5551107.0;974
201800056082;18;11;2;1640;1;1;1;1.0;3.0;402;RN2 - Paniandy;R;2099039.0;5566199.0;974
201800056085;18;1;14;1630;1;1;1;1.0;2.0;419;466 Route Nationale 2;R;2118066.0;5582655.0;974
201800056087;18;5;30;1715;1;2;9;2.0;3.0;419;Route Nationale 2;R;2112825.0;5579380.0;974
201800056096;18;10;18;645;1;2;1;1.0;6.0;421;Impasse du Piton;R;2103361.0;5550660.0;974
201800056117;18;1;28;2210;3;2;4;1.0;1.0;415;allée des perdrix - BOUC;R;2102931.0;5522698.0;974
201800056121;18;4;11;930;1;2;1;1.0;3.0;415;RN 1A - voie de contourn;R;2105996.0;5522430.0;974
201800056144;18;10;6;1520;1;2;3;1.0;3.0;424;19 chemin des Filaos;R;2113836.0;5546734.0;974
201800056152;18;6;16;1715;2;2;1;1.0;3.0;422;RN3 PK 22;R;2122395.0;5555212.0;974
201800056208;18;8;20;2330;3;1;9;3.0;1.0;103;RN 1 au niveau bamy pneu;A;1625311.0;6157294.0;971
201800056227;18;1;9;1030;1;1;1;1.0;6.0;606;village de Poroani;Y;1291267.0;4515858.0;976
201800056232;18;7;22;750;1;1;1;1.0;4.0;603;Bambo Est;Y;1292480.0;4518064.0;976
201800056239;18;1;8;730;1;2;1;1.0;2.0;309;route de REMIRE;G;489943.0;5227380.0;973
201800056243;18;3;3;1740;3;1;1;2.0;6.0;309;la matourienne;G;487992.0;5229444.0;973
201800056245;18;4;1;1745;2;2;1;1.0;1.0;309;route de Montjoly;G;492075.0;5227987.0;973
201800056248;18;5;11;1715;1;2;1;8.0;5.0;309;face au 140 route de Rém;G;488789.0;5227604.0;973
201800056249;18;5;19;530;3;1;1;1.0;2.0;309;D25(exRN4);G;488248.0;5229189.0;973
201800056250;18;5;21;1845;3;1;1;1.0;6.0;309;RD2;G;488949.0;5227559.0;973
201800056265;18;9;20;830;1;1;3;1.0;3.0;309;Route attila cabassou;G;488563.0;5229661.0;973
201800056267;18;9;27;1640;1;2;3;1.0;6.0;309;Avenue Sainte Rita;G;491609.0;5227037.0;973
201800056270;18;10;12;1730;1;1;1;1.0;2.0;309;Avenue Léon GONTRAN DAMA;G;488587.0;5228568.0;973
201800056293;18;3;13;1525;1;1;3;1.0;3.0;307;ZI LARIVOT;G;489505.0;5233070.0;973
201800056317;18;8;30;2225;3;1;1;1.0;2.0;307;départementale n°6;G;477029.0;5233915.0;973
201800056320;18;9;23;630;2;2;3;1.0;6.0;307;Croisement Rue Débote et;G;488628.0;5234275.0;973
201800056322;18;10;5;1740;1;2;3;1.0;1.0;307;route nationale 2;G;483145.0;5233957.0;973
201800056352;18;8;3;1015;1;1;1;1.0;2.0;413;RN1 A - Le Souffleur;R;2122660.0;5529315.0;974
201800056353;18;9;25;1615;1;1;1;1.0;3.0;413;CD 3 - PK 129 + 600 - RA;R;2116611.0;5533335.0;974
201800056355;18;11;30;1845;2;2;1;1.0;7.0;413;17 chemin Paul et Pierre;R;2119145.0;5530183.0;974
201800056364;18;10;27;920;1;1;1;1.0;1.0;109;D6 RIVIÈRE SENS;A;1596185.0;6170769.0;971
201800056369;18;3;7;1910;5;2;6;1.0;5.0;414;CD20;R;2127922.0;5541315.0;974
201800056372;18;4;19;1720;1;2;1;1.0;3.0;414;29 Rue Georges Paulin;R;2126578.0;5543744.0;974
201800056383;18;10;10;1525;1;2;2;1.0;3.0;414;Inter rue de Chine/Av;R;2128995.0;5540637.0;974
201800056387;18;12;17;1700;1;2;1;1.0;1.0;414;Chemin La Ouette;R;2127220.0;5543647.0;974
201800056392;18;7;27;2345;3;1;1;1.0;2.0;410;Ravine sèche;R;2105327.0;5572698.0;974
201800056438;18;4;7;905;1;1;6;1.0;3.0;210;N6 GIRATOIRE 4 CROISÉES;A;1460068.0;6000000.0;972
201800056451;18;4;28;655;1;1;1;1.0;2.0;231;lieu dit CHATEAU GAILLAR;A;1452842.0;6100291.0;972
201800056456;18;7;3;1745;1;1;3;1.0;2.0;206;MORNE BLANC;A;1449029.0;6104334.0;972
201800056490;18;12;16;1450;1;2;3;1.0;3.0;222;Intersection Route de po;A;1468051.0;6000000.0;972
201800056511;18;10;7;830;1;2;1;1.0;6.0;412;Rue Jean de Cambiaire;R;2135931.0;5559904.0;974
201800056512;18;10;27;1000;1;2;1;1.0;1.0;412;RN2 - Langevin;R;2138156.0;5564849.0;974
201800056520;18;5;2;1700;1;1;3;1.0;3.0;422;Impasse Georges Simenon;R;2128173.0;5552696.0;974
201800056524;18;7;2;1900;3;2;1;1.0;7.0;422;Rue Emile Zola;R;2124178.0;5549163.0;974
201800056555;18;3;21;940;1;2;3;1.0;3.0;107;GERMAIN ST RUF (AVENUE );A;1605113.0;6156250.0;971
201800056561;18;9;10;855;1;2;3;1.0;3.0;107;FLAMBOYANTS ( ALLEE DES;A;1604999.0;6156070.0;971
201800056582;18;3;6;1830;5;1;1;1.0;2.0;101;129, PETIT PEROU;A;;;971
201800056585;18;3;15;1050;1;1;4;1.0;2.0;101;5, RN5-BOISRIPEAUX;A;;;971
201800056602;18;4;28;1920;3;1;4;1.0;5.0;101;DUGAZON;A;1625890.0;6150700.0;971
201800056619;18;5;26;1500;1;1;1;1.0;4.0;101;PETIT PEROU;A;1625400.0;6151394.0;971
201800056624;18;6;14;1555;1;1;1;1.0;3.0;101;RN11;A;1626425.0;6151114.0;971
201800056629;18;6;27;620;1;1;1;2.0;3.0;113;GRAND BAIE ( RN4);A;1621803.0;6150912.0;971
201800056652;18;10;24;1840;5;2;3;1.0;3.0;101;Frédéric JALTON;A;1627429.0;6150410.0;971
201800056662;18;12;16;2330;3;1;3;1.0;3.0;113;PETIT HAVRE (SECTEUR);A;1620970.0;6142572.0;971
201800056674;18;1;26;2135;5;1;1;1.0;3.0;209;20, GRAND MOUN ( RUE DU);A;1462148.0;6103857.0;972
201800056717;18;8;4;2000;5;2;1;3.0;1.0;209;BALATA (ROUTE DE);A;1465116.0;6108607.0;972
201800056784;18;4;11;1730;1;1;1;1.0;3.0;213;PELLETIER (ROUTE DE);A;1465678.0;6000000.0;972
201800056828;18;1;17;1445;1;2;6;1.0;3.0;302;N1/Rue de la détente;G;489660.0;5232847.0;973
201800056842;18;1;29;1645;1;2;3;1.0;3.0;302;EBOUE (ROCADE FELIX);G;492729.0;5231966.0;973
201800056843;18;6;3;530;2;2;1;1.0;2.0;302;ESTREES (AVENUE D');G;494071.0;5232410.0;973
201800056850;18;2;19;1945;5;2;2;1.0;3.0;302;ZEPHIR (ROCADE);G;494431.0;5230985.0;973
201800056854;18;2;27;2100;5;2;1;1.0;3.0;302;ZEPHIR (ROCADE);G;493651.0;5230726.0;973
201800056856;18;3;2;2011;1;1;3;1.0;3.0;302;MADELEINE (ROUTE DE LA);G;492569.0;5232426.0;973
201800056878;18;3;26;630;2;2;1;1.0;6.0;302;ZEPHIR (ROCADE);G;493470.0;5230850.0;973
201800056885;18;3;28;1150;1;2;1;1.0;6.0;302;rue paul ophion;G;493410.0;5231707.0;973
201800056895;18;4;6;2330;5;2;6;2.0;2.0;302;GALMOT (ROND-POINT);G;493156.0;5232999.0;973
201800056917;18;4;25;2200;4;2;2;1.0;3.0;302;CESAIRE (CITE);G;493048.0;5232229.0;973
201800056928;18;4;30;1905;5;2;1;1.0;3.0;302;MADELEINE (ROUTE DE LA);G;491900.0;5232169.0;973
201800056933;18;5;8;1552;1;2;9;1.0;2.0;302;BONHOMME (CITE);G;492056.0;5231857.0;973
201800056934;18;5;7;1158;1;2;1;1.0;3.0;302;GALMOT (AVENUE);G;493166.0;5232930.0;973
201800056936;18;5;13;1410;1;2;9;2.0;6.0;302;COULEE D'OR (CITE);G;494143.0;5230694.0;973
201800056939;18;5;15;1000;1;2;1;1.0;6.0;302;BADUEL (ROUTE DE);G;493817.0;5231677.0;973
201800056941;18;5;14;1620;1;2;1;1.0;1.0;302;BADUEL (ROUTE DE);G;493180.0;5230710.0;973
201800056952;18;4;26;1800;2;2;1;1.0;3.0;302;EAU-LISETTE (CITE);G;492891.0;5232005.0;973
201800056958;18;5;24;1015;1;2;1;1.0;6.0;302;14 ET 22 JUIN 1962;G;493419.0;5232720.0;973
201800056963;18;5;27;2026;5;2;1;1.0;3.0;302;MANGO (ROUTE);G;492821.0;5231410.0;973
201800056964;18;5;27;2041;5;2;1;1.0;6.0;302;CABASSOU (ROUTE DE);G;492011.0;5231930.0;973
201800057010;18;8;8;1100;1;1;1;1.0;3.0;302;FELIX EBOUE(ROCADE);G;491775.0;5231362.0;973
201800057025;18;8;22;1935;3;2;1;1.0;3.0;302;FELIX EBOUE(ROCADE);G;493018.0;5231432.0;973
201800057040;18;9;10;1720;1;1;9;1.0;3.0;302;ROUTE NATIONALE 1;G;492686.0;5232888.0;973
201800057042;18;9;12;725;1;2;1;1.0;3.0;302;BADUEL (ROUTE DE);G;493197.0;5230768.0;973
201800057045;18;9;19;2030;5;2;6;1.0;6.0;302;PETIT MONACO (ROND-POINT;G;494129.0;5232137.0;973
201800057064;18;10;9;1400;1;2;1;1.0;3.0;302;UNIVERSITE CHICAGO (RUE;G;493718.0;5230260.0;973
201800057089;18;10;29;1650;1;2;1;1.0;6.0;302;FLAMBOYANTS (RUE DES);G;492550.0;5231610.0;973
201800057097;18;11;7;650;1;2;1;1.0;6.0;302;ZEPHIR (ROCADE);G;493831.0;5229944.0;973
201800057108;18;11;14;1318;1;2;9;1.0;3.0;302;BRUTUS (CITE);G;493730.0;5232160.0;973
201800057116;18;11;22;2035;5;2;2;1.0;3.0;302;ARAGO (FRANCOIS);G;493677.0;5233127.0;973
201800057119;18;11;25;230;5;2;2;1.0;2.0;302;BADUEL (ROUTE DE);G;492949.0;5231511.0;973
201800057121;18;11;30;1103;1;2;1;1.0;6.0;302;RABAN (ROUTE DE);G;493235.0;5231270.0;973
201800057130;18;12;10;755;1;2;1;1.0;3.0;302;TROUBIRAN (CHEMIN DE);G;491753.0;5230797.0;973
201800057152;18;12;27;2120;5;2;1;1.0;3.0;302;BRUTUS (CITE);G;493634.0;5231920.0;973
201800057154;18;1;8;1840;1;2;1;1.0;1.0;407;Rue Simon Pernic;R;2095033.0;5530675.0;974
201800057168;18;3;6;2000;5;2;6;2.0;3.0;407;ROUTE DU SACRE COEUR;R;;;974
201800057183;18;5;9;1000;1;2;2;1.0;3.0;407;Rue du général de Gaulle;R;2094171.0;5529628.0;974
201800057190;18;6;8;1915;5;2;7;1.0;3.0;407;Av Commune de Paris;R;2093578.0;5529130.0;974
201800057196;18;7;6;1015;1;2;1;1.0;3.0;407;Bd Compagnie des Indes;R;2094487.0;5531693.0;974
201800057202;18;7;30;1500;1;2;2;1.0;3.0;407;ROUTE DU SACRE COEUR;R;2095800.0;5531730.0;974
201800057205;18;8;7;1150;1;2;1;1.0;3.0;407;Bd Compagnie des Indes;R;2094496.0;5532059.0;974
201800057206;18;8;21;1725;1;2;1;1.0;3.0;407;Avenue Commune de Paris;R;2093899.0;5529083.0;974
201800057211;18;9;5;830;1;2;1;1.0;6.0;407;Bd des Mascareignes;R;2093438.0;5530870.0;974
201800057219;18;9;8;2115;3;2;1;1.0;2.0;407;Av Compagnie des Indes;R;2094473.0;5531709.0;974
201800057225;18;10;30;800;1;2;9;7.0;3.0;407;Route du Sacré Coeur;R;2095414.0;5530891.0;974
201800057226;18;11;1;1800;1;2;6;1.0;3.0;407;Av du 14 juillet 1789;R;2093154.0;5529667.0;974
201800057230;18;11;30;1435;1;2;6;1.0;3.0;407;Rue Guyanne;R;2094607.0;5529667.0;974
201800057233;18;12;6;1650;1;2;1;1.0;2.0;407;Avenue du 28 nov 1942;R;2093040.0;5529340.0;974
201800057244;18;2;12;1730;1;2;1;1.0;2.0;409;275, Bretelle sortie RN2;R;2096886.0;5565545.0;974
201800057245;18;1;30;1030;1;1;1;1.0;6.0;409;1, Chemin Grand Canal;R;2095818.0;5568823.0;974
201800057253;18;5;25;1830;5;2;1;1.0;3.0;409;D58 - Chemin Lefaguyes;R;2095067.0;5567508.0;974
201800057256;18;6;6;1450;1;2;1;2.0;2.0;409;Rue du Lycée;R;2096603.0;5565168.0;974
201800057264;18;7;28;900;1;2;1;1.0;3.0;409;Avenue des Mascareignes;R;2093552.0;5564653.0;974
201800057268;18;8;9;1800;1;2;1;1.0;2.0;409;Avenue Ile de France;R;2095095.0;5564870.0;974
201800057288;18;2;16;1135;1;1;1;1.0;5.0;411;33, VIGIE (CHEMIN DE LA);R;;;974
201800057310;18;4;19;700;1;2;2;1.0;3.0;411;Rue du Général de Gaulle;R;2087999.0;5545070.0;974
201800057323;18;5;24;1430;1;1;2;1.0;3.0;411;Av LATTRE DE TASSIGNY;R;2088828.0;5547420.0;974
201800057326;18;6;3;1740;2;2;7;2.0;3.0;411;Route de Moufia;R;2089677.0;5549177.0;974
201800057335;18;7;16;1750;2;1;1;1.0;1.0;411;Rue Lacroix;R;2089406.0;5548332.0;974
201800057365;18;9;27;1810;5;2;2;1.0;3.0;411;Avenue Stanislas Gimart;R;2088905.0;5547581.0;974
201800057389;18;12;10;800;1;2;1;1.0;1.0;411;Boulevard du Chaudron;R;2089571.0;5549492.0;974
201800057403;18;2;16;1910;5;2;6;1.0;3.0;416;59, MOY DE LA CROIX (AVE;R;;;974
201800057415;18;2;25;800;1;2;3;1.0;3.0;416;66 Bd Hubert Delisle;R;2134127.0;5546277.0;974
201800057420;18;3;8;1910;2;2;1;1.0;3.0;416;Rue Hippolyte Piot;R;2129654.0;5545071.0;974
201800057454;18;5;13;1915;3;1;1;1.0;1.0;416;Chemin Château d'eau;R;2132636.0;5547439.0;974
201800057473;18;6;16;1120;1;1;9;1.0;2.0;416;Route Nationale 1;R;2130330.0;5542670.0;974
201800057492;18;7;17;1400;1;1;1;2.0;1.0;416;Echangeur Mon Caprice;R;2120770.0;5549910.0;974
201800057495;18;7;28;741;1;1;3;1.0;1.0;416;Ligne Cambrai;R;2128918.0;5547509.0;974
201800057508;18;9;8;1905;5;2;1;1.0;6.0;416;EUGENE DAYOT(RUE);R;2132700.0;5548011.0;974
201800057521;18;9;27;800;1;1;1;1.0;3.0;416;Avenue Laurent Vergès;R;2129643.0;5546052.0;974
201800057523;18;10;8;1350;1;1;9;1.0;2.0;416;Rue du Pére Favron;R;2132794.0;5547063.0;974
201800057544;18;11;10;1320;1;2;1;1.0;1.0;416;Av du Général de Gaulle;R;2135725.0;5551903.0;974
201800057547;18;11;14;1735;1;2;1;1.0;2.0;416;Rue Marius et Leblond;R;2133716.0;5547291.0;974
201800057553;18;12;5;1230;1;1;3;1.0;3.0;416;Rte ancienne RN1;R;2132733.0;5545011.0;974
201800057561;18;11;23;1200;1;1;9;1.0;2.0;416;Ligne des bambous;R;2129950.0;5549073.0;974
201800057582;18;3;21;1810;2;2;9;1.0;2.0;611;1, kaweni-Kaweni nord (;Y;1276833.0;4522532.0;976
201800057587;18;3;31;1740;2;2;1;1.0;3.0;611;1, cavani-Kavani sud ( r;Y;1278604.0;4522107.0;976
201800057593;18;4;29;600;1;2;1;1.0;6.0;611;tsoundzou-Kwal ( route;Y;1280377.0;4521195.0;976
201800057611;18;5;5;1720;2;2;9;1.0;7.0;611;tsoundzou-Cadjifouteni (;Y;1280618.0;4520686.0;976
201800057630;18;6;3;1135;1;2;9;1.0;3.0;611;doujani-Mosque de douja;Y;1279413.0;4521504.0;976
201800057676;18;7;31;1100;1;2;1;1.0;6.0;611;kaweni-Kakal (rue);Y;1277302.0;4522106.0;976
201800057718;18;9;15;2055;4;2;1;1.0;6.0;611;doujani-Mosque doujani;Y;1279521.0;4521407.0;976
201800057777;18;11;26;1845;5;2;1;1.0;6.0;611;mamoudzou centre-RP Pass;Y;1277882.0;4523105.0;976